Actual_NDVI,Predicted_NDVI,Error_Value,District_Encoded
-0.1355175843661934,0.47757859904669525,-0.6130961834128886,0.37639671875
-0.912554394743186,-0.992674146860607,0.08011975211742095,0.3672524791666667
-0.2907921251024896,-0.4648278386287037,0.1740357135262141,0.3330391923076923
-0.913160199181932,-1.156707947379409,0.24354774819747704,0.5528236513157895
0.0759730137552741,0.06522350824807849,0.010749505507195611,0.2853974074074074
-0.1843479096931292,-0.5421874623029898,0.35783955260986056,0.3989209285714286
2.1651726457947125,1.0356431511749884,1.129529494619724,0.4581912866666666
1.0381893566766365,0.1473158093959015,0.890873547280735,0.4056208709677419
-0.4509822163280195,-1.1772044897937046,0.7262222734656851,0.5528236513157895
-0.774786123574644,2.283827617286802,-3.058613740861446,0.37639671875
1.7594629489271612,0.5448296258451079,1.2146333230820532,0.3913449937106918
-1.1769257851163009,-0.8204145166092914,-0.3565112685070094,0.3425733024691358
2.132989663924855,0.07848675394545815,2.0545029099793966,0.3448446496815286
0.4327600092259846,-0.6797668476923528,1.1125268569183375,0.3427241592356688
-0.7555354868847123,-0.4625891215986937,-0.2929463652860186,0.4077540532544379
0.7296311254924485,0.013914679325969358,0.7157164461664791,0.4077540532544379
2.1651726457947125,1.536133910283138,0.6290387355115745,0.4581912866666666
-0.8283402204472159,-0.9290480206194551,0.10070780017223924,0.37639671875
-0.4100381562770446,0.16492849778820454,-0.5749666540652492,0.345568697368421
-0.0454878994102841,0.3481863679630628,-0.3936742673733469,0.4489242193548386
0.531086451494901,0.5618896284142,-0.030803176919299013,0.1728005125
-0.763112547042806,0.27171334368064276,-1.0348258907234487,0.3993076298701298
0.4096142307880102,0.35900500248182504,0.05060922830618514,0.3691574802631578
-0.1846368898340309,-0.3905168237911323,0.20587993395710139,0.3978908843930636
-0.8907427263203418,0.11337645044248666,-1.0041191767628284,0.451932013245033
0.0032029987263234,0.031914618475508444,-0.028711619749185045,0.3571249225352113
0.2320762853130246,1.01101868210184,-0.7789423967888155,0.3999173558282208
-1.1524717872959886,-0.7178218855064493,-0.43464990178953933,0.345568697368421
-0.7446622011746922,-0.49094261676668627,-0.2537195844080059,0.3794539181286549
0.0388460321360258,-0.3576834623319581,0.39652949446798386,0.3234683624161074
2.1651726457947125,1.9921082821567437,0.17306436363796873,0.32182454
0.3983425350985436,0.15931087137696417,0.23903166372157944,0.38214178
2.1651726457947125,0.8182110587203526,1.3469615870743599,0.3425733024691358
-1.0022967028662932,0.03758898377071624,-1.0398856866370094,0.4108178661971831
-0.6074175984803808,-0.2680952597588546,-0.3393223387215262,0.3330391923076923
-0.7421034256413411,-0.38712017986880093,-0.3549832457725402,0.4509778670886076
-0.4149829082085065,-0.391936389867648,-0.02304651834085847,0.2730334219653179
-0.4299258050629774,0.07060398750473042,-0.5005297925677078,0.451932013245033
-0.3631674763544619,-0.26440588954206207,-0.09876158681239983,0.3972289517241379
0.0322865457122644,-0.5130077611062631,0.5452943068185275,0.4108178661971831
0.2593350410715012,0.5104689239391652,-0.251133882867664,0.2853974074074074
-0.5528464995496782,-0.6348831346508876,0.0820366351012094,0.5642011216216216
2.1651726457947125,2.075209529871978,0.08996311592273454,0.2308548911564625
-0.8639674814571032,-0.9457615803991661,0.08179409894206291,0.4236190132450331
-0.7902312171730839,-0.40141900682820136,-0.3888122103448825,0.3960697315436241
-0.3552540534876407,-0.6068330511675473,0.25157899767990655,0.5642011216216216
-0.7430141422781213,-0.11927410591882133,-0.6237400363593,0.3841937837837837
-1.1278097455716112,-1.2440157051013607,0.11620595952974955,0.3330391923076923
-0.844755927135346,-0.13876090924513124,-0.7059950178902148,0.4050421041666666
2.1651726457947125,1.6496025848507179,0.5155700609439946,0.3924679037433155
2.1651726457947125,0.8512000330311378,1.3139726127635747,0.4770338545454546
-0.6391367530134013,-0.34285369801480337,-0.29628305499859797,0.4770338545454546
-0.743207039219114,-0.13446145714490398,-0.60874558207421,0.5263955251396648
0.2180650035647062,0.8572112402727028,-0.6391462367079965,0.451932013245033
1.497604075063374,0.7357605994003283,0.7618434756630456,0.3801381595092024
0.0636128529169439,0.03270299254071434,0.030909860376229552,0.3581031125827814
-0.3650098802006992,-0.2697271515605744,-0.09528272864012477,0.3801381595092024
2.1651726457947125,0.7454917491008755,1.419680896693837,0.3978908843930636
-1.1427773838827426,-0.9829509687246886,-0.15982641515805407,0.4707778461538461
-0.2907921251024896,-0.20040646792212358,-0.09038565718036601,0.4151807791411043
0.6657545868026877,0.25930887636093314,0.4064457104417546,0.4056208709677419
-0.8182086027990958,-0.39201748520373914,-0.42619111759535666,0.3672524791666667
-0.2505629907108145,0.5781269233235677,-0.8286899140343822,0.5263955251396648
-0.4761418004488138,-0.06665890251778817,-0.40948289793102566,0.2560125510204081
-0.2435352408637254,0.6069197247739202,-0.8504549656376457,0.5263955251396648
-0.1791903389152918,0.49425329008440433,-0.6734436289996961,0.5528236513157895
2.1651726457947125,-0.12581714784886638,2.290989793643579,0.3913449937106918
-0.1110105581308292,0.7894203864631097,-0.9004309445939389,0.4509778670886076
-0.2907921251024896,-0.22752693528472268,-0.06326518981776691,0.1728005125
-1.2287884110395322,-0.7995552908188612,-0.42923312022067095,0.3683428963414634
2.1651726457947125,2.1915422981678305,-0.026369652373118058,0.4103113666666667
2.1651726457947125,1.154915923930933,1.0102567218637795,0.4077540532544379
-0.1778545166447614,-0.06312983096693753,-0.11472468567782387,0.4108178661971831
-1.093797649494905,-1.1649908860916718,0.07119323659676668,0.3989209285714286
-0.514712424926458,-0.4593378727111444,-0.055374552215313566,0.4056208709677419
-0.3327819441488346,0.744224407117261,-1.0770063512660957,0.2730334219653179
-0.1477253675475633,-0.5256249931036481,0.3778996255560848,0.38214178
-0.6681540624173395,0.2575352657480799,-0.9256893281654195,0.3385222580645161
-0.6307603417534827,-0.5686075104194783,-0.0621528313340044,0.4077540532544379
-0.3567822865961151,0.29885275992739063,-0.6556350465235057,0.3234683624161074
-0.2907921251024896,-0.030654562097441322,-0.26013756300504826,0.3683428963414634
-0.2907921251024896,-0.22452968706986515,-0.06626243803262444,0.3754729428571428
0.2494814482198615,1.3963660719732724,-1.146884623753411,0.3754729428571428
-0.5319593884287387,-0.27509484091811875,-0.25686454751061993,0.5528236513157895
-0.2907921251024896,-0.16095247030617205,-0.12983965479631754,0.4270410310559006
0.4800478788695096,0.3443083219107141,0.13573955695879553,0.3691574802631578
1.8005954248175935,0.867822443918344,0.9327729808992495,0.4236190132450331
-1.0863851889397065,-1.1860222497218729,0.09963706078216639,0.3978908843930636
-0.2807273179010897,-0.3136094326368307,0.03288211473574104,0.3581031125827814
0.2215098086725928,-0.03698048499799464,0.2584902936705874,0.3978908843930636
2.1651726457947125,-0.029614269295798114,2.1947869150905106,0.4770338545454546
-0.8266591521031168,-0.3938902467763424,-0.4327689053267744,0.4108178661971831
-0.5618427108167208,-0.5749199112399487,0.013077200423227908,0.3448446496815286
-0.0734797995899991,1.4336091163015652,-1.5070889158915644,0.4103113666666667
0.3099223642764398,-0.3293549823073937,0.6392773465838335,0.3691574802631578
-0.8050355100826503,-0.9029932974030541,0.09795778732040383,0.4489242193548386
-0.5095571313452982,-0.46069051832963165,-0.04886661301566658,0.2308548911564625
-0.5138519088289668,-0.03499244911620231,-0.4788594597127645,0.1728005125
-1.1280534524832864,-0.9333385528749116,-0.19471489960837474,0.4103113666666667
-1.087877402366916,-1.0286478748450607,-0.059229527521855285,0.3978908843930636
2.1651726457947125,2.2748105606949203,-0.1096379149002078,0.3425733024691358
0.2320634675640138,-0.3722718716575579,0.6043353392215717,0.4142846265822784
0.1725482905904276,0.24447211496038107,-0.07192382436995348,0.3062974840764331
2.1651726457947125,0.27021642017867775,1.8949562256160348,0.4707778461538461
-0.3766275025872371,1.1622420794769304,-1.5388695820641676,0.3999173558282208
0.495646727614967,0.10666438747307812,0.38898234014188887,0.4489242193548386
-0.2907921251024896,-0.1820710723480078,-0.1087210527544818,0.4142846265822784
0.8600035328999297,-0.2536694378634203,1.11367297076335,0.32182454
-0.8594258491978686,-0.7993497309448345,-0.06007611825303405,0.3999173558282208
-0.3116192272576698,-0.30686935208530236,-0.004749875172367413,0.2308548911564625
0.8632146611016127,0.7323960759514639,0.13081858515014877,0.3924679037433155
-0.0065613714359971,0.5941635384613465,-0.6007249098973436,0.4108178661971831
2.1651726457947125,0.7793446296907929,1.3858280161039196,0.4077540532544379
0.4262722628171868,0.6082668607082778,-0.18199459789109107,0.4095118375
0.0481203236636294,-0.223923940955623,0.2720442646192524,0.3794539181286549
-0.6544981576530711,-0.7227809586950961,0.068282801042025,0.4707778461538461
-1.1424700578086897,-1.0449035885659412,-0.09756646924274848,0.3336369019607843
-0.9234678817695884,0.42271973494253257,-1.346187616712121,0.3425733024691358
-1.1166667638683805,-1.2188126356809725,0.10214587181259205,0.2308548911564625
-0.2907921251024896,-0.6576797151169744,0.36688759001448484,0.4151807791411043
0.4434965795430424,0.7214314779285839,-0.2779348983855415,0.345568697368421
-1.11304632723313,-0.9942695527414742,-0.11877677449165569,0.4103113666666667
0.010684605201822,0.12335186117498263,-0.11266725597316063,0.4095118375
-0.5098853364762957,0.790634741730459,-1.3005200782067547,0.3448446496815286
-0.6069293529335256,0.16330649745608944,-0.770235850389615,0.5642011216216216
-0.8302331338469052,-0.7309739246341512,-0.099259209212754,0.2308548911564625
-0.7608671510917263,-0.7211713382615124,-0.03969581283021395,0.3496421194968553
0.0952601279824554,-0.5457637618202873,0.6410238898027427,0.4151807791411043
-1.108983572835635,-0.9758461029198942,-0.13313746991574082,0.3581031125827814
2.1651726457947125,1.0442533429003242,1.1209193028943882,0.4577306518518518
-0.0808734788586312,0.42866420145636625,-0.5095376803149975,0.3960697315436241
0.6217168845462718,-0.5501494144358964,1.1718662989821682,0.3608544807692307
2.1651726457947125,1.592493552824221,0.5726790929704915,0.3385222580645161
-0.66146015285183,-0.46518083253429926,-0.19627932031753076,0.4108178661971831
0.4229538159775672,0.46357949548379024,-0.040625679506223034,0.3683428963414634
-0.9056330689776492,0.2111175082834399,-1.116750577261089,0.3385222580645161
0.7510854043774636,0.6625054558332808,0.08857994854418283,0.2560125510204081
-0.6954171697291058,0.2477409815269923,-0.9431581512560981,0.3385222580645161
1.3828191403222616,1.1958841004764065,0.18693503984585513,0.4236190132450331
-0.2907921251024896,-0.5471644221524907,0.25637229705000114,0.3608544807692307
-0.8823901392600437,-0.4082001832999357,-0.47418995596010804,0.2560125510204081
-0.2907921251024896,-0.0991429806186324,-0.19164914448385717,0.3691574802631578
-0.2907921251024896,-0.5259673319765796,0.23517520687409005,0.3330391923076923
2.1651726457947125,1.0752613739975077,1.0899112717972048,0.5642011216216216
-0.4289023275734446,-0.23305179010092644,-0.19585053747251815,0.3924679037433155
0.2145562135088304,0.45326688482570965,-0.23871067131687926,0.3425733024691358
2.1651726457947125,1.1711957263006094,0.993976919494103,0.1728005125
0.3408857133496045,1.0250213279692955,-0.684135614619691,0.4103113666666667
0.1943031289316713,-0.45301876765795757,0.6473218965896288,0.3608544807692307
-0.9903298865521688,-0.5101015672359961,-0.4802283193161727,0.2560125510204081
0.573771801203928,0.7955152063887989,-0.2217434051848709,0.3913449937106918
0.3965359317316016,0.5685853342681517,-0.1720494025365501,0.3999173558282208
-0.3328412312892028,-0.36356736719574423,0.03072613590654144,0.4581912866666666
-0.2907921251024896,-0.06614996714558219,-0.2246421579569074,0.3330391923076923
-0.5221448098036889,0.958735921248487,-1.480880731052176,0.3330391923076923
-0.104756496947847,-0.5133932410343126,0.4086367440864656,0.3571249225352113
2.1651726457947125,1.3635148079808657,0.8016578378138468,0.3496421194968553
1.0526758039569328,0.5264259131500737,0.5262498908068591,0.5642011216216216
-0.373238045085313,-0.5351379720967137,0.16189992701140066,0.3859531132075471
0.2250406120258595,0.31912851669686537,-0.09408790467100586,0.3978908843930636
-0.2907921251024896,-0.6588963844806268,0.36810425937813723,0.5642011216216216
-0.2240520076286444,-0.42238962391067436,0.19833761628202995,0.3913449937106918
-1.1069817248124054,-1.1496444717041168,0.042662746891711345,0.3754729428571428
0.4747480122198644,-0.4662939761020467,0.9410419883219111,0.4135580243902439
-0.2907921251024896,-0.4309989667793332,0.1402068416768436,0.37639671875
-0.664432341002239,1.1068381002470074,-1.7712704412492464,0.2560125510204081
-0.2907921251024896,0.35408794922647613,-0.6448800743289658,0.4699289935064935
-0.8392773377866598,-0.0632429726769665,-0.7760343651096933,0.3859531132075471
0.9309785238772652,0.16012822163425283,0.7708503022430124,0.3794539181286549
-1.0813439941633909,-1.1509225536456096,0.0695785594822187,0.4581912866666666
2.1651726457947125,1.8773385117445007,0.28783413405021174,0.4270410310559006
1.9229725225859284,0.6562478101908206,1.2667247123951078,0.2308548911564625
-0.309907932178197,-0.6100666448372778,0.3001587126590808,0.3571249225352113
1.6641455918920554,1.302840193998869,0.3613053978931864,0.3924679037433155
-0.7562202016555185,1.7811755112880487,-2.5373957129435674,0.3999173558282208
-0.2907921251024896,-0.3201415135514295,0.029349388448939917,0.4108178661971831
-1.0932558834081347,-0.5288420741760457,-0.5644138092320891,0.3672524791666667
-0.9049511701974458,-0.43159897937509256,-0.4733521908223532,0.4077540532544379
0.8302275006254998,0.023977384406382724,0.806250116219117,0.2853974074074074
2.1651726457947125,-0.4865937696620489,2.6517664154567613,0.3691574802631578
-0.6975100030108993,-0.4762232590774283,-0.22128674393347098,0.3913449937106918
-1.1029530377209231,-0.9342028528524872,-0.16875018486843596,0.3859531132075471
-0.2907921251024896,-0.609096977547124,0.3183048524446344,0.4489242193548386
-0.6216483884393589,-0.2168932412281101,-0.4047551472112488,0.2308548911564625
-0.5326959961856342,-0.16752838451594132,-0.3651676116696929,0.3062974840764331
0.8179353498427171,-0.3658092452140546,1.1837445950567718,0.3978908843930636
-0.2907921251024896,0.6918449427874603,-0.9826370678899499,0.3993076298701298
-1.0594270915616075,-1.033753563565331,-0.025673527996276535,0.37639671875
0.7350357681481099,0.7293257925850234,0.0057099755630865,0.4505385
-0.895169881509703,-0.27545984450640837,-0.6197100370032946,0.3062974840764331
2.1651726457947125,1.626353988057646,0.5388186577370664,0.4707778461538461
-0.3680223467625624,0.47493634560727904,-0.8429586923698414,0.3683428963414634
-0.5486881827203733,-0.8090590783477517,0.26037089562737836,0.3683428963414634
-0.7974940618259782,-0.8170520687117536,0.01955800688577547,0.4056208709677419
-0.067693421042187,0.6080248604333015,-0.6757182814754885,0.451932013245033
-0.9886809761234928,-1.0280082886996293,0.03932731257613653,0.2853974074074074
-0.6533506066192171,-0.35923330687191735,-0.2941172997472997,0.3978908843930636
-0.913881505627142,-1.007660999252624,0.09377949362548199,0.3794539181286549
0.0952601279824554,1.622844821900314,-1.5275846939178586,0.38214178
-0.3017693909089702,-0.3829965068301397,0.08122711592116949,0.3062974840764331
2.1651726457947125,1.1825282492279856,0.9826443965667269,0.4056208709677419
-0.7561735286317512,-0.17963174127185808,-0.5765417873598931,0.2730334219653179
1.1710637653961204,0.864871154924425,0.30619261047169544,0.451932013245033
-0.7294334951400381,0.24015647451954356,-0.9695899696595817,0.4862467272727273
-0.3609872958616152,-0.37616955253340395,0.01518225667178874,0.3234683624161074
2.1651726457947125,1.778238949741711,0.38693369605300143,0.3448446496815286
-0.887840691119849,-0.15179911265308008,-0.7360415784667689,0.4699289935064935
-0.6011685524387947,-0.36171269737273676,-0.239455855066058,0.3385222580645161
-0.4624400716573821,-0.08033186697899584,-0.38210820467838624,0.3427241592356688
-0.5309805135680813,-0.49351951645551756,-0.03746099711256373,0.4108178661971831
-1.1217574663980023,-1.0166663466876262,-0.1050911197103761,0.1728005125
-0.9385356546543911,-0.5125026262310599,-0.42603302842333124,0.3425733024691358
-0.2907921251024896,-0.9278143361320781,0.6370222110295884,0.1728005125
-1.235743523462835,-1.1630091549648371,-0.07273436849799775,0.3841937837837837
2.1651726457947125,2.2669650502199845,-0.10179240442527204,0.3993076298701298
0.1047509849550746,-0.35626929455086825,0.4610202795059428,0.3691574802631578
-1.084417843417436,-0.9308764006766711,-0.15354144274076498,0.4135580243902439
1.7008183793443468,1.5162053732568308,0.18461300608751596,0.3794539181286549
0.3856044531082876,-0.2516291169604926,0.6372335700687802,0.4770338545454546
-0.895169881509703,-0.07419140577743383,-0.8209784757322691,0.345568697368421
-0.5622142302252373,-0.30374910779461,-0.2584651224306273,0.3859531132075471
-0.8414645459746819,0.670088116488178,-1.51155266246286,0.3234683624161074
-0.9985247325789192,-0.9874233503470348,-0.011101382231884394,0.3993076298701298
-1.020455045088007,-0.8946577427966775,-0.12579730229132946,0.4577306518518518
-0.8853103658866066,-0.5744360182385377,-0.31087434764806887,0.3801381595092024
-0.6394844038510331,-0.5792164335224325,-0.06026797032860065,0.3913449937106918
-0.2907921251024896,0.6639452508796908,-0.9547373759821804,0.4270410310559006
-0.2907921251024896,-0.29082769520037915,3.557009788957011e-05,0.3960697315436241
-0.3978475788457997,-0.33387206866930463,-0.06397551017649505,0.3581031125827814
-0.1379736245755198,1.285034546531416,-1.4230081711069358,0.3754729428571428
-0.6787425832565787,0.046388742664767536,-0.7251313259213462,0.3754729428571428
0.4873053399410441,1.178057056182214,-0.6907517162411698,0.3234683624161074
0.1375180599979183,-0.3996543554408515,0.5371724154387698,0.4489242193548386
-0.0473780744690832,0.46046271948226686,-0.5078407939513501,0.4108178661971831
-0.1033959056074673,-0.20731014538049153,0.10391423977302423,0.3978908843930636
2.1651726457947125,1.8966454429977024,0.26852720279701003,0.2730334219653179
2.1651726457947125,0.8359250799726609,1.3292475658220515,0.4095118375
-0.1672038245329665,0.5766748895798546,-0.7438787141128211,0.4270410310559006
-0.9825599603544988,-0.9328145344741713,-0.04974542588032749,0.4108178661971831
1.0602467741589838,-0.16299508702272392,1.2232418611817077,0.3993076298701298
-0.2907921251024896,-0.14992670945198516,-0.14086541565050442,0.3972289517241379
-0.7494808222406172,0.07399747828691589,-0.823478300527533,0.2560125510204081
-0.2177938670625392,0.9303904600747366,-1.1481843271372758,0.3496421194968553
-0.6246553699998294,0.9889908035767807,-1.61364617357661,0.5263955251396648
-0.3731080559006312,-0.4553575145757705,0.08224945867513933,0.3691574802631578
-0.2907921251024896,0.1715757747764201,-0.4623678998789097,0.3427241592356688
-0.9137379891097734,-0.9678041101374715,0.05406612102769803,0.3913449937106918
-0.6282213641236775,0.2354981137838485,-0.8637194779075259,0.5263955251396648
0.3524919501489253,0.4759861450029643,-0.12349419485403901,0.3978908843930636
0.2541628444156273,0.3912627642111096,-0.1370999197954823,0.4505385
-0.2907921251024896,-0.10955687562936685,-0.18123524947312275,0.4056208709677419
2.1651726457947125,1.1931181263617303,0.9720545194329822,0.3496421194968553
2.1651726457947125,0.34252331150618426,1.8226493342885282,0.3801381595092024
-0.8068422433940098,-0.46712679010556996,-0.33971545328843983,0.5263955251396648
0.0476081140684365,0.11366484791956055,-0.06605673385112405,0.3859531132075471
-1.072509896678388,-1.0812838860952274,0.00877398941683949,0.3691574802631578
-0.2867628755656136,-0.41302331027894834,0.12626043471333476,0.3993076298701298
0.7004692331157245,0.9109448778596048,-0.21047564474388025,0.3062974840764331
0.3730947218878158,-0.283413679764457,0.6565084016522729,0.4056208709677419
-0.642958972173049,-0.44857645664440643,-0.19438251552864255,0.3496421194968553
-0.8859179130859974,-1.05966192697453,0.17374401388853256,0.4056208709677419
-1.0632071156296472,-0.7235437054990512,-0.339663410130596,0.37639671875
-0.5262236565098921,-0.645607917404866,0.11938426089497389,0.3448446496815286
0.2933461298808872,1.311824841300771,-1.0184787114198837,0.3062974840764331
-0.3999548767636238,0.13652804313766154,-0.5364829199012853,0.3683428963414634
-0.1191067878338784,-0.4893000386380898,0.3701932508042114,0.32182454
0.3220880751795225,0.7900344044116852,-0.46794632923216267,0.4505385
-1.105010939051306,-0.8755966349442909,-0.22941430410701524,0.5528236513157895
-0.6099260387759614,-0.12245157118283044,-0.48747446759313096,0.3841937837837837
2.1651726457947125,1.888374113905898,0.2767985318888144,0.4509778670886076
-0.7454302935130733,-0.5922189243684437,-0.15321136914462963,0.3754729428571428
0.1972956074274269,-0.0768593558892852,0.27415496331671213,0.4135580243902439
-0.5714077977453473,-0.4428121904744334,-0.12859560727091396,0.3972289517241379
0.1761445265041855,0.9618653515306348,-0.7857208250264494,0.3330391923076923
-0.0491902797081593,-0.345866602402967,0.2966763226948077,0.4077540532544379
-0.2907921251024896,-0.3042074287318627,0.013415303629373099,0.4699289935064935
-1.2379587667627052,-1.056736852686694,-0.18122191407601118,0.3960697315436241
-0.2907921251024896,-0.2581110239688588,-0.03268110113363076,0.3818871419753086
-0.5571799240084891,0.41586435321275167,-0.9730442772212409,0.3972289517241379
2.1651726457947125,1.1203266046578328,1.0448460411368796,0.3993076298701298
-0.5351716536440726,-0.3595686807547322,-0.1756029728893404,0.4236190132450331
-0.2907921251024896,-0.15509302837173936,-0.13569909673075023,0.3496421194968553
-0.5516925923321953,-0.17243291997982027,-0.379259672352375,0.4699289935064935
0.4622207282025923,0.7068964868496136,-0.2446757586470213,0.3581031125827814
-0.7859856700034671,-0.03192902970113349,-0.7540566403023335,0.3496421194968553
1.173155288537097,0.47357048998668894,0.6995847985504081,0.4103113666666667
-0.1587706370708399,0.37466460612997293,-0.5334352432008128,0.4050421041666666
-0.1345196342197253,-0.21875811641344,0.08423848219371471,0.4581912866666666
-0.1028258739159762,0.0022857394771747877,-0.10511161339315098,0.2730334219653179
-0.4989978777128396,0.7582416771703282,-1.2572395548831679,0.5263955251396648
-0.350851811178566,-0.11800907106169256,-0.23284274011687345,0.4142846265822784
0.1505772726757001,0.6004183973057399,-0.4498411246300398,0.3859531132075471
-0.6726503266433872,-0.42722060529903566,-0.24542972134435154,0.4770338545454546
0.3283171767339212,0.438369145669465,-0.11005196893554381,0.3385222580645161
-0.6494350826139232,-0.22090639815091648,-0.42852868446300674,0.5263955251396648
-0.7668951398901178,-0.5105709685501023,-0.2563241713400155,0.3496421194968553
-1.0986045964811602,-0.8956733919018716,-0.2029312045792886,0.5263955251396648
2.1651726457947125,2.094335609404894,0.07083703638981831,0.4077540532544379
2.1651726457947125,1.8611339788246415,0.304038666970071,0.3427241592356688
-1.1814037097479486,-0.8742015949821385,-0.30720211476581016,0.2730334219653179
-0.5533243372618216,0.5111855245385187,-1.0645098618003404,0.4050421041666666
0.1010861867219956,-0.28272991027843614,0.38381609700043173,0.3794539181286549
-0.0313819226487582,0.5365164106973667,-0.5678983333461248,0.2853974074074074
-0.7315764671582881,-0.3886943545361435,-0.3428821126221446,0.3496421194968553
-0.2907921251024896,0.06828569890440589,-0.3590778240068955,0.2560125510204081
-0.5903643484295926,-0.12154621848125997,-0.46881812994833266,0.3924679037433155
-0.2907921251024896,-0.6131200379762607,0.3223279128737711,0.3581031125827814
-0.8196518605783039,0.5178552109746624,-1.3375070715529662,0.4050421041666666
1.1560843363326632,0.9607867576010396,0.19529757873162357,0.2730334219653179
0.945882516640963,0.6108284419626384,0.3350540746783246,0.3448446496815286
-0.3252143085265394,0.1674127775709833,-0.4926270860975227,0.3581031125827814
0.707818703154281,0.2664293018648161,0.44138940128946486,0.4509778670886076
-0.8250407843173705,0.34420942444268665,-1.1692502087600571,0.4862467272727273
-0.5118426638782545,-0.8031213446501297,0.29127868077187524,0.4770338545454546
-0.6078695732917725,-0.420496856579896,-0.1873727167118765,0.3993076298701298
0.753615006596799,-0.2704957819540266,1.0241107885508256,0.4151807791411043
0.2619866377244817,-0.21353395741388956,0.4755205951383713,0.4489242193548386
-0.8574495926975686,-0.06734310436463829,-0.7901064883329303,0.3989209285714286
-1.115251927904514,-1.1840024256681672,0.06875049776365305,0.3978908843930636
-0.3607679021446646,-0.23318393452201752,-0.12758396762264707,0.2308548911564625
0.2361093008609685,0.5419451089503385,-0.30583580808937005,0.3999173558282208
-0.5424377904863185,-0.268266052456858,-0.2741717380294605,0.4103113666666667
-0.2843704696920531,-0.3652502121024719,0.08087974241041879,0.3960697315436241
2.1651726457947125,2.263357548656094,-0.09818490286138148,0.4103113666666667
-0.9976183849269968,-1.208091030842114,0.21047264591511716,0.4862467272727273
1.2580456297967195,1.0785176953930002,0.17952793440371928,0.4108178661971831
0.6254703262652002,0.0020437441806522502,0.6234265820845479,0.38214178
0.8565258201607195,-0.016399879953142266,0.8729257001138618,0.4095118375
-0.2907921251024896,-0.2008439008387674,-0.08994822426372218,0.3841937837837837
-0.7836830620609752,-0.8869745046876467,0.10329144262667156,0.451932013245033
-0.5136709148758282,0.005593999833989088,-0.5192649147098173,0.2560125510204081
-0.6745275025063978,0.4074357804623164,-1.0819632829687142,0.38214178
-0.6365576011653791,-0.05191208321860686,-0.5846455179467722,0.3818871419753086
-1.1304900942889156,-1.0778685683079352,-0.052621525980980355,0.3234683624161074
1.361936942130341,1.7087245774581497,-0.34678763532780854,0.4581912866666666
-0.3108954847904255,-0.20324175219394186,-0.10765373259648364,0.3427241592356688
-0.2550238573644949,-0.671469344737799,0.41644548737330406,0.4077540532544379
-1.0186797899401463,0.48945772634823703,-1.5081375162883832,0.2853974074074074
2.1651726457947125,2.0207033510571306,0.14446929473758185,0.3978908843930636
1.967297322373884,-0.13950345969626382,2.106800782070148,0.4077540532544379
-0.8863315321086696,-0.4240317271952375,-0.46229980491343203,0.4270410310559006
-1.0911556852887907,-0.8867716784462953,-0.20438400684249536,0.4095118375
-0.7435075582657982,-0.9013017675820505,0.15779420931625232,0.4581912866666666
-1.138733314343549,-1.1361572557541448,-0.002576058589404129,0.3385222580645161
0.1544679792781602,0.6032503972593455,-0.4487824179811853,0.3989209285714286
-1.1458549912640337,-0.9659996464043047,-0.17985534485972898,0.3818871419753086
-0.3529896274143586,-0.3863116051846525,0.03332197777029394,0.3330391923076923
-0.2085114761944898,0.21697359477072095,-0.4254850709652107,0.2560125510204081
0.701921292252169,1.221578552311561,-0.519657260059392,0.2730334219653179
0.5398856674215715,1.1996499580825621,-0.6597642906609906,0.3924679037433155
-1.1760032633461512,-0.9497027259973058,-0.22630053734884548,0.3608544807692307
0.4466469884425635,-0.10338354760288514,0.5500305360454486,0.451932013245033
-0.895169881509703,-0.22828291343299034,-0.6668869680767127,0.3841937837837837
0.0794132478305809,-0.06660572550481561,0.1460189733353965,0.4699289935064935
-0.2907921251024896,-0.43046676212631685,0.13967463702382726,0.345568697368421
-0.5930486780020429,-0.40356406062620637,-0.1894846173758365,0.2730334219653179
0.2429976785856379,-0.12435625500038984,0.36735393358602775,0.3425733024691358
-0.6047121687870083,-0.6887880771240631,0.0840759083370548,0.3924679037433155
-0.7150812000198394,-0.6203239856528904,-0.09475721436694906,0.4489242193548386
0.8642999002218495,0.7764553938575683,0.0878445063642812,0.3993076298701298
-1.1227658712067132,-0.5291253910523697,-0.5936404801543436,0.2560125510204081
-0.4413129143729341,-0.14607203452469303,-0.29524087984824104,0.4103113666666667
1.254440419794732,-0.17168288191975148,1.4261233017144836,0.4077540532544379
0.2872020670432752,0.5338755856187121,-0.24667351857543685,0.37639671875
2.1651726457947125,0.9288183659408887,1.2363542798538236,0.3581031125827814
-0.2907921251024896,1.0021134807155865,-1.2929056058180761,0.4103113666666667
2.1651726457947125,0.48623143943137953,1.6789412063633329,0.3683428963414634
-0.9434844721029562,-0.9350974971505088,-0.008386974952447335,0.4699289935064935
0.754238135241099,-0.1915298313945505,0.9457679666356494,0.4489242193548386
-1.2913418853065666,0.08788673851957021,-1.3792286238261369,0.3234683624161074
-1.1158226431115634,-1.1193238660124938,0.0035012229009303564,0.3672524791666667
-1.207126224573238,0.7687619808405641,-1.975888205413802,0.4699289935064935
-0.2907921251024896,-0.09531301906524399,-0.1954791060372456,0.4056208709677419
-0.6970838796112714,-0.45384554544835887,-0.24323833416291252,0.4095118375
-0.0146696372406938,-0.5228604485663827,0.5081908113256889,0.4056208709677419
0.3360988553740839,0.2765296205940047,0.059569234780079194,0.3608544807692307
-0.2029845653503287,-0.07586795124463813,-0.12711661410569056,0.3385222580645161
-0.2755445149283302,-0.38746621498799694,0.11192170005966673,0.3571249225352113
0.4333110892373301,-0.09718224283202169,0.5304933320693518,0.4077540532544379
-1.12155388366802,-0.5064521708970695,-0.6151017127709504,0.5642011216216216
-0.74089126925414,1.0992520218067425,-1.8401432910608824,0.451932013245033
0.8419831996520051,0.28676111905271345,0.5552220805992916,0.3794539181286549
2.1651726457947125,2.2515759450120734,-0.0864032992173609,0.3972289517241379
-0.4989978777128396,1.617482986112061,-2.1164808638249006,0.4236190132450331
-1.1683388296711836,-0.3264516524860986,-0.8418871771850851,0.3978908843930636
0.1063446415120841,0.7336345722322815,-0.6272899307201973,0.4577306518518518
-1.2909434040161596,-0.683572879128951,-0.6073705248872086,0.3425733024691358
0.4892392979488429,-0.27085839897745995,0.7600976969263029,0.3993076298701298
-0.3006214270638882,-0.4794841503239338,0.1788627232600456,0.3801381595092024
0.8380826351015744,-0.3177853750167631,1.1558680101183376,0.32182454
-0.8377845192859489,-0.4913516186022683,-0.3464329006836806,0.3960697315436241
2.1651726457947125,2.171166715692851,-0.005994069898138665,0.3794539181286549
-0.9135917373416562,-1.0297305872602236,0.11613884991856738,0.3385222580645161
0.0427554047786166,-0.004466602943808455,0.047222007722425054,0.1728005125
0.95345804915981,0.7731313252539359,0.18032672390587412,0.3924679037433155
1.4520872087705303,1.280483881692735,0.17160332707779524,0.4236190132450331
-0.2907921251024896,-0.5065619160695529,0.21576979096706334,0.3818871419753086
1.7447029456705871,1.1192342079300464,0.6254687377405408,0.37639671875
-1.144611513518212,-1.0223360613631938,-0.12227545215501823,0.5642011216216216
-1.081603765651734,-0.446712154408437,-0.6348916112432972,0.4509778670886076
-1.1007781366558167,-1.150368011447003,0.04958987479118626,0.38214178
2.1651726457947125,0.023728767280066718,2.1414438785146457,0.4707778461538461
-0.1035890961119148,-0.4163266006466411,0.3127375045347263,0.5263955251396648
-0.0099757560804001,-0.32427523887630405,0.314299482795904,0.3989209285714286
-0.4168166275682487,0.04620812627343854,-0.4630247538416873,0.4236190132450331
-0.6046437455240605,-0.3495752226107167,-0.2550685229133438,0.2730334219653179
-0.0701666836408626,-0.2707773740384763,0.2006106903976137,0.3972289517241379
1.0246327674796558,0.9070582930680805,0.11757447441157531,0.4095118375
0.3802614163877323,1.4638264546977102,-1.083565038309978,0.3989209285714286
0.4666713815420149,0.8934283565388558,-0.4267569749968409,0.32182454
0.4964279570169943,0.5337830413858158,-0.037355084368821456,0.5263955251396648
-0.999425671967966,-0.7841541397539832,-0.21527153221398276,0.4577306518518518
0.3960573900218073,0.27847780719718734,0.11757958282461994,0.3859531132075471
1.259386267934128,0.2727310939637113,0.9866551739704166,0.4770338545454546
0.8916994899774398,0.32131519539024184,0.570384294587198,0.345568697368421
0.1342833964060057,-0.2878936838963165,0.42217708030232215,0.2853974074074074
-0.3469318559894097,0.021124449655670046,-0.36805630564507974,0.451932013245033
-0.6215546846485049,-0.4923296806312115,-0.12922500401729342,0.3547797567567567
0.2868290873447527,0.0024328230278124925,0.2843962643169402,0.4489242193548386
-0.2907921251024896,-0.37732655065930765,0.08653442555681806,0.3924679037433155
-0.2907921251024896,0.27589815889891256,-0.5666902840014021,0.3547797567567567
2.1651726457947125,1.1747236109183903,0.9904490348763222,0.3427241592356688
-0.4568519197525299,-0.03657253062315636,-0.42027938912937357,0.3913449937106918
-1.0730081008009025,-1.0915854731033783,0.018577372302475803,0.4581912866666666
-0.2907921251024896,-0.0686804867628088,-0.22211163833968078,0.3427241592356688
-0.7140721293252246,-0.13965433431748348,-0.5744177950077411,0.3913449937106918
-0.2907921251024896,-0.8964894670594022,0.6056973419569127,0.4509778670886076
2.1651726457947125,2.2811721213121863,-0.1159994755174738,0.3448446496815286
-0.9892022348418936,-0.8906692844386428,-0.09853295040325083,0.3859531132075471
2.1651726457947125,-0.14991628773119023,2.3150889335259026,0.4077540532544379
-0.6507233258153136,-0.16772116132504228,-0.4830021644902713,0.3859531132075471
-0.5333126074042998,-0.1457120296785549,-0.38760057772574485,0.5528236513157895
2.1651726457947125,2.285931661313761,-0.12075901551904833,0.3999173558282208
0.3047117203161135,-0.3320213890886802,0.6367331094047937,0.4707778461538461
0.3759236023431193,0.6657714078366196,-0.2898478054935003,0.3989209285714286
0.4927501362139783,1.1189100781117964,-0.6261599418978181,0.3336369019607843
-0.2285547445128901,0.17425290642122854,-0.40280765093411863,0.4103113666666667
0.0578592746378423,-0.06156765668895785,0.11942693132680016,0.38214178
2.1651726457947125,0.6152209654315716,1.549951680363141,0.345568697368421
-0.2031100872994956,-0.37340900166712016,0.17029891436762457,0.4862467272727273
-0.0682585425778632,-0.5528290751188343,0.4845705325409711,0.3336369019607843
-0.2857433257253264,-0.7633795180436752,0.4776361923183488,0.3330391923076923
1.5483362557882974,0.4388643858090991,1.1094718699791983,0.4135580243902439
-1.1052093490426689,-1.2088785689295878,0.1036692198869189,0.3581031125827814
-0.8752754621442256,-0.9764644951958672,0.10118903305164162,0.2308548911564625
-0.2907921251024896,0.5893391647711433,-0.8801312898736329,0.4699289935064935
-0.3939500497652622,-0.6949227615969242,0.300972711831662,0.5642011216216216
2.1651726457947125,2.174021516051606,-0.008848870256893626,0.3794539181286549
0.6895181336777506,-0.3029993017978428,0.9925174354755935,0.4135580243902439
0.0889681420458939,0.5644854022325688,-0.47551726018667495,0.4699289935064935
-0.2907921251024896,-0.3345867453913902,0.04379462028890063,0.4862467272727273
-0.6778624752649838,-0.2710997812910739,-0.40676269397390985,0.3989209285714286
-1.1585468002453945,-1.116911031934038,-0.0416357683113564,0.4056208709677419
-0.2907921251024896,0.24343208604003164,-0.5342242111425213,0.3683428963414634
-0.1615180225679305,-0.08337918424777652,-0.07813883832015397,0.4509778670886076
-0.8710888380329053,-0.16221298388758726,-0.708875854145318,0.2560125510204081
-1.1246131269714812,-1.208244856907989,0.08363172993650791,0.3978908843930636
-0.3078338104963148,0.44952820498270984,-0.7573620154790246,0.3924679037433155
-0.5430973162449512,-0.4341271026855469,-0.10897021355940428,0.4108178661971831
-0.2678975422967266,0.27201976817973234,-0.539917310476459,0.3496421194968553
-0.8010961040366236,0.6794242065164642,-1.4805203105530877,0.3547797567567567
-0.5524186365587815,-0.491626642485981,-0.06079199407280056,0.4707778461538461
-0.4965218026891092,0.7568523170728885,-1.2533741197619976,0.3547797567567567
-1.1912555788551995,-0.8669568803407248,-0.3242986985144747,0.4151807791411043
-1.166725028718594,-1.312119739023544,0.14539471030495,0.4862467272727273
-0.5007637660867796,-0.14995742782222904,-0.3508063382645506,0.3279570604026846
2.1651726457947125,2.311774843232571,-0.14660219743785863,0.4095118375
-1.157561767089024,-0.5099213431278512,-0.6476404239611727,0.4050421041666666
-0.3600181826791314,-0.49143075783333073,0.13141257515419935,0.3571249225352113
0.3377051573452825,0.08353009976673888,0.25417505757854364,0.3448446496815286
-0.9685350674038804,-0.5440088789827755,-0.4245261884211049,0.4862467272727273
1.939848216664227,1.0008767656167477,0.9389714510474794,0.3960697315436241
-0.6444639238375482,-0.6729630301891477,0.028499106351599468,0.32182454
1.7197952944581034,2.232238138896094,-0.5124428444379905,0.3672524791666667
0.0498118244051045,0.44517148340413404,-0.39535965899902953,0.3279570604026846
2.1651726457947125,0.7900671842241582,1.3751054615705542,0.3683428963414634
0.6938828553286895,1.00488341393407,-0.31100055860538056,0.3960697315436241
-0.7140109995888667,-0.34245992553356763,-0.3715510740552991,0.3924679037433155
1.9267826549339129,0.34782585827169576,1.578956796662217,0.3801381595092024
-1.00092280093893,-0.37922940020175694,-0.621693400737173,0.4577306518518518
-0.6977989914714129,-0.5278037857543852,-0.16999520571702764,0.3672524791666667
-0.3702611337722746,-0.2021491939552562,-0.16811193981701839,0.4509778670886076
0.938552616310878,1.004420888941178,-0.06586827263030004,0.4581912866666666
-0.6910361741245948,-0.3718703983813908,-0.31916577574320404,0.4862467272727273
-0.4424966434380028,-0.1650813827666251,-0.27741526067137773,0.3336369019607843
0.6587148543371718,0.9756830705113348,-0.31696821617416304,0.4108178661971831
-0.4978135432969491,-0.5432877837971829,0.0454742405002338,0.3427241592356688
-0.4744290712266872,0.29284414287681004,-0.7672732141034972,0.5528236513157895
-0.0952197192820958,0.054024342261125506,-0.1492440615432213,0.4108178661971831
-0.4374804858607485,0.21654950267148848,-0.6540299885322369,0.3234683624161074
0.885623275557198,2.2397230200081966,-1.3540997444509986,0.3924679037433155
-0.1171041704446176,0.07968070904994173,-0.19678487949455933,0.3993076298701298
-1.125706548945222,-0.9630891835479324,-0.16261736539728966,0.3062974840764331
0.9348543878956028,1.7217396821332582,-0.7868852942376554,0.3924679037433155
-1.133120949475489,-0.9864805886369385,-0.14664036083855048,0.3496421194968553
2.1651726457947125,0.5652330992630508,1.5999395465316617,0.2308548911564625
0.9057277413573688,0.5985373360164867,0.30719040534088204,0.4489242193548386
1.460638640898286,0.05089447973479537,1.4097441611634907,0.3336369019607843
0.784285897138869,0.6286661997614963,0.1556196973773727,0.4581912866666666
0.709023014147291,0.5030607626308679,0.2059622515164231,0.4699289935064935
-0.2907921251024896,-0.9599469426875866,0.669154817585097,0.3571249225352113
-0.2907921251024896,-0.24194312493699405,-0.04884900016549554,0.3062974840764331
-0.3042764854082539,0.530277290148431,-0.8345537755566849,0.3234683624161074
2.1651726457947125,0.35734520113256196,1.8078274446621505,0.4056208709677419
0.2861430026111573,0.1800476533493307,0.10609534926182662,0.4095118375
0.6579743716219071,1.387396617045172,-0.7294222454232648,0.37639671875
-1.070602833203239,-0.09902924494905882,-0.97157358825418,0.3547797567567567
-0.2907921251024896,-0.7435605360991006,0.45276841099661097,0.4699289935064935
-0.1491746875507735,-0.41708497463430894,0.2679102870835354,0.3581031125827814
-0.2907921251024896,1.1489941179265848,-1.4397862430290744,0.4050421041666666
0.0929174551652196,0.23149063094860575,-0.13857317578338615,0.3496421194968553
2.1651726457947125,2.484267208319679,-0.3190945625249664,0.3989209285714286
-0.0339847433969753,-0.06124401368414377,0.02725927028716847,0.3496421194968553
-1.1069687430481852,-1.0396394932837705,-0.06732924976441468,0.3801381595092024
-0.5255368903604503,0.33493473900806575,-0.860471629368516,0.3330391923076923
0.7467119792237734,0.6220198636517745,0.12469211557199888,0.3794539181286549
1.6674118082070384,1.611010762197824,0.05640104600921436,0.3062974840764331
2.1651726457947125,1.2044347172214,0.9607379285733124,0.451932013245033
2.1651726457947125,0.23660478621970565,1.9285678595750069,0.4151807791411043
0.128940188539145,-0.08619598424662091,0.2151361727857659,0.3978908843930636
-0.1759245956296813,0.7693513350670034,-0.9452759306966847,0.4862467272727273
1.214012752122966,1.1322853634985761,0.08172738862438989,0.3801381595092024
2.060882762388204,-0.4087402193704571,2.4696229817586612,0.4489242193548386
0.427914646945975,-0.19085255279365307,0.618767199739628,0.4581912866666666
-0.5959032601160928,-0.4506859722191791,-0.14521728789691374,0.3336369019607843
0.6499009332980644,0.06441671468191289,0.5854842186161515,0.4151807791411043
-1.0932558834081347,-0.9208088630678466,-0.17244702034028814,0.2853974074074074
-0.1058266961903037,0.962164794649665,-1.0679914908399686,0.4103113666666667
2.1651726457947125,1.3340401442289147,0.8311325015657978,0.32182454
-1.014070836172307,-0.48111688259275004,-0.5329539535795569,0.3754729428571428
2.1651726457947125,0.8957167093790909,1.2694559364156217,0.3801381595092024
-1.18207499508017,-0.432045748857106,-0.7500292462230641,0.4050421041666666
0.846937472785234,0.4785602118073682,0.36837726097786583,0.3818871419753086
0.4557443154824791,0.31344697636947616,0.14229733911300296,0.3672524791666667
-0.494576315283656,-0.5410963914335915,0.046520076149935474,0.32182454
-0.8174272656382834,-0.2812159273919872,-0.5362113382462962,0.3913449937106918
0.2360406177091863,0.5990839043114633,-0.363043286602277,0.5528236513157895
-0.763112547042806,-0.5245651182625306,-0.23854742878027535,0.4581912866666666
-0.5687152975214907,-1.1094602462718643,0.5407449487503736,0.5528236513157895
-0.8571242400049982,-0.9488483945184988,0.09172415451350058,0.3818871419753086
-0.2907921251024896,-0.0490287922649698,-0.24176333283751977,0.4135580243902439
-0.2907921251024896,-0.49736552644657267,0.20657340134408309,0.4489242193548386
-0.3710720895444348,0.1751422851769438,-0.5462143747213786,0.451932013245033
2.1651726457947125,1.8362384389388973,0.3289342068558152,0.3999173558282208
0.0452951521706253,-0.1859275431699727,0.231222695340598,0.4270410310559006
-0.5879844493100199,-0.4949927032232754,-0.09299174608674454,0.3924679037433155
0.0274706962656779,0.5239657770784218,-0.49649508081274396,0.4103113666666667
0.2457974982397749,0.04181785871176461,0.2039796395280103,0.38214178
-0.2107895765406549,-0.12946713055938136,-0.08132244598127353,0.4050421041666666
0.4844905703401719,0.6909134068698946,-0.20642283652972265,0.4699289935064935
-1.12155388366802,-0.8748073201676334,-0.24674656350038648,0.4151807791411043
1.4657354693959852,2.206973651461913,-0.7412381820659277,0.3672524791666667
-1.1574878522878456,-1.0867683788769447,-0.0707194734109009,0.3924679037433155
-1.102918615207092,-1.1854436248138795,0.08252500960678755,0.345568697368421
0.3443826954989074,-0.4623605347855663,0.8067432302844737,0.3960697315436241
0.2972906726931151,0.3793913376513482,-0.0821006649582331,0.1728005125
-0.2725460475003933,0.4509682576801244,-0.7235143051805177,0.5528236513157895
-1.1637879798364057,-0.31979719838557097,-0.8439907814508347,0.5528236513157895
-0.5193315294133788,-0.2049049234894711,-0.3144266059239077,0.3496421194968553
-0.1899694323543772,0.10071351927351202,-0.2906829516278892,0.4142846265822784
-0.8996216148140078,-0.8014179138785777,-0.09820370093543007,0.4077540532544379
-0.3108636634627366,-0.44964263526915577,0.13877897180641918,0.4236190132450331
1.0098897857532247,0.6616418233758851,0.3482479623773397,0.4056208709677419
0.2231108427446569,0.1080332352113062,0.1150776075333507,0.4095118375
0.8511655911598877,0.6346434889999274,0.21652210215996026,0.451932013245033
0.5944368527665033,0.29815784215976293,0.29627901060674033,0.4770338545454546
0.6133493364464224,0.4480359959411442,0.16531334050527824,0.3989209285714286
-0.2907921251024896,-0.3156025221769439,0.024810397074454316,0.4077540532544379
-0.5470187265738775,-0.0734654723913595,-0.47355325418251804,0.3385222580645161
-0.947992815336079,0.847811941963884,-1.7958047572999631,0.3330391923076923
-0.7128132396961115,-0.6426078793066563,-0.07020536038945524,0.4142846265822784
0.6047327158001295,0.44920421005463307,0.15552850574549648,0.3336369019607843
-0.0009681659610646,-0.14384074684186388,0.14287258088079927,0.3993076298701298
-0.2620370589832604,-0.3604075299416901,0.09837047095842971,0.345568697368421
-0.1825288578094837,-0.44631093919646747,0.2637820813869838,0.3448446496815286
-0.2907921251024896,-1.2105593288813004,0.9197672037788107,0.3672524791666667
-1.1595342160594302,-1.4132904341196328,0.25375621806020265,0.4056208709677419
-0.544138737553052,-0.55532763289769,0.011188895344638072,0.3448446496815286
0.672691356145277,0.028126151441583595,0.6445652047036934,0.4077540532544379
-0.0353847233464886,-0.19636435551005937,0.16097963216357078,0.2560125510204081
-0.9036551703443928,-0.7909149478183577,-0.1127402225260351,0.3279570604026846
-1.1708685274075892,-1.0776595406729572,-0.09320898673463196,0.4236190132450331
-1.143838769090459,-1.0451373440297718,-0.09870142506068724,0.3062974840764331
0.0103661272820339,0.3814239727477136,-0.3710578454656797,0.5263955251396648
-0.2656791878581103,-0.6914004482401059,0.42572126038199565,0.3608544807692307
-0.5791482832128992,-0.21144465764133735,-0.3677036255715619,0.2853974074074074
1.081155762294145,0.5384619853299238,0.5426937769642212,0.3859531132075471
-0.0743979765417828,0.6859877818954716,-0.7603857584372544,0.3608544807692307
-1.0768208002642363,-0.3314626828061066,-0.7453581174581297,0.2853974074074074
0.2564929201516586,2.0575773745287504,-1.8010844543770919,0.3330391923076923
2.1651726457947125,1.874867657943934,0.2903049878507784,0.3571249225352113
0.4419903767673551,0.331476910420097,0.11051346634725806,0.3859531132075471
0.0375381534616112,0.06498097976507274,-0.027442826303461537,0.3978908843930636
0.1524654078448517,0.5171962455310863,-0.3647308376862346,0.4103113666666667
-0.9942128824589188,-0.49318881338076587,-0.5010240690781529,0.38214178
-0.4995787779870829,-0.5246514726637301,0.025072694676647245,0.4135580243902439
2.1651726457947125,2.124157755689754,0.04101489010495829,0.451932013245033
1.363247768720636,1.176038473227807,0.18720929549282883,0.4509778670886076
-0.8159354807503303,-0.6139722199909738,-0.20196326075935644,0.4142846265822784
-0.0209027131926348,-0.46472601654259893,0.4438233033499641,0.4489242193548386
-0.6376580790417419,-0.19945725070987136,-0.4382008283318705,0.3960697315436241
-0.2016596275094306,0.22983720053395418,-0.43149682804338474,0.4581912866666666
0.0694376518295119,0.7489493066030003,-0.6795116547734884,0.3547797567567567
0.8167558574410573,1.0112326158743155,-0.19447675843325818,0.3336369019607843
-0.0541396759640217,0.766894833068871,-0.8210345090328927,0.3330391923076923
-0.7238943608048717,-1.17324792008347,0.4493535592785983,0.4770338545454546
0.9232842229533998,0.2694860990555744,0.6537981238978254,0.3801381595092024
-1.217773693033438,-0.2953750577076082,-0.9223986353258298,0.2308548911564625
-0.2160107087586096,-0.37036586472241184,0.15435515596380225,0.3608544807692307
-0.8285340765206297,-0.7324496050489974,-0.09608447147163235,0.5642011216216216
-1.174418809072446,0.21822736308141502,-1.392646172153861,0.2730334219653179
-0.2907921251024896,-0.11857772768788208,-0.1722143974146075,0.3336369019607843
-0.1760315703903185,-0.5055786292526486,0.32954705886233016,0.3581031125827814
-0.3550367832526303,0.7065836215500205,-1.0616204048026507,0.37639671875
2.0100914795352383,-0.3420979593194022,2.3521894388546403,0.3691574802631578
-0.2907921251024896,0.1778346556089655,-0.4686267807114551,0.3794539181286549
0.4595646781801172,-0.07702302685269645,0.5365877050328136,0.4489242193548386
-0.815757744123407,-0.9760705188985671,0.16031277477516015,0.4135580243902439
0.2017241995326459,0.3571932925032394,-0.1554690929705935,0.3672524791666667
-0.2907921251024896,0.15607756184048144,-0.446869686942971,0.3794539181286549
-0.0245096631820633,-0.01876733072178767,-0.005742332460275629,0.3754729428571428
2.1651726457947125,2.111253488783753,0.053919157010959395,0.3924679037433155
1.6376915296148749,0.4896996860644962,1.1479918435503786,0.3448446496815286
-0.3803376640994387,-0.5233983100298454,0.14306064593040668,0.3672524791666667
-0.1420693272119685,-0.3061338982619896,0.16406457105002112,0.4581912866666666
-0.5979111901719246,-0.21259387091452603,-0.3853173192573986,0.3978908843930636
-0.3210562151382446,-0.8032205168259312,0.4821643016876866,0.3608544807692307
-0.2907921251024896,-0.42772838452326645,0.13693625942077686,0.3801381595092024
-0.8792273460236838,-0.8164015839115558,-0.06282576211212798,0.3924679037433155
0.3246404145024997,-0.3927709839823122,0.7174113984848118,0.4707778461538461
-1.0813229917384846,0.7322074618647716,-1.8135304536032562,0.4862467272727273
-0.1381283297430025,0.03974168052909324,-0.17787001027209573,0.3385222580645161
0.8234018004812071,-0.35334883158465347,1.1767506320658607,0.4077540532544379
-0.2907921251024896,-0.9309613380920985,0.6401692129896088,0.3608544807692307
-0.7577312531803603,-0.570475047363151,-0.18725620581720925,0.4509778670886076
0.3136379363096973,-0.18441324211658505,0.4980511784262823,0.4135580243902439
-1.2121074845471935,-0.9356649056299713,-0.27644257891722224,0.4103113666666667
0.5115463850088435,0.9164992905391534,-0.4049529055303098,0.4707778461538461
-0.2907921251024896,-0.13091648867471814,-0.15987563642777144,0.2560125510204081
-0.98215218193721,-1.042948664605041,0.060796482667831,0.3571249225352113
-0.8696377372365381,-0.5796968333619821,-0.28994090387455607,0.4142846265822784
2.1651726457947125,1.7219400433406689,0.4432326024540436,0.3924679037433155
-1.1774612456502245,-1.0312235177388236,-0.14623772791140088,0.3547797567567567
-0.3561674446816184,-0.42663511782335056,0.07046767314173219,0.4135580243902439
-0.2907921251024896,0.47106857518189743,-0.761860700284387,0.3425733024691358
0.4780845688741214,0.401131193298991,0.07695337557513038,0.4135580243902439
-1.1436106972257651,-0.3988287373618311,-0.744781959863934,0.3960697315436241
-1.2830305845272234,0.4263644778047409,-1.7093950623319643,0.3279570604026846
-0.9510402922914102,-0.448185715235446,-0.5028545770559643,0.3547797567567567
-0.8291412140781683,-0.31380541123252353,-0.5153358028456447,0.4577306518518518
0.2141117291215144,-0.3276452116818438,0.5417569408033582,0.32182454
0.3552459790543475,0.6130387588566953,-0.2577927798023478,0.4095118375
0.148318878321176,0.33602838453790335,-0.18770950621672736,0.4142846265822784
-1.1069333954727247,-1.0857044086287158,-0.02122898684400898,0.4077540532544379
0.2469518186646578,0.16903298763318636,0.07791883103147143,0.4077540532544379
0.2336520265758502,0.38524448832837765,-0.15159246175252744,0.3993076298701298
0.4282131950369405,0.9497365079069103,-0.5215233128699699,0.4103113666666667
0.8330479339013386,1.0929848483062312,-0.25993691440489264,0.3496421194968553
1.1410976410784843,0.23250671981179719,0.9085909212666872,0.3960697315436241
-0.8005882768961367,-0.25043036079342196,-0.5501579161027147,0.4103113666666667
1.166072862991764,1.2332610092605965,-0.0671881462688324,0.2560125510204081
-0.4918074893538918,-0.2991085626413192,-0.1926989267125726,0.38214178
-0.3963165626289986,-0.11172146789923074,-0.28459509472976785,0.2853974074074074
-0.2170484547790313,0.9093178573751072,-1.1263663121541385,0.2560125510204081
2.1651726457947125,2.1437771905367806,0.02139545525793185,0.3978908843930636
-0.1028258739159762,-0.12762270196755093,0.024796828051574737,0.3683428963414634
0.4199439906944536,0.9249769236526704,-0.5050329329582168,0.4581912866666666
2.1651726457947125,0.24631287054686601,1.9188597752478465,0.5642011216216216
2.1651726457947125,2.0339144672417904,0.1312581785529221,0.2730334219653179
0.2475876188704993,0.5268214127616611,-0.27923379389116176,0.4581912866666666
0.3828020690327699,-0.19837049603774315,0.5811725650705131,0.3993076298701298
-0.9211803527674364,-0.34779761455305747,-0.5733827382143789,0.5642011216216216
-0.2907921251024896,-0.03913762748886399,-0.25165449761362557,0.3691574802631578
2.1651726457947125,0.4508489870017783,1.7143236587929342,0.4707778461538461
-0.2907921251024896,-0.8194499557114772,0.5286578306089875,0.4151807791411043
-0.2907921251024896,-0.528096864959694,0.2373047398572044,0.4151807791411043
-0.2907921251024896,-1.092145846651147,0.8013537215486572,0.3581031125827814
-0.8301070838004572,-1.0911959382422465,0.2610888544417893,0.4862467272727273
-0.2907921251024896,-0.8976611094996763,0.6068689843971866,0.3818871419753086
0.2095546485311641,0.4089335299659927,-0.1993788814348286,0.3999173558282208
0.5730179132165708,1.1046914782449346,-0.5316735650283638,0.3581031125827814
2.058112328792448,1.1149633072924074,0.9431490215000404,0.4509778670886076
0.4951751228769592,0.023540488832862236,0.47163463404409695,0.4077540532544379
-1.0686404296493954,-0.9006184707500255,-0.16802195889936988,0.3234683624161074
-0.2907921251024896,-0.004420551740835457,-0.28637157336165414,0.3754729428571428
-1.1817431507131455,-0.16379377566398118,-1.0179493750491644,0.4050421041666666
0.6913008799627961,-0.05089255396904025,0.7421934339318363,0.3859531132075471
-0.5628497756924804,-0.37350023490415085,-0.18934954078832955,0.4862467272727273
-1.019612533344166,-1.033190685552649,0.013578152208483019,0.3841937837837837
-1.1125813470060493,-0.6872511856178078,-0.4253301613882414,0.4699289935064935
-0.4664689848442268,-0.193773156772519,-0.2726958280717078,0.3496421194968553
-0.2654851047781382,-0.48750145125626365,0.22201634647812546,0.4862467272727273
-0.2296009151309724,0.2091083120839351,-0.43870922721490746,0.3818871419753086
-0.6500804238301321,-0.16157527295312046,-0.48850515087701163,0.3999173558282208
-0.1015025754348299,-0.14737153419991234,0.04586895876508243,0.3234683624161074
-0.895169881509703,-0.4497033327596007,-0.4454665487501023,0.2730334219653179
-0.7467519637272841,-0.6314516924321669,-0.11530027129511722,0.3279570604026846
-0.687399138833198,-0.45272020505053745,-0.23467893378266058,0.451932013245033
0.1799017774169305,-0.1845921599499642,0.3644939373668947,0.4077540532544379
0.6815863442768334,0.19676894531415082,0.4848173989626826,0.3989209285714286
-1.19070155211649,-0.7828036121060141,-0.40789794001047597,0.3672524791666667
0.061562116476102,-0.08771856606655472,0.14928068254265672,0.3859531132075471
-1.0808559663130517,-0.8198871701873887,-0.26096879612566304,0.3496421194968553
-0.2907921251024896,-0.06793569220573777,-0.22285643289675183,0.4270410310559006
0.7676745155516557,0.7451068123484591,0.022567703203196565,0.1728005125
-1.0156254880108546,-0.9834096876422006,-0.03221580036865401,0.3279570604026846
-0.2907921251024896,-0.5730168157378573,0.28222469063536776,0.3924679037433155
-0.2781179191129215,-0.3461765787996896,0.06805865968676811,0.4770338545454546
-0.7929319450971153,-0.6808146492056503,-0.11211729589146502,0.4056208709677419
2.1651726457947125,0.3537160331826751,1.8114566126120373,0.1728005125
0.8115642570727815,0.712447135240986,0.09911712183179544,0.3754729428571428
0.9067737487525857,1.1257054844447156,-0.21893173569212998,0.38214178
-1.1015533066862802,-1.0677416398311872,-0.03381166685509296,0.3841937837837837
-0.2907921251024896,-0.09345605077534064,-0.19733607432714895,0.5642011216216216
-1.1309020207063187,-0.955426642970525,-0.1754753777357937,0.3818871419753086
-1.064512196537371,-0.5451754355194847,-0.5193367610178863,0.5263955251396648
-0.6829348793624771,-0.3903214869476681,-0.292613392414809,0.3859531132075471
2.1651726457947125,1.8993678397380807,0.2658048060566318,0.3978908843930636
-1.1411315479072852,-0.6067805683277753,-0.5343509795795099,0.3683428963414634
-0.1079195338299891,-0.021372546196731405,-0.0865469876332577,0.3062974840764331
0.0900917234850021,0.5650332862887213,-0.4749415628037192,0.3924679037433155
0.9163221703097004,1.0322350498993704,-0.11591287958967,0.3448446496815286
-0.3578087444876324,-0.5423947396367466,0.18458599514911417,0.3841937837837837
-0.8065893687848463,-0.9278204090779677,0.12123104029312137,0.4581912866666666
-1.160177360501878,-1.157492885029673,-0.0026844754722048503,0.3427241592356688
-0.1283058161888888,-0.3526413867068922,0.2243355705180034,0.3672524791666667
-1.1244272798320616,-0.3338728257339608,-0.7905544540981008,0.2730334219653179
-0.2907921251024896,-0.45164722569344173,0.16085510059095215,0.4270410310559006
2.1651726457947125,1.654868088692373,0.5103045571023395,0.3608544807692307
0.7263919990229133,0.014363116399440686,0.7120288826234726,0.2730334219653179
-0.6381234797261701,-0.5087719334284725,-0.12935154629769763,0.451932013245033
-1.1736948094895714,-1.266868310584789,0.09317350109521771,0.3571249225352113
-1.065406733905688,-0.5990682166419653,-0.4663385172637228,0.451932013245033
-1.05906730993722,-0.9348200651578007,-0.1242472447794194,0.4862467272727273
-0.2589276713177005,-0.23297595567711699,-0.025951715640583517,0.5642011216216216
-0.0768349715743706,0.6065714482891259,-0.6834064198634965,0.5528236513157895
2.1651726457947125,1.191314671762737,0.9738579740319755,0.3859531132075471
1.102235603963836,0.4628143354131232,0.6394212685507127,0.4103113666666667
0.0548412303703377,0.5126703385818316,-0.4578291082114939,0.3234683624161074
0.0984335952811136,-0.12343166478942745,0.22186526007054105,0.3547797567567567
-0.2021208002462345,-0.3289264122006248,0.1268056119543903,0.3960697315436241
-0.4225056512040196,-0.3531917127309389,-0.0693139384730807,0.5528236513157895
-0.4942247209498983,-1.2761920830779057,0.7819673621280074,0.5642011216216216
-0.6257729189278359,-0.6029845266205963,-0.022788392307239613,0.3672524791666667
-0.6717127539026416,-0.22733419218599898,-0.44437856171664264,0.3999173558282208
-1.117147172182188,-1.0891310619622938,-0.02801611021989414,0.4489242193548386
-0.6023115966199335,-0.19120779450393546,-0.41110380211599806,0.4505385
-0.9579776382227336,-0.6623761787169228,-0.29560145950581085,0.4509778670886076
-0.9297868527244854,-0.5777996215098157,-0.3519872312146697,0.3978908843930636
-1.1921259362614371,-0.8089190068103771,-0.38320692945106005,0.3571249225352113
-0.5191140444531425,-0.13072969837097462,-0.3883843460821679,0.4103113666666667
-0.0235914731566034,-0.5878872878194333,0.56429581466283,0.3608544807692307
-0.5294584651007581,-0.3953867502098597,-0.13407171489089842,0.3859531132075471
-0.0981873122334328,0.36845655134963745,-0.46664386358307025,0.3794539181286549
1.881935182251972,1.430251869054026,0.4516833131979461,0.3279570604026846
0.2061153454600661,-0.041953893996142494,0.2480692394562086,0.2730334219653179
-1.14041921717461,-1.2665970725121152,0.12617785533750525,0.3993076298701298
-0.2907921251024896,0.6163782890793792,-0.9071704141818688,0.2560125510204081
-0.166653585594785,-0.17373878717485658,0.007085201580071587,0.3989209285714286
-1.098660512197776,-0.43355734299782883,-0.6651031691999472,0.5263955251396648
1.2241981322928617,0.9993259140093891,0.2248722182834726,0.3427241592356688
-0.7991281837876272,-0.4036361283347606,-0.3954920554528666,0.4577306518518518
-0.9414757001419992,-1.0060916677810468,0.06461596763904753,0.3496421194968553
1.726258245649699,1.4556862676826214,0.27057197796707766,0.3279570604026846
-0.3676908688546414,0.0390920263759683,-0.40678289523060973,0.38214178
1.9656698042033665,2.3462857613218233,-0.38061595711845686,0.3989209285714286
-0.0950577954645318,0.5841473649512343,-0.6792051604157661,0.4135580243902439
-1.1609773201239006,-1.1134706849854052,-0.0475066351384954,0.4770338545454546
-1.13594683209724,-0.947700021469801,-0.18824681062743887,0.4236190132450331
0.5072132477747352,0.07697732719463152,0.4302359205801037,0.3989209285714286
0.0513574708578338,-0.5495526344435654,0.6009101053013992,0.32182454
-0.8453007460443434,0.37847117775561,-1.2237719237999534,0.3818871419753086
-0.6030275630230872,-0.40750163381487303,-0.1955259292082142,0.5528236513157895
-0.2907921251024896,-0.07665390236490813,-0.21413822273758146,0.3547797567567567
-0.2645658205256037,-0.4804743860286509,0.2159085655030472,0.3801381595092024
0.075735519335642,-0.15919821390066607,0.23493373323630806,0.3234683624161074
-1.152681683977664,-1.1026586124215818,-0.0500230715560821,0.3672524791666667
-0.6873419450656979,-0.4267668361229298,-0.2605751089427681,0.3672524791666667
-0.4750903084483765,-0.18495999089166915,-0.2901303175567074,0.345568697368421
-1.0722429096301052,-1.0662727948928146,-0.005970114737290588,0.3425733024691358
-0.8532838547742886,-0.4743338759754679,-0.3789499787988207,0.3818871419753086
0.5660730750387806,0.7672804140437512,-0.20120733900497068,0.3960697315436241
-0.1948972788340932,0.5353648160006822,-0.7302620948347753,0.3279570604026846
-0.6310551856362124,-0.028564123019486305,-0.6024910626167261,0.3924679037433155
-1.1123589531577482,-1.1143017359202398,0.0019427827624916016,0.3330391923076923
-0.6257286086738992,-0.3902243476542604,-0.23550426101963884,0.3062974840764331
1.9125469076746515,0.47007713874277746,1.4424697689318742,0.4077540532544379
0.9061826993439492,-0.31518950042577876,1.221372199769728,0.3571249225352113
-0.1028258739159762,-0.10763341701826318,0.004807543102286982,0.4236190132450331
2.1651726457947125,1.8922837759233924,0.2728888698713201,0.38214178
-1.1856442271178051,-0.6559167100138988,-0.5297275171039063,0.3427241592356688
-0.2353320573971551,-0.2169487172365739,-0.018383340160581185,0.4489242193548386
-0.2907921251024896,-0.26472793080227286,-0.026064194300216725,0.4103113666666667
-1.0577681632107063,-1.038118751793937,-0.019649411416769347,0.4135580243902439
2.1651726457947125,1.354828478020935,0.8103441677737775,0.4581912866666666
-0.4164620437205504,-0.3592573978089417,-0.057204645911608676,0.4699289935064935
-1.1390241984871006,-1.179194278730538,0.04017008024343749,0.3608544807692307
-0.5551225623832277,-0.16602965462066605,-0.3890929077625616,0.3859531132075471
1.3585255739395752,1.4825836893004565,-0.1240581153608813,0.3336369019607843
-0.7511073345304174,-0.5656699759758277,-0.18543735855458976,0.32182454
0.4024832095961753,0.3062525035982136,0.09623070599796169,0.3999173558282208
0.1344883294486457,-0.5304918334355593,0.6649801628842049,0.3754729428571428
-1.0820020455679114,-1.0224888930020346,-0.05951315256587675,0.4077540532544379
-1.1372749949367178,-1.0045895160224934,-0.13268547891422444,0.3683428963414634
-0.1315552875017873,0.07788647268552072,-0.20944176018730803,0.5263955251396648
2.1651726457947125,0.4540548637329712,1.7111177820617414,0.4142846265822784
0.3509673111128696,0.22710309559551517,0.12386421551735444,0.3993076298701298
-1.1157241035263794,-1.018013898873593,-0.09771020465278646,0.3385222580645161
-0.3392663068525479,-0.07908938640930924,-0.26017692044323865,0.4770338545454546
-0.895169881509703,-0.700986930790156,-0.19418295071954705,0.4509778670886076
-0.0939231323021334,-0.5200540739861317,0.4261309416839983,0.1728005125
-0.1112730383263968,0.17133243095138093,-0.28260546927777774,0.3581031125827814
-0.153344451770128,0.21248918958592805,-0.36583364135605606,0.3924679037433155
-0.0146956526676671,-0.27820553584317853,0.26350988317551144,0.4056208709677419
-0.4043364448366801,0.5386302001874497,-0.9429666450241297,0.4050421041666666
1.4593842969467443,1.4774881477576651,-0.018103850810920807,0.3999173558282208
-0.2410884057109072,-0.30760564887526337,0.06651724316435617,0.32182454
-0.2907921251024896,-0.2198453238211347,-0.07094680128135489,0.5642011216216216
-0.349082481258429,-0.4208621565878319,0.07177967532940288,0.4142846265822784
-0.0301943400186085,1.4855430343241383,-1.5157373743427467,0.3818871419753086
-0.2907921251024896,0.028553914637959976,-0.31934603974044956,0.3972289517241379
2.1651726457947125,0.4672605941925727,1.6979120516021398,0.345568697368421
0.0038215321715512,-0.23963524497321415,0.24345677714476535,0.3330391923076923
-0.2907921251024896,-0.3215673074580698,0.03077518235558019,0.3691574802631578
-0.524453479970183,-0.4288781298296732,-0.09557535014050977,0.3794539181286549
-0.2053307343854981,-0.563490030972854,0.3581592965873559,0.3801381595092024
-0.5607052380024713,-0.26500993860533073,-0.29569529939714057,0.3989209285714286
-0.8365920593822604,0.6819617422230647,-1.518553801605325,0.3801381595092024
-0.5250047925344947,0.3706502763255186,-0.8956550688600133,0.5528236513157895
-0.7770144326271999,-0.5459716895415462,-0.23104274308565376,0.3801381595092024
-1.1344829346678298,-1.1905989133926875,0.05611597872485774,0.4505385
2.1651726457947125,1.5043206375695541,0.6608520082251583,0.4056208709677419
-0.5170898253892026,0.7107882527803615,-1.2278780781695642,0.3448446496815286
0.8233366087932943,2.0106052353318087,-1.1872686265385144,0.3754729428571428
-0.9269336850633404,-0.9118721129417365,-0.015061572121603861,0.3336369019607843
-0.2322274091372765,-0.09749102329488948,-0.134736385842387,0.3754729428571428
0.9343021645318546,0.7897017408244564,0.14460042370739812,0.4581912866666666
-0.6160557526597679,-0.47973414608526155,-0.13632160657450632,0.3683428963414634
2.1651726457947125,2.294053021860762,-0.12888037606604952,0.3999173558282208
-0.1651614758457889,-0.24304855840566245,0.07788708255987353,0.3581031125827814
-0.63132098337614,-0.8674329272484657,0.2361119438723257,0.3683428963414634
-1.0901899502649832,-0.8644657573879944,-0.22572419287698886,0.3841937837837837
1.081217842050968,1.3762906206151317,-0.2950727785641638,0.3234683624161074
-0.9894965490822714,-0.6744998980403241,-0.3149966510419473,0.4056208709677419
-0.2907921251024896,-0.04725367518950355,-0.24353844991298604,0.451932013245033
-1.1420292411817845,-0.8803621576761077,-0.2616670835056768,0.2308548911564625
0.6520203719069447,0.1201441749273218,0.531876196979623,0.2730334219653179
-0.791714238340141,-0.6013515216539979,-0.19036271668614313,0.3581031125827814
0.4498564004271262,-0.23674412230794725,0.6866005227350734,0.4151807791411043
-0.7333946886654137,-0.6209235122937483,-0.11247117637166537,0.3330391923076923
-1.10621478073896,-0.9255771825272754,-0.18063759821168457,0.2730334219653179
-1.0579729703498837,-1.1874768979523,0.12950392760241636,0.3794539181286549
-0.9995818948703952,-1.0385733085027338,0.0389914136323386,0.3993076298701298
-0.7680958425485171,0.43728178426298486,-1.205377626811502,0.3993076298701298
0.83574511291656,1.251165902259458,-0.41542078934289794,0.3993076298701298
-0.5526461700257222,-0.6252356348966785,0.0725894648709563,0.3972289517241379
0.9306663098330288,2.450890124380574,-1.5202238145475453,0.3672524791666667
1.4878840377367948,1.0021481680532238,0.48573586968357096,0.3999173558282208
-0.6497610081712107,-0.221501925941823,-0.42825908222938774,0.3425733024691358
-0.0463706035170199,1.1661095277217333,-1.2124801312387532,0.4505385
-1.1101140496484694,-0.9292720169800672,-0.18084203266840215,0.4103113666666667
-0.4989978777128396,0.20767266469526294,-0.7066705424081026,0.3989209285714286
1.1675825580236647,0.29452487575278036,0.8730576822708844,0.4270410310559006
-0.2449798725674424,-0.20117502612659904,-0.04380484644084337,0.3972289517241379
0.3252721642457743,-0.6704633407288628,0.9957355049746371,0.3608544807692307
-0.4630797123546283,-0.24041462137983338,-0.22266509097479492,0.4236190132450331
-0.4356654119401932,-0.5413772217511752,0.105711809810982,0.4770338545454546
2.1651726457947125,2.194264811768726,-0.02909216597401354,0.3581031125827814
0.3228744777955751,1.275288604782125,-0.9524141269865499,0.4505385
0.0935955396013702,0.5616380719498206,-0.46804253234845045,0.37639671875
0.4916403784045987,-0.4301957816611382,0.9218361600657369,0.4862467272727273
-0.1405565408499222,0.2228668024417217,-0.3634233432916439,0.4142846265822784
-0.917179437293803,-0.6336977592791011,-0.2834816780147019,0.3818871419753086
0.4437312227127632,-0.3712197547771371,0.8149509774899003,0.3234683624161074
-0.2907921251024896,-0.12115177469790471,-0.16964035040458486,0.3841937837837837
0.7859063828601476,1.1487400413557378,-0.36283365849559024,0.37639671875
-1.1049080011645356,-0.958072463143398,-0.14683553802113758,0.3993076298701298
-1.0366272964733014,0.44459691218921854,-1.48122420866252,0.3794539181286549
2.1651726457947125,2.2653106888664927,-0.1001380430717802,0.4236190132450331
-0.4697720740761191,-0.42463461066027997,-0.04513746341583913,0.4108178661971831
2.1651726457947125,1.8642725743212143,0.3009000714734982,0.451932013245033
2.1651726457947125,2.3605959970226156,-0.1954233512279031,0.3999173558282208
-0.5966326844822155,-0.2820140465714132,-0.3146186379108023,0.4862467272727273
-0.1483487437993657,0.012781989250793215,-0.1611307330501589,0.4108178661971831
-0.9723376327873572,-0.7120099553549749,-0.2603276774323823,0.3062974840764331
-1.1865954230252451,-1.1191865038793785,-0.06740891914586666,0.3425733024691358
-0.730813416108655,-0.4414696778771758,-0.28934373823147924,0.4056208709677419
-0.8781155681332566,-0.8803165417821779,0.002200973648921245,0.3571249225352113
0.1495503655251303,0.16137094185763165,-0.011820576332501359,0.4142846265822784
0.0335853425396639,-0.12608235478230173,0.15966769732196562,0.3448446496815286
-0.510501928678705,-0.34610013956826097,-0.16440178911044406,0.3385222580645161
-0.283947652743969,-0.08560355591870367,-0.19834409682526533,0.5642011216216216
-0.2907921251024896,-0.2716795862298682,-0.019112538872621376,0.3801381595092024
0.578222390363486,-0.053038321577417676,0.6312607119409037,0.32182454
0.237706302298206,0.8346618418283106,-0.5969555395301046,0.4077540532544379
-0.3811870592526112,0.15098848622661856,-0.5321755454792297,0.1728005125
-0.6103474085077157,-0.8390830171952876,0.2287356086875718,0.4707778461538461
0.2390558923382123,-0.09389776197089404,0.33295365430910634,0.451932013245033
0.9549551958396624,0.5396642770194635,0.41529091882019886,0.451932013245033
2.1651726457947125,2.256571481539104,-0.09139883574439134,0.4095118375
0.0290157825311938,-0.15411680934252112,0.18313259187371492,0.4108178661971831
-0.6748022652225991,-0.5873253199009271,-0.08747694532167205,0.3330391923076923
-0.7168067283708927,-0.2499149303275905,-0.46689179804330216,0.3818871419753086
-0.0120664694458013,0.13181114900849644,-0.14387761845429775,0.451932013245033
-0.3003425132574312,-0.41197988778583633,0.11163737452840511,0.3972289517241379
-1.0606730124209425,1.181068958266758,-2.2417419706877,0.3818871419753086
-0.8946544173614989,-0.9690841983246763,0.07442978096317743,0.37639671875
-0.333361171784878,-0.23248956433903373,-0.10087160744584428,0.4056208709677419
0.5119237871754444,1.0162353927454486,-0.5043116055700042,0.4707778461538461
2.1651726457947125,1.8522242223986325,0.31294842339608,0.3978908843930636
-0.6810191294199728,-0.31824639421123013,-0.36277273520874265,0.5263955251396648
0.2927850180020616,-0.3914166325279548,0.6842016505300164,0.4489242193548386
-0.793415644174055,-0.5408555961237105,-0.2525600480503445,0.3547797567567567
-0.2809217123722567,0.3562406986531727,-0.6371624110254295,0.3427241592356688
0.1219787047984431,-0.5457008295619168,0.6676795343603599,0.3448446496815286
2.1651726457947125,2.4130458682630045,-0.24787322246829202,0.4095118375
2.1651726457947125,1.0415894980031966,1.123583147791516,0.451932013245033
-0.7403046775728902,-0.42375936121264074,-0.31654531636024946,0.5263955251396648
0.4284951078654663,0.3248318417349065,0.10366326613055982,0.3859531132075471
-0.5639083619449897,0.07349172747716398,-0.6374000894221536,0.3999173558282208
-1.2022031844522725,-1.0918585639068528,-0.11034462054541971,0.3448446496815286
-0.1466576701313107,0.5873572582442752,-0.7340149283755859,0.5642011216216216
0.3262549865642777,-0.2929129351304526,0.6191679216947303,0.3330391923076923
2.1651726457947125,1.047984367082014,1.1171882787126985,0.5528236513157895
2.120091139800329,0.3173671182961864,1.8027240215041427,0.3691574802631578
0.0952601279824554,-0.15541665682255223,0.25067678480500766,0.3801381595092024
-1.1675381341200466,-1.1330674422261224,-0.034470691893924155,0.3425733024691358
-0.2907921251024896,-0.21473770262280054,-0.07605442247968905,0.3801381595092024
-0.2907921251024896,-0.09640995866723895,-0.19438216643525064,0.4151807791411043
-0.6607007362841598,0.7471413749144538,-1.4078421111986135,0.37639671875
1.1391068700244813,0.5158528568478474,0.6232540131766339,0.4135580243902439
2.144455662569756,0.8812991436463328,1.2631565189234233,0.5528236513157895
-1.0493053782135824,-1.139093073009515,0.08978769479593263,0.2730334219653179
-0.7717720441965535,-0.389832798934614,-0.38193924526193956,0.37639671875
-0.7658878551388961,-0.4087594967043798,-0.35712835843451635,0.3425733024691358
-0.2907921251024896,-0.46318601821836713,0.17239389311587755,0.3924679037433155
-0.4127216725083711,-0.4055597211132525,-0.007161951395118604,0.37639671875
-0.7567347779822622,0.9225386515206699,-1.6792734295029321,0.4050421041666666
0.2195383240640782,0.9890943565149807,-0.7695560324509025,0.3336369019607843
-0.8583550311347421,-0.6426747548808255,-0.21568027625391661,0.1728005125
-0.6129917520436508,-0.5644812621565747,-0.04851048988707607,0.3924679037433155
0.0741581826881571,0.9734288980121892,-0.8992707153240321,0.2560125510204081
-0.2907921251024896,-0.724909626549669,0.43411750144717937,0.3794539181286549
-0.1877198746163977,-0.2186661126317328,0.03094623801533511,0.2308548911564625
-0.4772084175040121,-0.13283786623872598,-0.34437055126528615,0.345568697368421
0.2189061674521558,-0.541850407607379,0.7607565750595349,0.3691574802631578
-0.784808900888161,-0.6113757879707808,-0.17343311291738017,0.4770338545454546
-0.7555256594419861,-0.5153697817568513,-0.2401558776851348,0.3571249225352113
-1.194885117383769,-0.6539720376630624,-0.5409130797207065,0.5528236513157895
-0.1927240594795253,0.06290450405026271,-0.255628563529788,0.3794539181286549
0.5869940679780008,0.5232488004162691,0.06374526756173171,0.4505385
2.1651726457947125,1.9885694947131196,0.17660315108159286,0.32182454
-0.2907921251024896,0.3165207912815511,-0.6073129163840407,0.3683428963414634
1.663071782334128,1.992472659140447,-0.329400876806319,0.3924679037433155
-0.915430254067044,-0.8941252917370153,-0.021304962330028765,0.3794539181286549
-0.8200329047541356,-0.3780153411326487,-0.4420175636214869,0.3547797567567567
-0.4397762895490752,-0.5344653934164398,0.09468910386736462,0.3427241592356688
-0.8861112497779143,-0.8093716733018235,-0.07673957647609086,0.3989209285714286
-0.3806197888799867,0.0300014811219012,-0.4106212700018879,0.3999173558282208
-0.4469538344078319,-0.16364791778699034,-0.28330591662084154,0.3234683624161074
1.7246772404494597,1.5784998139576392,0.14617742649182053,0.2560125510204081
-0.3918365981077031,-0.45958062451306964,0.06774402640536653,0.3691574802631578
-1.116875727327284,-0.2824413839225155,-0.8344343434047685,0.3496421194968553
-0.4983397496490361,-0.5216717165162441,0.02333196686720801,0.3989209285714286
-0.254459587994799,1.204930283018176,-1.4593898710129751,0.4142846265822784
-0.0642858303514772,-0.29619795305909613,0.23191212270761893,0.4056208709677419
2.1651726457947125,1.5459153395249214,0.619257306269791,0.3547797567567567
0.1739128575168654,-0.01414991899716381,0.1880627765140292,0.4103113666666667
0.9958883318438048,-0.2036572790910676,1.1995456109348723,0.2730334219653179
-1.109999873273147,-1.1341317080632203,0.024131834790073192,0.32182454
-0.6957641197384629,-0.6018770253840249,-0.09388709435443798,0.4862467272727273
-0.1073182386209905,-0.43597482931305276,0.32865659069206227,0.4056208709677419
-1.084789079206415,-0.6182435635619699,-0.46654551564444513,0.2560125510204081
0.4791031274920551,1.418286240153129,-0.939183112661074,0.3062974840764331
-0.2907921251024896,-0.6546301157515452,0.3638379906490556,0.3691574802631578
2.1651726457947125,1.0468225383690357,1.1183501074256768,0.4142846265822784
1.981383363364007,0.29921688660536083,1.6821664767586462,0.4077540532544379
-0.488516043221019,-0.4953370181516943,0.006820974930675294,0.1728005125
0.100955594167352,-0.3822865236773958,0.4832421178447478,0.32182454
-0.2907921251024896,-0.7416163778128776,0.450824252710388,0.3448446496815286
-1.1663987414562669,-1.2464516466758269,0.08005290521955999,0.3960697315436241
-0.4768122455002153,-0.4843779644330736,0.007565718932858345,0.5263955251396648
0.553166655206219,0.26350926300224203,0.28965739220397696,0.3385222580645161
0.326479472676165,0.11226270217492927,0.21421677050123572,0.3062974840764331
-1.0372176597120275,-0.7716553240722553,-0.26556233563977216,0.4095118375
-0.0114015652560449,0.3724826980311895,-0.3838842632872344,0.3425733024691358
-0.2907921251024896,-0.4066136101241717,0.1158214850216821,0.3913449937106918
-0.8405264273089149,-0.9066480266644724,0.0661215993555575,0.3993076298701298
-0.837513671541489,-0.9917819911665103,0.1542683196250213,0.3385222580645161
-1.0200110819838135,-0.941657853998944,-0.07835322798486954,0.3279570604026846
-0.7680014779427609,-0.8105414437635013,0.04253996582074049,0.3999173558282208
-0.6734587904936433,-0.45596442589343195,-0.21749436460021138,0.4050421041666666
2.1651726457947125,0.6182754279683116,1.5468972178264009,0.4151807791411043
0.7116221508920447,-0.41375168861077183,1.1253738395028166,0.3691574802631578
-0.2907921251024896,-0.12269536053763898,-0.16809676456485062,0.3859531132075471
0.0171995702119688,-0.13155121392378535,0.14875078413575415,0.3062974840764331
-0.8702798619322483,0.1717182359337195,-1.0419980978659678,0.4707778461538461
0.378675484392453,0.4465619999061303,-0.0678865155136773,0.2853974074074074
-0.2907921251024896,0.1638392406045685,-0.4546313657070581,0.3960697315436241
-1.1129116043872609,-0.3531818103475819,-0.759729794039679,0.451932013245033
-0.1840465745321174,0.3152223644393981,-0.4992689389715155,0.4050421041666666
-0.546966093934657,-0.5092912605843543,-0.03767483335030275,0.5642011216216216
-1.0295299275973055,1.022390419907044,-2.0519203475043497,0.3427241592356688
-1.1328730837878211,-0.5362779311610087,-0.5965951526268124,0.3999173558282208
-1.0684710181809596,-1.3042175439816193,0.2357465258006597,0.5263955251396648
0.7687015601739108,0.633449603508816,0.13525195666509482,0.3683428963414634
2.1651726457947125,0.369934213020985,1.7952384327737274,0.32182454
-0.8115047695210629,-0.5890061609387747,-0.2224986085822882,0.4142846265822784
-0.0037828729667603,-0.2886408848041104,0.2848580118373501,0.3978908843930636
2.1651726457947125,0.7286684165135509,1.4365042292811616,0.4095118375
2.1651726457947125,1.9300622057118135,0.23511044008289894,0.3385222580645161
0.1997740757262322,-0.48022944595523837,0.6800035216814706,0.4135580243902439
2.1651726457947125,1.331052628703075,0.8341200170916374,0.3801381595092024
-0.7575522381063806,-0.7435541964882778,-0.013998041618102808,0.4056208709677419
-0.3772106309328297,-0.32965418030503196,-0.04755645062779773,0.3691574802631578
-1.1678087473306802,-1.2438054894912347,0.07599674216055452,0.451932013245033
2.1651726457947125,2.3133156680486886,-0.14814302225397613,0.3672524791666667
0.3184701726188769,0.8053933255715876,-0.4869231529527107,0.3581031125827814
2.1651726457947125,1.2812410452713243,0.8839316005233882,0.4056208709677419
2.1651726457947125,2.1810412359114326,-0.01586859011672015,0.4103113666666667
-0.2640235295901625,1.0295278002520714,-1.2935513298422339,0.3683428963414634
-1.2382105887428547,-0.13069295330354688,-1.107517635439308,0.5642011216216216
-0.132284817645835,1.0605482432037616,-1.1928330608495967,0.2560125510204081
0.1624272206257365,0.8918436674844032,-0.7294164468586668,0.4770338545454546
-0.4456727048709418,-0.6875902953135078,0.241917590442566,0.3608544807692307
-0.8645123748464373,-0.5404354392567603,-0.324076935589677,0.4505385
0.772520300547193,-0.07787766672966998,0.850397967276863,0.3978908843930636
0.2819889549313655,0.8067984129623396,-0.5248094580309741,0.4135580243902439
-0.2907921251024896,-0.16544726747204466,-0.12534485763044492,0.4077540532544379
-0.3976301699505881,0.43312317073585416,-0.8307533406864422,0.4095118375
-0.6583774196386855,-0.27475541237197265,-0.3836220072667128,0.3062974840764331
-1.1535879598036023,-1.2228008334636467,0.06921287366004436,0.3385222580645161
-0.2041431042147079,-0.45981441900545456,0.2556713147907467,0.4581912866666666
2.1651726457947125,0.7216348341682026,1.4435378116265098,0.4151807791411043
-0.4763045356266415,-0.36535493371984146,-0.11094960190680003,0.3427241592356688
2.1651726457947125,2.1746764603810704,-0.009503814586357962,0.4505385
-1.1789946006288328,-1.289263764453441,0.11026916382460827,0.3571249225352113
0.4466097518397547,0.44359967445707155,0.003010077382683163,0.3972289517241379
0.1468167584941599,0.768708698744031,-0.6218919402498712,0.4077540532544379
-0.3276757129047972,-0.05727347803248431,-0.27040223487231285,0.3279570604026846
-0.9018622365358868,-0.9705876822649061,0.06872544572901929,0.3691574802631578
-0.9734495445839216,0.13857064509227668,-1.1120201896761983,0.3841937837837837
-1.2089320411425808,-1.0675614594620715,-0.1413705816805093,0.3427241592356688
-0.8554229399490093,-0.7417430748648947,-0.11367986508411465,0.4095118375
-0.2907921251024896,-0.8024544496328327,0.5116623245303431,0.32182454
0.4362413695208336,0.1037935173465237,0.3324478521743099,0.4095118375
-0.6780804312737326,-0.8406885999600131,0.16260816868628047,0.4581912866666666
-0.3572956217159708,0.6922679123052575,-1.0495635340212284,0.4050421041666666
0.847595654332258,1.087977853780098,-0.2403821994478399,0.4699289935064935
-0.7739780238064593,-0.127855648722967,-0.6461223750834924,0.3683428963414634
-0.2907921251024896,0.13624190054983637,-0.42703402565232595,0.3427241592356688
-1.171540073936013,0.7648047724745197,-1.9363448464105326,0.4142846265822784
-0.2800607176989851,-0.14909524946067615,-0.13096546823830896,0.3993076298701298
-0.5909068176424356,-0.8720041359055087,0.28109731826307316,0.3571249225352113
0.6168865997803828,0.045042249036839586,0.5718443507435432,0.345568697368421
2.1651726457947125,2.449691875030274,-0.2845192292355616,0.3062974840764331
-0.6062093737041453,-0.20237708815491434,-0.40383228554923095,0.3989209285714286
-0.9120977458944936,-0.19702442419196614,-0.7150733217025274,0.4862467272727273
0.4806494315903109,0.6583859277247895,-0.17773649613447862,0.3385222580645161
-0.1285321900603743,0.6669972845904406,-0.7955294746508149,0.3683428963414634
2.1651726457947125,1.5696245131801858,0.5955481326145267,0.4151807791411043
-0.9851515666618044,1.5225862435900512,-2.5077378102518555,0.3818871419753086
-1.0001793283135525,-0.8794040055010547,-0.12077532281249781,0.3859531132075471
-0.2814233865653526,-0.4883031409221882,0.2068797543568356,0.4135580243902439
2.1651726457947125,1.560521793961908,0.6046508518328044,0.4581912866666666
2.1651726457947125,2.422128638883386,-0.25695599308867356,0.4103113666666667
-0.9549123686280714,1.6305407582427005,-2.585453126870772,0.37639671875
-1.136778255026312,-0.9552189657645919,-0.18155928926172005,0.4505385
-0.7091268441462456,-0.603464733722763,-0.10566211042348261,0.3672524791666667
2.0975540566682125,1.944192191438425,0.15336186522978745,0.3972289517241379
2.118567147316983,0.9738474876272727,1.1447196596897105,0.4509778670886076
-1.081603765651734,-0.875437614303086,-0.20616615134864813,0.4489242193548386
-0.5861005844788972,-0.5553577913987594,-0.03074279308013783,0.3960697315436241
1.055181842261654,0.5641794035741197,0.49100243868753424,0.4770338545454546
-0.837461589581354,0.2546911131747451,-1.092152702756099,0.4489242193548386
-0.7157712381538607,0.6651553041232556,-1.3809265422771162,0.3496421194968553
-0.2157757854952821,-0.5497242719062143,0.3339484864109322,0.3608544807692307
-0.6688686826280243,-0.7064912000087604,0.037622517380736076,0.3425733024691358
-0.6167201822354637,-0.43110827841083604,-0.1856119038246276,0.4862467272727273
0.059612499373681,-0.03689209977941178,0.09650459915309278,0.3385222580645161
-0.5268879062234982,0.10997605606051365,-0.6368639622840119,0.2853974074074074
-0.4074268871608466,0.2169853544379752,-0.6244122415988218,0.3234683624161074
-0.9942128824589188,-0.19919589932769374,-0.795016983131225,0.4108178661971831
-0.308036243297439,-0.0788170814737343,-0.22921916182370472,0.4050421041666666
2.1651726457947125,-0.27041152900326715,2.4355841747979796,0.3683428963414634
-0.687563163154726,-0.36416439022988906,-0.32339877292483693,0.3683428963414634
1.6975457604936106,0.24680670047088774,1.4507390600227228,0.3989209285714286
-0.7892199849640164,-0.9355881829760172,0.14636819801200085,0.4135580243902439
2.1651726457947125,2.2229201324718577,-0.05774748667714524,0.3336369019607843
0.4747260833071101,1.9829813382050179,-1.5082552548979078,0.4050421041666666
0.9733170598601042,1.3740852876871519,-0.4007682278270477,0.3841937837837837
1.2245076888152964,1.1105847963513624,0.11392289246393394,0.4108178661971831
-0.5945036287979429,0.020048713118891268,-0.6145523419168342,0.3999173558282208
0.9611044322874722,0.6137445620177597,0.3473598702697125,0.3794539181286549
0.5235532701594321,0.013688434097151373,0.5098648360622807,0.4489242193548386
-0.2907921251024896,-0.859926804297438,0.5691346791949483,0.4270410310559006
-0.5166973556127813,-0.2828490463466711,-0.23384830926611022,0.3972289517241379
-0.5820839506433102,-0.46267746904960677,-0.11940648159370343,0.3330391923076923
-0.4725864106609915,0.12669500976951512,-0.5992814204305066,0.1728005125
2.1651726457947125,2.330869750305531,-0.16569710451081843,0.4489242193548386
0.5048029369074631,-0.5234235359476933,1.0282264728551564,0.3608544807692307
-0.8000154046513784,-0.3488667622608608,-0.45114864239051766,0.5528236513157895
-1.0809511383173516,-1.082762811392081,0.001811673074729514,0.5263955251396648
-1.045059459038454,-1.0418790693754674,-0.0031803896629867268,0.3691574802631578
-0.5276518276630235,-0.2537174189530339,-0.27393440870998964,0.2853974074074074
-0.2907921251024896,-0.7952573820017436,0.504465256899254,0.3336369019607843
0.0293466733122051,-0.1255962016259086,0.1549428749381137,0.3330391923076923
1.7026147004631025,1.4421057839083624,0.26050891655474007,0.3989209285714286
-1.126050276887672,-0.9503897391314422,-0.1756605377562297,0.4489242193548386
2.0487165649859,0.35023401246533703,1.698482552520563,0.4077540532544379
-0.7093982845640231,-0.32691062290699846,-0.38248766165702464,0.1728005125
-0.68331686880471,-0.7601515554846601,0.07683468667995008,0.3683428963414634
0.7750006031223758,0.6880897424308136,0.08691086069156229,0.2853974074074074
-0.1463845729222133,-0.4959895038863301,0.3496049309641168,0.3571249225352113
0.9702390941808536,0.08988217707626311,0.8803569171045905,0.3801381595092024
-1.088333812680445,-1.1328544224373818,0.044520609756936835,0.3691574802631578
-1.1172386322528984,-0.9622708204137715,-0.1549678118391269,0.3062974840764331
-1.1662349367328806,-0.8021996347549906,-0.36403530197789,0.2853974074074074
0.0044928911917654,0.6053630786710074,-0.6008701874792419,0.3234683624161074
-0.662127526381686,-0.6720128328003986,0.009885306418712547,0.3913449937106918
-0.030559477096144,-0.41630883282608283,0.38574935572993885,0.2853974074074074
-0.841493684821733,-0.8473984413555424,0.005904756533809397,0.3336369019607843
-0.8843491464312984,-0.4358247332420622,-0.44852441318923614,0.37639671875
-0.966610734672234,-0.46110557874197,-0.505505155930264,0.3547797567567567
-0.2757165173616707,-0.4837666428735034,0.20805012551183272,0.2730334219653179
2.1651726457947125,1.0790026584560888,1.0861699873386237,0.4095118375
-0.2907921251024896,-0.9564190718918023,0.6656269467893128,0.2853974074074074
0.7555468011092853,-0.38216447182472724,1.1377112729340126,0.3062974840764331
-0.4595936728722426,-0.5399572765142552,0.08036360364201256,0.4108178661971831
-1.133353790577616,-1.1148944330120487,-0.01845935756556738,0.3859531132075471
-1.2913418853065666,-0.5933243629815206,-0.698017522325046,0.4505385
0.4881122547587654,-0.19230527821890359,0.6804175329776689,0.3978908843930636
-0.411807212442327,0.043725256819839076,-0.45553246926216606,0.451932013245033
-0.5138484934301221,-0.5548104098560345,0.040961916425912404,0.5263955251396648
0.1190304482102673,0.9569312614565164,-0.8379008132462491,0.3234683624161074
-0.1720694201095538,0.14436453528284499,-0.3164339553923988,0.3978908843930636
0.2324235237356005,-0.3059412832077254,0.5383648069433259,0.4095118375
-0.956644847618845,-0.48960157994329323,-0.4670432676755518,0.2560125510204081
-0.5627876995012054,-0.3969910760490357,-0.16579662345216972,0.4509778670886076
-1.009936474675556,0.3018311862478794,-1.3117676609234352,0.5263955251396648
-0.6494381945450131,-0.46662124525805176,-0.1828169492869613,0.3234683624161074
-0.4489629082122386,0.3243915114348132,-0.7733544196470519,0.3496421194968553
0.4159849261974263,0.09070468844978939,0.32528023774763687,0.37639671875
2.1651726457947125,0.998715937233762,1.1664567085609505,0.4505385
2.1651726457947125,2.005008943744936,0.16016370204977637,0.4707778461538461
0.0335369758805805,-0.04215200777563087,0.07568898365621138,0.4108178661971831
-0.9928872591216028,0.5315152298962964,-1.5244024890178993,0.5263955251396648
-0.0083464012564727,0.5024841061205693,-0.5108305073770419,0.3924679037433155
-0.962467689917121,-0.7048501395385504,-0.2576175503785706,0.2560125510204081
-0.4995185879707181,-0.27506969002372395,-0.22444889794699413,0.3794539181286549
0.6895181336777506,-0.37416625028256534,1.0636843839603158,0.4108178661971831
-1.155265700817893,-1.174805252698986,0.01953955188109302,0.3608544807692307
0.5458768225240822,0.18004596459672123,0.365830857927361,0.3993076298701298
0.2425548474240939,0.2203409723544546,0.02221387506963929,0.4095118375
-1.0058063023015729,-0.9713062291236508,-0.03450007317792203,0.3993076298701298
2.1651726457947125,1.9074129524636463,0.2577596933310662,0.3841937837837837
-0.9983743530946942,-1.046245419173996,0.047871066079301805,0.3859531132075471
-0.4894539840055561,0.45952522342926005,-0.9489792074348162,0.3960697315436241
-1.1290443369020668,-1.1616054009949788,0.03256106409291193,0.451932013245033
0.8110760982875952,1.6380021734806498,-0.8269260751930546,0.37639671875
-0.9247244537132449,-0.30709000062484837,-0.6176344530883965,0.3496421194968553
-1.11001315882206,-0.756473807509555,-0.35353935131250513,0.2560125510204081
-0.3592104521432543,-0.4811722188096005,0.12196176666634617,0.3691574802631578
2.1651726457947125,2.2202291283112214,-0.055056482516508964,0.3859531132075471
-0.9074068546046956,0.9291217901245383,-1.836528644729234,0.3427241592356688
0.6168808624174239,-0.34040760377065815,0.957288466188082,0.4077540532544379
0.2322286859479612,0.5872885176599858,-0.3550598317120246,0.4270410310559006
-1.2640284804052555,-0.28198740250035187,-0.9820410779049036,0.3818871419753086
-0.3743562429430616,-0.52930676553279,0.1549505225897284,0.4095118375
-1.1041397296771742,-1.1986740247758327,0.09453429509865852,0.4135580243902439
2.1651726457947125,1.9554940998095776,0.2096785459851349,0.4489242193548386
2.1651726457947125,1.690821278284453,0.4743513675102595,0.32182454
-1.1317408364823018,-1.191095027575574,0.059354191093272224,0.3978908843930636
0.2241074534335803,0.8563185086350075,-0.6322110552014272,0.3425733024691358
0.6722029236052359,-0.04446475151673032,0.7166676751219663,0.4135580243902439
-0.5242494387107235,-0.41322617574450643,-0.11102326296621706,0.3691574802631578
-0.8105506185666466,-0.4894902341613053,-0.32106038440534124,0.3978908843930636
0.0933521390495054,0.404572915494209,-0.3112207764447036,0.3993076298701298
-0.9907439960357816,-1.0247068170499543,0.033962821014172695,0.4489242193548386
0.2255992446602854,0.9216472697430609,-0.6960480250827755,0.3330391923076923
-0.8123876717138004,0.776701969843753,-1.5890896415575533,0.3547797567567567
0.8281783350066526,0.8267117573900624,0.0014665776165901923,0.4077540532544379
-0.4865959892658654,-0.39870134812904756,-0.08789464113681783,0.3330391923076923
0.1404989037142663,0.7594760824694143,-0.618977178755148,0.3427241592356688
-1.098091424187998,-1.0819044902830868,-0.016186933904911216,0.4270410310559006
-1.136871149873551,-1.3145300454811433,0.17765889560759218,0.3972289517241379
0.1516121801237146,0.20273947076109428,-0.05112729063737967,0.4509778670886076
0.3651853197706612,-0.15834437374774793,0.5235296935184092,0.3913449937106918
-0.1055019892580997,1.1779540874957053,-1.283456076753805,0.3496421194968553
0.5446945739537916,0.5101019363890967,0.034592637564694884,0.3989209285714286
0.0851343368359951,-0.17797100525696063,0.2631053420929557,0.3691574802631578
-0.9947765928299176,-0.5494827143517442,-0.44529387847817337,0.2560125510204081
-0.0299320313655186,-0.016110863742864658,-0.013821167622653941,0.3801381595092024
-0.2907921251024896,0.13845322883671105,-0.4292453539392006,0.4077540532544379
-1.122572221063507,-0.9383164018134331,-0.18425581925007384,0.2730334219653179
-0.9199306317470072,-0.2218777472657742,-0.698052884481233,0.5528236513157895
1.800969524890543,0.7226380011127531,1.07833152377779,0.32182454
-1.035484566575413,1.403260504186807,-2.43874507076222,0.3279570604026846
0.1170069093736579,-0.3207150465989192,0.4377219559725771,0.345568697368421
2.1651726457947125,0.293807334321979,1.8713653114727336,0.4056208709677419
-0.3981093550437166,-0.6811156032315215,0.28300624818780495,0.3425733024691358
-0.5284277978817004,-0.2534321478975058,-0.27499564998419457,0.3683428963414634
-1.162252131271971,-1.1849030842797394,0.022650953007768537,0.3571249225352113
-0.537316542738649,-0.6221537288002792,0.08483718606163015,0.3683428963414634
-1.0776343997714124,-0.2904802922782145,-0.7871541074931979,0.5263955251396648
0.4827687897762746,1.6190596507285475,-1.1362908609522728,0.37639671875
1.0394528185268452,0.4587833026224024,0.5806695159044428,0.3336369019607843
-0.1913289615576149,-0.2968150863544814,0.1054861247968665,0.4095118375
-0.2907921251024896,-0.7022696181330674,0.41147749303057785,0.3608544807692307
-0.3829474927342312,-0.4111161484093064,0.028168655675075205,0.5263955251396648
-0.3912387293903652,-0.07556095397665666,-0.31567777541370856,0.3336369019607843
0.8750476988458391,0.9112982242984194,-0.03625052545258034,0.4505385
0.6968795625644136,0.5193187270631365,0.1775608355012771,0.4770338545454546
2.1651726457947125,2.3359131962911626,-0.1707405504964501,0.3993076298701298
-1.1339021019805302,-0.783510736529154,-0.35039136545137617,0.4270410310559006
-0.9169375740081648,-0.5326923822309817,-0.3842451917771831,0.4862467272727273
2.1651726457947125,1.178219263661254,0.9869533821334584,0.4505385
-0.0431657752425411,-0.2928793670073978,0.2497135917648567,0.3989209285714286
-0.2018688748651921,-0.5683425579934575,0.36647368312826534,0.3913449937106918
-0.4030933228533183,-0.459207077189633,0.056113754336314714,0.4236190132450331
-0.8145061258352516,-0.9273733786316932,0.11286725279644161,0.3336369019607843
-0.5645207975107351,-0.3783598413831314,-0.18616095612760375,0.3062974840764331
0.5963011914680751,-0.5038616327196443,1.1001628241877195,0.4135580243902439
-0.7006879161517839,1.0441448256687764,-1.7448327418205603,0.4699289935064935
-1.092334553164904,-1.000805304238783,-0.09152924892612102,0.3691574802631578
-0.8915470069904098,-1.080245287505045,0.18869828051463522,0.5528236513157895
0.4323299970019672,-0.5946344457940317,1.026964442795999,0.4095118375
-1.2909457133027695,-0.28045561735263713,-1.0104900959501324,0.5642011216216216
-0.4650956280495406,-0.05281462752980454,-0.41228100051973604,0.3427241592356688
-0.6760769545873956,-0.6946897677919329,0.018612813204537337,0.345568697368421
2.1651726457947125,1.2597142891458006,0.9054583566489118,0.3427241592356688
-1.112958891873806,-0.576111170101721,-0.5368477217720851,0.3279570604026846
-0.3586670356831503,0.4838148454902446,-0.842481881173395,0.5263955251396648
1.45474914947453,1.4057311449670917,0.049018004507438206,0.4236190132450331
1.33055304736319,1.1525180823648746,0.17803496499831528,0.4577306518518518
-0.2435224734285589,-0.26459620753155744,0.021073734102998537,0.3960697315436241
-1.1041248711669374,-1.1989781140081603,0.09485324284122298,0.4077540532544379
-0.2907921251024896,0.05403744256475376,-0.3448295676672434,0.4505385
-0.2907921251024896,0.1658110187068556,-0.4566031438093452,0.3547797567567567
-0.8137884032016051,-0.8822187865624386,0.06843038336083351,0.3683428963414634
-0.3394473780592274,-0.4254868265420996,0.0860394484828722,0.4699289935064935
-0.6750743236687025,-0.11613846517800833,-0.5589358584906942,0.3672524791666667
-1.167851195576199,-1.2166545552885406,0.04880335971234162,0.4108178661971831
0.141213825808018,0.3577863342158306,-0.21657250840781261,0.3330391923076923
-1.1332319657055885,-0.6076080790069113,-0.5256238866986772,0.5642011216216216
1.3796564227547543,1.286361077066276,0.09329534568847841,0.3978908843930636
-0.8575173793121061,-0.8851215660418446,0.02760418672973841,0.4142846265822784
-0.0053650294428436,-0.19591932677865634,0.19055429733581275,0.3279570604026846
-0.715361423570941,-0.5624406078104083,-0.15292081576053274,0.3924679037433155
-0.8648179942114983,-0.28079191170374584,-0.5840260825077525,0.3279570604026846
2.1651726457947125,0.6586952700565566,1.506477375738156,0.345568697368421
-0.0108573730911575,0.17490763966997513,-0.18576501276113264,0.3859531132075471
-1.1058507539730826,0.329443286714431,-1.4352940406875137,0.5263955251396648
-0.4906540971600139,-0.2271193098265173,-0.2635347873334966,0.3336369019607843
-0.9126031472738012,-0.8259450005080787,-0.08665814676572248,0.3978908843930636
-0.2960805098951207,-0.7637194785958321,0.4676389687007114,0.2730334219653179
1.3637463539606185,0.42450725950348567,0.9392390944571328,0.3794539181286549
-0.4425344948997616,0.03134418211770207,-0.47387867701746367,0.5528236513157895
1.835608015455462,1.0628377276909369,0.772770287764525,0.4077540532544379
-0.0174965194044102,-0.16004955123822348,0.1425530318338133,0.345568697368421
-0.8259526351945976,-1.041484615387914,0.21553198019331643,0.3608544807692307
-0.2907921251024896,-0.10671550701334614,-0.18407661808914344,0.3496421194968553
-0.2680568596986775,0.9007372014611803,-1.1687940611598577,0.4270410310559006
-0.8252093222265376,-0.5071426858197918,-0.3180666364067458,0.4862467272727273
0.543695865137936,1.1758595954101771,-0.6321637302722412,0.5263955251396648
-1.1603759336368722,-0.2809986710096145,-0.8793772626272577,0.3683428963414634
-0.40027960786232,-0.21123631081423414,-0.18904329704808584,0.2853974074074074
-0.767471434268645,0.1504125575010261,-0.9178839917696711,0.4509778670886076
0.7083620110632561,-0.6056786596401874,1.3140406707034435,0.4707778461538461
1.7760738333185098,0.4062577844810546,1.3698160488374551,0.3330391923076923
-1.113064483597978,-0.8274602547617043,-0.2856042288362737,0.4151807791411043
-0.8285175026648508,-0.7932336326929854,-0.03528386997186539,0.4699289935064935
-0.3355769261466334,0.38325195464363826,-0.7188288807902716,0.4142846265822784
0.2130276186953165,-0.043322293951181624,0.25634991264649815,0.4095118375
2.1651726457947125,2.3992451497959326,-0.23407250400122015,0.3999173558282208
0.4453535015085312,-0.36929474275224944,0.8146482442607806,0.3913449937106918
0.4032519116432707,-0.08771410430411757,0.49096601594738826,0.4489242193548386
0.0009271422983879,0.06820251848390887,-0.06727537618552097,0.38214178
-1.0825940306159691,-0.8454037145249285,-0.2371903160910407,0.2308548911564625
-1.1703576423342563,-0.5071981357632303,-0.6631595065710261,0.5528236513157895
0.0349151655775408,0.724130401105382,-0.6892152355278411,0.3279570604026846
1.736289206688299,0.1698482178711545,1.5664409888171444,0.4151807791411043
-0.2907921251024896,0.15101547594191478,-0.44180760104440436,0.32182454
-0.9256052050089394,-0.6140933297758433,-0.3115118752330961,0.4077540532544379
-0.7859971597839213,-0.7153610971851586,-0.07063606259876265,0.3448446496815286
-0.8557497814559698,-0.11766972765039824,-0.7380800538055716,0.4103113666666667
-1.1721125277835178,-0.9000731761089863,-0.2720393516745315,0.4699289935064935
2.1651726457947125,0.9140176473956937,1.2511549983990187,0.3859531132075471
-0.2907921251024896,-0.13676658537416653,-0.15402553972832306,0.3448446496815286
-0.0785704450312352,-0.38358679574895566,0.3050163507177205,0.1728005125
-1.136289124589669,-1.1372525830641849,0.0009634584745159547,0.3336369019607843
0.6493158407316767,0.6952538360570627,-0.045937995325386005,0.5642011216216216
-0.1186727540678507,-0.2775895214183317,0.158916767350481,0.3571249225352113
0.5654990717229513,1.2074048296834785,-0.6419057579605272,0.3794539181286549
0.3448564902757521,0.8007591707831929,-0.4559026805074408,0.3336369019607843
-0.2830747475555751,0.15831229080189868,-0.4413870383574738,0.3859531132075471
0.5739555350826449,0.06058334629251408,0.5133721887901308,0.4699289935064935
-1.1564732917189224,-1.2133789073236765,0.056905615604754045,0.3801381595092024
1.2150283378661837,0.9402589968138627,0.274769341052321,0.3801381595092024
-0.6563253171967743,-0.05631209328232501,-0.6000132239144493,0.3960697315436241
-1.1298870977588638,-0.21954395522031567,-0.9103431425385481,0.2560125510204081
2.1651726457947125,2.169392442414616,-0.004219796619903349,0.38214178
0.5773436852169566,0.8174355808084821,-0.24009189559152555,0.3993076298701298
0.3439212791163211,0.43678106999177274,-0.09285979087545165,0.3993076298701298
-1.2315634453015334,-0.6643527598270642,-0.5672106854744692,0.3801381595092024
-0.4084442766751971,-0.034517359366939865,-0.3739269173082572,0.3425733024691358
-1.084266593781022,-1.1740028909360902,0.08973629715506815,0.3801381595092024
-0.6609882081982429,-0.3549705231842618,-0.3060176850139811,0.3960697315436241
-1.2074071387313765,-0.30132552152724806,-0.9060816172041284,0.5642011216216216
0.4510638942660146,1.3101107848796205,-0.859046890613606,0.3683428963414634
-1.1425592274901943,-1.1601558511356806,0.01759662364548631,0.4489242193548386
0.5040947723195801,0.6541222637328556,-0.15002749141327554,0.4489242193548386
-0.8561716364984286,0.4611725052608607,-1.3173441417592893,0.3801381595092024
-0.0938304446924691,-0.02182147474272198,-0.07200896994974712,0.4103113666666667
-0.8600474712000383,-0.6085235226288717,-0.25152394857116667,0.1728005125
-0.6618859446554908,-0.5876136316068393,-0.07427231304865145,0.3672524791666667
-0.2907921251024896,1.2839291310284395,-1.5747212561309292,0.4108178661971831
1.82393024663148,1.1370626725698902,0.6868675740615897,0.3801381595092024
2.1651726457947125,2.108508383694449,0.05666426210026332,0.3385222580645161
1.6335670304239862,0.4264363601389907,1.2071306702849955,0.4077540532544379
-0.813813130673394,-0.2978105881975368,-0.5160025424758572,0.3989209285714286
1.024886972434408,0.8642553183568177,0.1606316540775904,0.3801381595092024
-0.2907921251024896,0.24592504109828506,-0.5367171662007746,0.3425733024691358
-0.2907921251024896,-0.8127564818741586,0.521964356771669,0.4770338545454546
-1.051897267625402,-0.9624503192252065,-0.0894469484001954,0.3818871419753086
-1.1058509471069344,0.407198464982563,-1.5130494120894975,0.3547797567567567
-0.4456067489672337,0.2173357907929002,-0.6629425397601338,0.5528236513157895
-0.2907921251024896,-0.015867034409168992,-0.2749250906933206,0.3794539181286549
-1.1764217620590116,0.30020260406496113,-1.4766243661239726,0.5642011216216216
-1.020313809689419,-0.6462393747910933,-0.3740744348983258,0.3913449937106918
-0.3231423649983341,-0.25928351407039396,-0.06385885092794014,0.2853974074074074
0.353418768008284,0.2841610900934611,0.0692576779148229,0.4489242193548386
0.0315214722045521,-0.48672202229629413,0.5182434945008463,0.3978908843930636
0.7053674205745482,0.5187708461204352,0.18659657445411293,0.3062974840764331
-0.6244523457139037,-0.44260972299579454,-0.1818426227181092,0.3385222580645161
-0.2907921251024896,-0.006051725146644276,-0.2847403999558453,0.3547797567567567
-1.1120503165467062,-1.1096287135676888,-0.00242160297901739,0.4108178661971831
-0.9891842997391096,-0.7573987461641544,-0.23178555357495523,0.3818871419753086
-0.5904649020343923,-0.2654288826481463,-0.325036019386246,0.5263955251396648
-0.0816215407405004,-0.027154202752827327,-0.05446733798767307,0.3801381595092024
2.1651726457947125,0.5109515814174195,1.654221064377293,0.3972289517241379
-0.4387268758669697,0.5653191434657561,-1.0040460193327259,0.3818871419753086
1.0895327004628286,1.4101081340001043,-0.3205754335372757,0.4135580243902439
-0.0562913847634714,-0.11158427783875488,0.055292893075283484,0.3960697315436241
0.5059323190970507,0.31811971490961205,0.18781260418743867,0.3448446496815286
1.8514130436006837,1.1582913273032724,0.6931217162974113,0.3972289517241379
1.692175674337152,-0.15601905661540774,1.84819473095256,0.4577306518518518
-0.6003229755913949,-0.38207556659599695,-0.21824740899539796,0.3062974840764331
-0.2907921251024896,-0.4635100418148099,0.17271791671232034,0.1728005125
-0.957957096149696,-0.9110024764367399,-0.046954619712956114,0.3989209285714286
-1.1299468377238324,-0.9943980269475775,-0.1355488107762549,0.4108178661971831
-0.9351741094509946,-0.4627908920245246,-0.47238321742646994,0.3924679037433155
-0.0017794176737114,-0.2969553528093839,0.2951759351356725,0.3062974840764331
-1.004695190376284,-0.9946518304208442,-0.010043359955439812,0.2853974074074074
0.99902751164405,0.32386559851742913,0.6751619131266209,0.4577306518518518
-1.1138372091679436,-0.9755157479010615,-0.13832146126688205,0.2853974074074074
2.1651726457947125,1.4463879296773352,0.7187847161173773,0.3801381595092024
2.1651726457947125,2.4193289009894614,-0.25415625519474894,0.3801381595092024
0.3119055391284424,0.09552446561319322,0.21638107351524916,0.3062974840764331
-0.2907921251024896,0.6598526162082143,-0.950644741310704,0.3330391923076923
-0.1662133945234744,-0.5334699586036067,0.3672565640801323,0.3801381595092024
1.7801649482831543,1.438945251068483,0.34121969721467127,0.3427241592356688
-0.8280321008406389,-0.9794818368745237,0.15144973603388479,0.3608544807692307
-0.2907921251024896,-0.6251856864318777,0.3343935613293881,0.3448446496815286
-1.1124066657368534,-0.7599601924270812,-0.3524464733097722,0.3999173558282208
2.1651726457947125,2.338003768114081,-0.17283112231936837,0.4050421041666666
-0.1920963178084131,0.529199574284686,-0.7212958920930991,0.3999173558282208
2.1651726457947125,1.3414666001931408,0.8237060456015717,0.3989209285714286
-0.2623040309770071,-0.2487699890212847,-0.013534041955722415,0.345568697368421
-0.6118705785379815,-0.6098528546425681,-0.002017723895413437,0.32182454
1.0116770250249656,1.5858164526548881,-0.5741394276299225,0.3999173558282208
1.6961570738232374,1.4051772933035875,0.2909797805196499,0.3427241592356688
0.777556356655682,0.49614223170755395,0.28141412494812806,0.3794539181286549
2.1651726457947125,0.49949611691232226,1.6656765288823903,0.32182454
0.7966673058702789,-0.13252041335859022,0.9291877192288691,0.4236190132450331
-0.3331878699073651,-0.4646796182886453,0.1314917483812802,0.4581912866666666
-1.2913418853065666,-0.3814571737331247,-0.9098847115734419,0.3683428963414634
2.1651726457947125,0.5397973217644313,1.6253753240302813,0.345568697368421
-0.2907921251024896,0.07843853398356439,-0.36923065908605396,0.4699289935064935
-0.2039493566924231,-0.4431681107856215,0.23921875409319843,0.3960697315436241
-0.6513999147021499,-0.4568833368893759,-0.19451657781277398,0.38214178
-0.6002808252672228,-0.41580394554326666,-0.18447687972395616,0.3691574802631578
-0.8547336719733635,-0.9147221220547859,0.059988450081422395,0.3062974840764331
-1.115874700231714,-1.1458555873875527,0.029980887155838687,0.3234683624161074
-1.1328618721201138,-1.244232052145228,0.11137018002511412,0.3571249225352113
1.3226250005991926,0.8684471489031116,0.45417785169608105,0.3972289517241379
-0.5054222884995624,-0.22024329738971055,-0.28517899110985184,0.3279570604026846
0.7677373195109015,0.34885908502063256,0.41887823449026895,0.2853974074074074
2.015636778702955,0.38066471429404025,1.634972064408915,0.1728005125
-1.1724902841675076,-1.0486444723034285,-0.12384581186407906,0.3427241592356688
-1.0619791462746175,-1.0210932164370774,-0.040885929837540136,0.5263955251396648
-1.285939118921515,0.7486456702593767,-2.034584789180892,0.4142846265822784
1.858708681391192,1.839299440008937,0.01940924138225486,0.3972289517241379
0.4205129590602863,0.15233767604794105,0.2681752830123453,0.5528236513157895
2.1651726457947125,1.8182513521132275,0.34692129368148494,0.4707778461538461
-0.2907921251024896,-0.1857655774188431,-0.1050265476836465,0.4103113666666667
0.4531684756324087,-0.4463709990814376,0.8995394747138463,0.3978908843930636
-0.1350173910640477,0.2247447441645062,-0.35976213522855394,0.3062974840764331
-0.3569441711926504,-0.2419663595651131,-0.11497781162753729,0.2308548911564625
0.937400449080836,0.02496557980018302,0.912434869280653,0.3859531132075471
-0.5383373413130922,-0.5937797696510615,0.05544242833796931,0.3841937837837837
2.055043980980933,0.19078319073934175,1.864260790241591,0.2730334219653179
-0.3306247760991727,2.048428456097306,-2.379053232196479,0.3547797567567567
2.1651726457947125,0.470897978382465,1.6942746674122475,0.1728005125
-1.1002193311715456,-1.0708879309967625,-0.029331400174783084,0.3794539181286549
2.1651726457947125,1.0524031254016053,1.1127695203931072,0.3234683624161074
0.2767324651544158,0.5692698714777921,-0.29253740632337627,0.3547797567567567
-1.2253132179938837,-1.106321584856748,-0.11899163313713568,0.3801381595092024
-1.1592845507208176,-0.9868295255820706,-0.172455025138747,0.3924679037433155
0.2195184556419158,0.51464891057792,-0.29513045493600415,0.4770338545454546
0.0548482984750574,-0.33783079707323255,0.39267909554828995,0.4151807791411043
-0.7058051019478985,-0.018589337270901007,-0.6872157646769974,0.5642011216216216
0.7281612857603018,1.4480787945281075,-0.7199175087678057,0.4095118375
-1.2913418853065666,0.10889726143040998,-1.4002391467369766,0.3448446496815286
-0.9697636434567164,1.262049088044991,-2.2318127315017073,0.3279570604026846
0.6789589723533689,1.1722956610390436,-0.4933366886856747,0.3960697315436241
-0.6619481254361747,-0.35194671109707704,-0.3100014143390976,0.3330391923076923
-0.8058447314137779,-0.3991915900544575,-0.4066531413593204,0.3279570604026846
-0.0054552687095243,0.03280940406445198,-0.03826467277397628,0.4108178661971831
-0.982029192874132,0.39735495794017145,-1.3793841508143034,0.4050421041666666
0.4238219393698751,0.4902294186595577,-0.0664074792896826,0.3571249225352113
-0.2522936055142244,-0.14644469164282486,-0.10584891387139955,0.3234683624161074
0.3733481432143444,1.1260508284169661,-0.7527026852026217,0.4270410310559006
0.1737912648016322,0.14916472934387087,0.024626535457761334,0.2853974074074074
-0.9636076693116384,-0.6082302992824401,-0.35537737002919834,0.3425733024691358
-1.191672029913441,-1.1452898071413455,-0.04638222277209536,0.37639671875
2.1651726457947125,1.4478539700417175,0.717318675752995,0.3581031125827814
-0.4850419079150034,-0.22665465901883297,-0.25838724889617043,0.3385222580645161
-1.0844348261227228,-1.1273779669259922,0.04294314080326944,0.3993076298701298
-0.3274981648557477,0.019590499419169162,-0.34708866427491686,0.2853974074074074
0.1268097605150512,0.7362533631820312,-0.6094436026669799,0.3999173558282208
2.1651726457947125,0.9509776756158155,1.214194970178897,0.3972289517241379
-0.2310211802755961,1.0853899159677947,-1.3164110962433908,0.4050421041666666
-0.3184938459286474,0.6900654947759647,-1.008559340704612,0.3425733024691358
-1.1396933147776014,-1.1260141887760469,-0.01367912600155452,0.3234683624161074
0.5307141999605215,0.43405126285300766,0.09666293710751384,0.4699289935064935
-1.1279383913766452,-0.7285179106108488,-0.3994204807657964,0.3496421194968553
-0.6943105880306805,-0.7195081783344589,0.02519759030377844,0.32182454
2.1651726457947125,1.942239271645653,0.22293337414905956,0.451932013245033
0.2113962295281495,0.6525665318685863,-0.44117030234043675,0.4236190132450331
-0.1992386742736206,0.19739214760989385,-0.39663082188351445,0.4056208709677419
-1.101338669806579,-0.04760921144926213,-1.053729458357317,0.3547797567567567
-0.9404858994913522,-0.8888515502060321,-0.05163434928532007,0.3425733024691358
-0.6584956975827629,-0.6700971692256253,0.011601471642862404,0.3062974840764331
0.5384912370494875,0.7581150904263196,-0.2196238533768321,0.3999173558282208
-0.2907921251024896,-0.7258674870721409,0.4350753619696513,0.4862467272727273
0.4529758750280749,-0.42149004832612524,0.8744659233542001,0.3978908843930636
-0.7454144767419938,-0.521368813802975,-0.22404566293901884,0.2308548911564625
0.4845906002055823,0.7823646373841159,-0.29777403717853357,0.345568697368421
1.2044641816051778,0.9151428217597807,0.2893213598453971,0.3913449937106918
-0.519037706862075,-0.13616817749606866,-0.38286952936600627,0.4050421041666666
-0.6099216824686076,-0.5378334785679657,-0.07208820390064186,0.2308548911564625
2.1651726457947125,0.5090202976603586,1.6561523481343539,0.3691574802631578
-0.2907921251024896,-0.3742010513703733,0.08340892626788371,0.4505385
-0.7642388355252161,-0.41155545497873935,-0.35268338054647674,0.3672524791666667
-0.0594851645931082,0.013289783083213963,-0.07277494767632217,0.3691574802631578
-1.2141771714796654,-0.4340748036948327,-0.7801023677848327,0.3425733024691358
-1.0037101565068038,-0.8639855258576924,-0.13972463064911145,0.3330391923076923
0.5046378651071569,-0.07891150828216095,0.5835493733893179,0.5263955251396648
-0.7120325538420736,-0.32581756482138197,-0.3862149890206917,0.4577306518518518
-0.2907921251024896,-0.580227375076755,0.28943524997426545,0.4770338545454546
0.5000445664722195,-0.025747532641668878,0.5257920991138884,0.4577306518518518
-0.2907921251024896,-0.434539717102371,0.1437475919998814,0.3385222580645161
-1.055190494709901,-0.9922871067069674,-0.06290338800293349,0.3683428963414634
-0.2477668510984205,-0.33047624395977826,0.08270939286135776,0.3801381595092024
-0.5018936565650485,-0.573793286090029,0.07189962952498052,0.3279570604026846
-0.8232768597680533,-0.00035259194871214983,-0.8229242678193411,0.5528236513157895
-0.8013075913488944,-0.7721839702819762,-0.029123621066918237,0.3608544807692307
-0.2907921251024896,-1.0206715023948354,0.7298793772923458,0.3672524791666667
-0.0316788904096003,0.01967379160862923,-0.051352682018229526,0.4581912866666666
2.1651726457947125,1.7249830093903655,0.44018963640434694,0.3234683624161074
2.1651726457947125,0.844740253246574,1.3204323925481385,0.4581912866666666
0.0827230391042616,0.38970820210131724,-0.30698516299705564,0.3234683624161074
-0.8212716751842076,0.0019630721995196106,-0.8232347473837273,0.3924679037433155
-0.2244247171378605,0.08029466293616892,-0.30471938007402943,0.3425733024691358
-0.2480889421068835,0.10194918226315021,-0.35003812437003373,0.451932013245033
-1.164279901067112,-1.1252812923421183,-0.03899860872499383,0.3960697315436241
-0.2907921251024896,-0.4602311052545302,0.16943898015204062,0.3279570604026846
-0.8467256214425753,-0.9777591541982181,0.13103353275564278,0.3913449937106918
-0.4440481710641285,-0.3020608868436764,-0.14198728422045215,0.3924679037433155
-0.8825929923996637,-0.5512693147838874,-0.3313236776157763,0.3672524791666667
-0.3130395902567784,0.40042795296794065,-0.7134675432247191,0.3672524791666667
-0.1461143293400593,1.2937676527993436,-1.4398819821394029,0.4270410310559006
-0.0212024961517357,-0.36028971744075794,0.33908722128902224,0.3993076298701298
1.6244002167954643,2.473762300686265,-0.8493620838908007,0.3989209285714286
-0.3110734472353912,0.7049946751737443,-1.0160681224091355,0.3448446496815286
-0.2906117194647765,0.5147490636597556,-0.8053607831245321,0.3425733024691358
0.8277568753438536,0.10621291605261854,0.721543959291235,0.4509778670886076
0.2868788881464899,-0.2870314551835102,0.5739103433300001,0.4056208709677419
-0.4530331702672916,-0.12043725202292752,-0.3325959182443641,0.5528236513157895
-0.6191346632092477,-0.06517271259652799,-0.5539619506127197,0.4862467272727273
-0.7846129676849313,-0.4723498661535274,-0.31226310153140385,0.3993076298701298
2.1651726457947125,2.0845547448161694,0.08061790097854304,0.3385222580645161
-0.0780651236786722,0.31364996773592396,-0.39171509141459615,0.2853974074074074
-0.5338103610792462,0.1599774322451954,-0.6937877933244416,0.3859531132075471
2.1651726457947125,2.1582455816198634,0.006927064174849118,0.38214178
1.32843535072261,1.0704344831188597,0.2580008676037504,0.451932013245033
0.8498231670790861,0.2665786506891017,0.5832445163899844,0.3801381595092024
1.055789105009546,1.7332518893783064,-0.6774627843687604,0.3234683624161074
0.554399867343078,0.7218670058440539,-0.16746713850097594,0.3427241592356688
0.0220742377312709,0.18334385511320067,-0.16126961738192977,0.3683428963414634
-0.6687240909394546,-0.6237217436991964,-0.0450023472402582,0.3581031125827814
-0.7963998331668032,-0.6183653105696783,-0.17803452259712493,0.4505385
0.6800273305845239,1.3263332432176504,-0.6463059126331265,0.3234683624161074
-0.4556665647975577,-0.4831920222009012,0.0275254574033435,0.4770338545454546
-0.2907921251024896,-0.36576662120680503,0.07497449610431545,0.3924679037433155
2.1651726457947125,1.8840018021087672,0.28117084368594525,0.5263955251396648
0.8758657056873228,0.33777114150528487,0.5380945641820379,0.2853974074074074
-0.3210988222487371,-0.28203426569543977,-0.039064556553297325,0.4581912866666666
-0.7322846761174354,-0.7705381725937959,0.03825349647636045,0.4770338545454546
-0.451457237257216,-0.08420683269513438,-0.3672504045620816,0.4095118375
-0.4340717240855953,-0.37066851919068106,-0.06340320489491424,0.3754729428571428
0.115519210999924,-0.34006664975421136,0.4555858607541354,0.4489242193548386
2.1651726457947125,1.7419939184709827,0.42317872732372974,0.3913449937106918
1.9566949771125728,0.5203259711996099,1.436369005912963,0.4056208709677419
-0.3802712518055823,-0.5041162648508508,0.12384501304526851,0.3691574802631578
0.1402305467031944,0.0934893033216432,0.04674124338155121,0.3608544807692307
2.1651726457947125,1.9312766340633922,0.23389601173132024,0.3448446496815286
-0.4196048885080031,-0.10969977801245724,-0.30990511049554587,0.4581912866666666
-0.6567958792100681,-0.6176995246977215,-0.03909635451234661,0.4577306518518518
-0.6343074860133902,-0.5593845548941615,-0.07492293111922865,0.3801381595092024
0.6895181336777506,0.44311562299543517,0.24640251068231545,0.3672524791666667
1.629265801675408,1.8520879985390215,-0.2228221968636135,0.3841937837837837
-0.8210528610668987,-1.3854459410816473,0.5643930800147486,0.4707778461538461
-0.2371214684838205,0.901290812716031,-1.1384122811998514,0.3841937837837837
-1.0753611394586178,-0.6454601939163284,-0.4299009455422894,0.3924679037433155
-0.2907921251024896,-0.6604006324600262,0.36960850735753664,0.2308548911564625
-0.9298878251623276,-0.9418328008219433,0.01194497565961572,0.4699289935064935
-0.7774167330157234,0.6205147869291836,-1.397931519944907,0.4577306518518518
-0.7132180981672638,-0.7173428427495253,0.00412474458226153,0.3960697315436241
-1.1437483936990775,-0.690795041001663,-0.45295335269741455,0.4862467272727273
-1.0433490679442596,-0.5760703812254726,-0.46727868671878703,0.5263955251396648
-0.2907921251024896,-1.0778924255754256,0.787100300472936,0.5642011216216216
2.1651726457947125,1.6532183310206137,0.5119543147740988,0.3989209285714286
-0.2000680928496735,-0.5573116109594306,0.3572435181097571,0.4095118375
-0.0614427788235976,-1.2463167391215078,1.1848739602979101,0.5642011216216216
-0.5353136448596094,-0.2562823913042986,-0.27903125355531083,0.4236190132450331
-0.5999828983739596,-0.10420339557224097,-0.4957795028017186,0.3547797567567567
-0.2070816644930908,-0.01066653957085792,-0.19641512492223287,0.3234683624161074
-0.2513903753398,1.296218163864424,-1.5476085392042238,0.5263955251396648
-1.0173140650029415,0.7680478955566743,-1.7853619605596158,0.3818871419753086
-1.2347458847471786,-0.4613101122706328,-0.7734357724765458,0.3425733024691358
-0.2907921251024896,-0.32579812020833415,0.03500599510584457,0.4151807791411043
2.1651726457947125,1.4700045056352777,0.6951681401594347,0.4151807791411043
-0.6736178646459839,0.49375507644708344,-1.1673729410930673,0.3972289517241379
1.2647659664119146,0.40785337095359053,0.8569125954583241,0.3794539181286549
1.0200112344583514,0.37160989016545176,0.6484013442928996,0.2730334219653179
-0.703327980633906,0.23363492880350972,-0.9369629094374157,0.5642011216216216
0.2515989725256195,0.8023967784321082,-0.5507978059064886,0.4050421041666666
-0.4367200511310286,0.3502703495064078,-0.7869904006374364,0.451932013245033
0.1652604443147177,0.6129789975549871,-0.4477185532402694,0.4236190132450331
-0.2907921251024896,-0.08441878364691004,-0.20637334145557956,0.3448446496815286
-0.7511073345304174,-0.6291864876736742,-0.1219208468567432,0.2308548911564625
-0.1766114905350244,-0.28497765592857194,0.10836616539354754,0.4108178661971831
-0.636674673161877,-0.16960892682765555,-0.46706574633422143,0.3841937837837837
-0.7123547704370616,-0.16632039507931778,-0.5460343753577439,0.3385222580645161
-0.2624252069192924,-0.200249027317904,-0.06217617960138838,0.3794539181286549
-0.0074127213018364,-0.3279947839567394,0.320582062654903,0.345568697368421
-0.5015528805001984,-0.47080553245522827,-0.030747348044970146,0.4509778670886076
-1.1757917175192756,-1.169874744902551,-0.005916972616724525,0.3913449937106918
-1.1451153088162165,-0.8161070928187363,-0.3290082159974802,0.2308548911564625
2.1651726457947125,1.4723772641566828,0.6927953816380297,0.3999173558282208
-1.1759211749222769,-1.0548667414559896,-0.1210544334662873,0.3425733024691358
0.5624829885068655,0.8244993626298498,-0.2620163741229843,0.4270410310559006
1.1588869010626148,0.9862635516474202,0.17262334941519464,0.2730334219653179
2.0669412738624557,-0.3868626173954587,2.4538038912579143,0.4707778461538461
-0.6260348508213502,-0.9208707480297664,0.2948358972084162,0.3859531132075471
1.6047791901833994,1.7679102867111427,-0.16313109652774327,0.3972289517241379
-0.4214064711871412,-0.24514560533299404,-0.17626086585414716,0.345568697368421
-0.2907921251024896,-0.27871874274961667,-0.012073382352872919,0.2730334219653179
0.8631109084078824,0.554399452481171,0.30871145592671145,0.3978908843930636
-1.122238236773404,-1.03872295885328,-0.08351527792012403,0.4581912866666666
-0.7687497177058599,-0.16251349916490843,-0.6062362185409514,0.3978908843930636
-0.1290415167118956,0.02767764250709644,-0.15671915921899204,0.4142846265822784
-0.2907921251024896,-0.9846606134698642,0.6938684883673747,0.3913449937106918
-1.229149789157861,0.19046893235555634,-1.4196187215134175,0.3385222580645161
-0.7443800934295404,-0.3535230563273451,-0.39085703710219527,0.3336369019607843
-0.1166821109774047,0.6762945061363397,-0.7929766171137443,0.3972289517241379
-0.2907921251024896,-0.5717144625785688,0.28092233747607925,0.4077540532544379
0.8563582901131301,0.46681350539352345,0.3895447847196067,0.3794539181286549
-0.8861248586824167,0.4781151238765885,-1.3642399825590052,0.3547797567567567
-0.2907921251024896,0.11237512932244306,-0.4031672544249326,0.2560125510204081
-1.1204860345971244,-0.3790211457417351,-0.7414648888553892,0.5528236513157895
-0.8195294462023346,-0.3818739820611076,-0.43765546414122697,0.4862467272727273
0.1836621454110015,0.6670164290402285,-0.483354283629227,0.3683428963414634
0.4693986977577373,-0.0768146865391149,0.5462133842968522,0.3972289517241379
-1.1405662892564783,-1.060298207582881,-0.08026808167359722,0.3062974840764331
-0.2907921251024896,-0.5450501902944578,0.2542580651919682,0.4151807791411043
-1.069508640991888,-0.7194952761573659,-0.35001336483452206,0.3425733024691358
2.025245599851425,0.46413381364808876,1.5611117862033361,0.4707778461538461
-0.7752637406189814,-0.3730688753560651,-0.4021948652629163,0.3448446496815286
-0.2907921251024896,-0.46347592440174795,0.17268379929925837,0.3993076298701298
-0.190025637672728,-0.4817429948872665,0.2917173572145385,0.3427241592356688
2.1651726457947125,1.0425059594117994,1.1226666863829131,0.3924679037433155
-0.6913698602952649,-0.6499780046582035,-0.04139185563706138,0.3496421194968553
-0.2907921251024896,-1.0227303934844383,0.7319382683819486,0.5263955251396648
-0.5461612114793152,0.48213165258360136,-1.0282928640629165,0.3425733024691358
-0.189971290797247,-0.15480476464306692,-0.03516652615418009,0.4095118375
2.1651726457947125,2.236299149363059,-0.0711265035683466,0.37639671875
-0.5585548971849508,-0.4981341259839356,-0.06042077120101519,0.4270410310559006
-0.2907921251024896,-0.27900243126927105,-0.01178969383321854,0.3683428963414634
2.0224248524111874,1.2965583087428947,0.7258665436682927,0.4095118375
-0.0447258459217566,-0.037968626302385754,-0.006757219619370848,0.3754729428571428
2.1651726457947125,1.7353700269132328,0.42980261888147964,0.4770338545454546
-1.1552365776988704,-0.9168633223128451,-0.23837325538602538,0.4056208709677419
2.115401971106021,0.6183004375126743,1.4971015335933466,0.3993076298701298
0.4607041092725814,0.07347344125819316,0.3872306680143882,0.4581912866666666
0.1707069116411641,-0.12587033678597526,0.2965772484271394,0.2730334219653179
-0.7006211294753839,-0.1856903700578348,-0.5149307594175491,0.3547797567567567
1.3483466470154497,1.5872014282865048,-0.23885478127105508,0.5528236513157895
0.0523459616053674,0.7959687710412833,-0.7436228094359159,0.3496421194968553
0.5127184606744206,0.8204989377984895,-0.30778047712406886,0.3427241592356688
-0.3048177970065018,-0.4235884913499031,0.11877069434340132,0.4151807791411043
-0.4838711261471908,-0.37974213415398744,-0.10412899199320336,0.4770338545454546
-0.5420104040903424,-0.2822421482126148,-0.2597682558777276,0.4577306518518518
0.3408880689883394,0.9980868966118326,-0.6571988276234932,0.4505385
-1.1945439736712993,-0.6817209187893908,-0.5128230548819085,0.3385222580645161
-1.12035298672687,-1.0901155023337332,-0.030237484393136782,0.3924679037433155
-1.0964616114288512,-1.1011847545644724,0.004723143135621166,0.3336369019607843
-0.8494511651847525,-0.5364863455454798,-0.3129648196392727,0.3571249225352113
1.97893856493146,1.2093447333670468,0.7695938315644131,0.4270410310559006
-0.7188416829037915,-0.2975752897497991,-0.4212663931539924,0.5642011216216216
-0.3034514397787788,-0.3512534295885833,0.04780198980980449,0.3448446496815286
-1.1722521776621295,-1.169711176306819,-0.002541001355310435,0.3385222580645161
0.6467767902062227,0.3428963402625925,0.30388044994363017,0.4699289935064935
2.1651726457947125,1.7412091526119822,0.4239634931827303,0.4509778670886076
-1.1170151528140726,-1.1277115944566976,0.010696441642624954,0.32182454
-0.6508000322425167,-0.5892187503220303,-0.0615812819204864,0.3913449937106918
-0.2908347223086818,-0.12592012764251265,-0.16491459466616915,0.451932013245033
-0.844991948587468,-0.9489465710145351,0.1039546224270671,0.3234683624161074
-0.5296304627800346,1.3932288724873834,-1.922859335267418,0.5528236513157895
-0.1156056161656357,-0.23086829353808058,0.11526267737244489,0.3801381595092024
-1.152681683977664,-1.3076578179648375,0.15497613398717358,0.3448446496815286
-0.1712082836067048,-0.2545664151967196,0.08335813159001479,0.4581912866666666
-0.0404654660723177,-0.4181737887051656,0.37770832263284787,0.3794539181286549
0.1074170307933777,-0.23868684517129182,0.3461038759646695,0.4699289935064935
-0.7627562053799268,-0.4947850910060585,-0.26797111437386834,0.3279570604026846
-0.7212386170233553,-0.18464712697336189,-0.5365914900499935,0.4056208709677419
-0.792758071147229,-0.5396393570512772,-0.25311871409595177,0.5263955251396648
-0.4858262928270407,1.2794292602392356,-1.7652555530662764,0.3336369019607843
0.0933181082705514,1.2989342854192203,-1.2056161771486689,0.4050421041666666
-1.2089541297126525,-0.35628988961454333,-0.8526642400981091,0.2308548911564625
-0.0032387057607091,-0.16397307690799373,0.16073437114728464,0.37639671875
2.1651726457947125,2.1950386316489987,-0.029865985854286237,0.3960697315436241
-1.134598696880066,-1.2764418857644095,0.14184318888434344,0.3571249225352113
-1.0134265864099687,-0.9984099413717534,-0.015016645038215315,0.3691574802631578
0.3656048053083653,0.2496454773991721,0.11595932790919322,0.5528236513157895
0.0163659676633837,-0.1241432589456804,0.1405092266090641,0.3801381595092024
1.0054085859676216,0.9924271222728627,0.012981463694758943,0.4270410310559006
2.1651726457947125,1.6935323516333471,0.4716402941613653,0.4509778670886076
2.1651726457947125,1.5210308420043608,0.6441418037903517,0.4135580243902439
-0.1134961448481988,1.5469859759438929,-1.6604821207920917,0.451932013245033
1.1489590418071434,0.35472399003343863,0.7942350517737047,0.4095118375
0.1355591863366285,0.6410909457118605,-0.505531759375232,0.3608544807692307
-0.6491945226153257,-0.6252821508533404,-0.02391237176198535,0.4699289935064935
-0.3897378091721766,0.3135449052390263,-0.7032827144112028,0.451932013245033
-0.2907921251024896,-0.15022054862371395,-0.14057157647877563,0.4505385
-0.0526617499651055,-0.44057596580784375,0.3879142158427382,0.3581031125827814
-1.178149884227408,-1.1682557252379178,-0.00989415898949031,0.3960697315436241
2.1651726457947125,1.847803609287405,0.3173690365073074,0.4770338545454546
2.1651726457947125,0.4001333095313759,1.7650393362633365,0.4142846265822784
-0.0352658654065974,1.289032164858152,-1.3242980302647493,0.3924679037433155
-0.7941662142208804,0.19678751149418178,-0.9909537257150622,0.3683428963414634
-0.6676249358814125,-0.45494080102961054,-0.21268413485180193,0.3330391923076923
-1.0338300828386051,0.20795431645195508,-1.2417843992905602,0.3425733024691358
-1.0088640251761176,-0.23120889535856054,-0.7776551298175571,0.4142846265822784
-0.7166070089518226,-0.42325902028660506,-0.29334798866521755,0.3818871419753086
-0.2907921251024896,0.2556468352486912,-0.5464389603511808,0.3571249225352113
0.5876175385187398,0.8120535611060842,-0.2244360225873444,0.4270410310559006
-0.7021466808955645,-0.15743034272498352,-0.5447163381705811,0.3330391923076923
-0.6888003417656869,-0.5654088257179279,-0.123391516047759,0.4577306518518518
-0.141011127227163,-0.22910357384273478,0.08809244661557178,0.3841937837837837
-0.2907921251024896,-0.5729737076789929,0.28218158257650333,0.3571249225352113
0.0642811332845166,-0.3180141939991775,0.3822953272836941,0.4770338545454546
-0.8603839147278546,-0.652515119346458,-0.20786879538139658,0.3496421194968553
2.1651726457947125,1.129758550316486,1.0354140954782265,0.4135580243902439
-1.1447607116571388,-1.2399137456650442,0.09515303400790542,0.37639671875
-0.2907921251024896,-0.5165449543287849,0.2257528292262953,0.3571249225352113
-0.2907921251024896,-0.5793639373764429,0.2885718122739533,0.4707778461538461
-0.2907921251024896,-0.33860879695208806,0.04781667184959848,0.4862467272727273
-0.3220749100393478,0.14635866701085448,-0.4684335770502023,0.3978908843930636
-1.0127154210964773,-0.9879213566765879,-0.024794064419889406,0.3691574802631578
-0.0235691484680175,0.6063388755165904,-0.6299080239846079,0.3425733024691358
-0.8068590941740195,-0.30348974463370254,-0.5033693495403169,0.3818871419753086
-0.1281870679886428,-0.17281186823621936,0.04462480024757656,0.4236190132450331
2.1651726457947125,2.160026069099682,0.005146576695030269,0.4095118375
-0.6283601645698957,-0.3462526975009483,-0.28210746706894746,0.5263955251396648
-0.460542815024015,-0.26515266565798545,-0.19539014936602955,0.2560125510204081
2.1651726457947125,0.9135323480315929,1.2516402977631196,0.3859531132075471
0.0064115846922581,-0.2637583512366258,0.2701699359288839,0.3841937837837837
-0.7018963667460617,0.20492405436314448,-0.9068204211092061,0.4077540532544379
0.4587805931702867,0.40856742304525046,0.05021317012503623,0.4770338545454546
-0.4885652699695227,-0.12406280809454816,-0.36450246187497454,0.3234683624161074
2.1651726457947125,1.2502622619411923,0.9149103838535202,0.3385222580645161
2.1651726457947125,0.7250221942451802,1.4401504515495323,0.4077540532544379
-1.0934115532544466,-0.8697452609400849,-0.22366629231436175,0.4095118375
-1.1373351769900253,-0.7800230006395471,-0.3573121763504782,0.3818871419753086
0.4643602547129253,-0.10333865642611209,0.5676989111390374,0.5263955251396648
-1.157097265675427,-1.067498503568267,-0.08959876210716011,0.4509778670886076
-0.9218692831649176,-1.0444695927844765,0.12260030961955892,0.345568697368421
0.2515592249846506,-0.27746096048425795,0.5290201854689085,0.3385222580645161
-0.7265077775695024,0.6076181837898539,-1.3341259613593563,0.4509778670886076
-1.0669378024171934,-0.14319093614649947,-0.9237468662706939,0.4050421041666666
-0.2907921251024896,0.06562238111192788,-0.35641450621441745,0.4135580243902439
-0.7882206902097673,-0.24743620770517663,-0.5407844825045907,0.5528236513157895
-1.0679268536688782,-1.0640474697229692,-0.003879383945909032,0.3691574802631578
-0.6649995273863989,0.10415240159449736,-0.7691519289808962,0.3336369019607843
0.3955585068604779,0.21488796234772556,0.18067054451275233,0.3608544807692307
-0.4765725269709539,0.04676601963298898,-0.5233385466039429,0.4142846265822784
2.1651726457947125,2.3720738515653914,-0.20690120577067894,0.4077540532544379
-0.0085642594107366,0.33129913651207754,-0.3398633959228141,0.4056208709677419
-0.370312613550964,-0.11696723561263946,-0.25334537793832457,0.3754729428571428
0.0777819513676627,-0.6263158767627605,0.7040978281304231,0.4707778461538461
-0.2696232053462611,1.4316842104425838,-1.7013074157888448,0.451932013245033
-0.2907921251024896,-0.4668903593029935,0.1760982342005039,0.4077540532544379
-1.1592845507208176,-1.0796254827429974,-0.07965906797782019,0.4095118375
-0.7665445454944977,-0.9989103190597316,0.2323657735652339,0.3547797567567567
-0.2569635345113405,0.18818962470323833,-0.4451531592145789,0.4056208709677419
-0.82563797716527,-0.8802790630848522,0.054641085919582166,0.4056208709677419
0.5024369097506033,-0.27124650798880445,0.7736834177394077,0.4077540532544379
0.1292970555261012,-0.4123790270749136,0.5416760826010147,0.3801381595092024
2.152487128450656,0.5843374554058878,1.5681496730447684,0.4707778461538461
1.837452280517773,-0.07479110121148448,1.9122433817292577,0.4077540532544379
-0.2907921251024896,-0.269959513534916,-0.0208326115675736,0.3972289517241379
0.9948537179592452,0.11888126900919693,0.8759724489500482,0.3999173558282208
-0.2525601746010432,1.1448628705450903,-1.3974230451461334,0.4050421041666666
-0.2907921251024896,-0.40786581107180747,0.11707368596931789,0.5528236513157895
1.4501683809677284,-0.023959481088210124,1.4741278620559386,0.2308548911564625
0.3673764076711162,-0.33989646363760695,0.7072728713087231,0.3924679037433155
-0.0279790460087215,-0.3160411363168752,0.2880620903081537,0.4236190132450331
-1.1302850252008094,-1.2617255906793137,0.13144056547850425,0.3794539181286549
-0.6940521666172919,-0.9451382935208421,0.25108612690355026,0.4236190132450331
2.1651726457947125,0.3960890282102808,1.7690836175844318,0.2853974074074074
-0.8728852062961295,-0.29044895457010084,-0.5824362517260286,0.4770338545454546
-0.7463240016933865,-0.8758190505605138,0.12949504886712726,0.3913449937106918
-0.5592630708847898,-0.5996280656809095,0.04036499479611977,0.4509778670886076
-0.5284520998647572,-0.44324673781528434,-0.08520536204947282,0.3672524791666667
-0.5604201015223507,-0.6361957594469732,0.07577565792462249,0.4056208709677419
1.4653549743145506,0.8048265051280611,0.6605284691864896,0.3062974840764331
-1.122225393471299,-0.7724471362831188,-0.3497782571881801,0.3818871419753086
-0.2907921251024896,-0.8685716464698061,0.5777795213673165,0.3924679037433155
0.8958564705185758,0.4025379354146879,0.49331853510388785,0.4770338545454546
-0.6882133654014214,-0.9003888629242869,0.21217549752286546,0.38214178
-0.6439156518933656,0.8339120939067746,-1.4778277458001403,0.5263955251396648
-0.6121898789108497,-0.27380478967350064,-0.3383850892373491,0.3924679037433155
-1.0014599312982324,-0.6162311030857999,-0.38522882821243254,0.3234683624161074
-0.3421381220525912,-0.4585585365167384,0.11642041446414719,0.3608544807692307
0.2261818342119529,0.4259489434587587,-0.19976710924680582,0.3841937837837837
-0.5608323466205135,-0.07992356088986044,-0.4809087857306531,0.3672524791666667
0.7174469953643933,0.46847585774259376,0.2489711376217995,0.4509778670886076
-0.6613914209708912,-0.6678300621816406,0.006438641210749441,0.3754729428571428
-1.1527420031461024,-0.9774571766372798,-0.1752848265088226,0.3672524791666667
-0.9541887210836392,-1.053117472268609,0.0989287511849698,0.4509778670886076
-0.257580562899126,-0.39091307312913826,0.13333251023001225,0.4135580243902439
-1.1543297642675234,-0.05800458638017307,-1.0963251778873504,0.4050421041666666
0.0055916148184955,0.2034142412088363,-0.19782262639034082,0.2853974074074074
1.029094136875609,0.3244066363754177,0.7046875005001914,0.37639671875
-1.1649511900837335,-1.1346795815359827,-0.030271608547750795,0.3547797567567567
0.0465373613736904,-0.46547456495558864,0.512011926329279,0.3672524791666667
-0.8497891078274313,0.7546060726742678,-1.6043951805016992,0.3234683624161074
-0.2907921251024896,-0.19009081100041245,-0.10070131410207714,0.3062974840764331
-0.6108013919111667,-0.2074843080654768,-0.40331708384568987,0.3234683624161074
-0.8273065443017892,-0.8829122582794999,0.05560571397771075,0.2853974074074074
-0.6409595122746584,-0.5597854185899471,-0.08117409368471129,0.5642011216216216
-0.5182823146096193,-0.4476445873590538,-0.07063772725056544,0.3818871419753086
2.1651726457947125,0.3711101715708834,1.7940624742238291,0.4707778461538461
-1.0948926688341654,-0.6341918758996119,-0.46070079293455346,0.451932013245033
-0.8991357249058871,-0.3703480425811086,-0.5287876823247786,0.2308548911564625
-0.3263759668492767,-0.25625051214186656,-0.07012545470741016,0.4151807791411043
-1.049236771879552,-0.7075641084175601,-0.341672663461992,0.3754729428571428
-0.0448975595457064,0.5521902231088098,-0.5970877826545162,0.3425733024691358
2.1651726457947125,1.9071797579058185,0.25799288788889396,0.5263955251396648
-1.0909023107105584,-1.1910084798728537,0.10010616916229531,0.4707778461538461
-1.0643228520707362,-1.2008669942822683,0.1365441422115321,0.38214178
-0.6938889441478995,-0.6221010726465453,-0.07178787150135413,0.4577306518518518
0.2173131190191723,0.68898749424703,-0.4716743752278577,0.5263955251396648
-0.9544251561789504,-0.5419721121696406,-0.4124530440093098,0.4862467272727273
2.1651726457947125,1.485803354901723,0.6793692908929894,0.4135580243902439
1.05334956576035,0.9312584619365984,0.12209110382375155,0.4489242193548386
0.6184103383174744,0.037485342002988746,0.5809249963144857,0.4236190132450331
-0.5303335163528965,-0.18475423619447598,-0.34557928015842054,0.2730334219653179
0.2451278269122968,0.9433961077194271,-0.6982682808071303,0.3794539181286549
0.630692593912118,0.40890496592756964,0.22178762798454832,0.3336369019607843
2.1651726457947125,2.042186558418977,0.12298608737573558,0.4270410310559006
-0.6303132973026784,-0.36646256244354164,-0.26385073485913674,0.2730334219653179
-0.2907921251024896,-0.5349348886180756,0.244142763515586,0.3913449937106918
-1.0448980446980871,-0.9543957432976878,-0.09050230140039928,0.4095118375
-0.2907921251024896,0.06023610038227735,-0.3510282254847669,0.5528236513157895
0.2489156246673946,-0.029674095201065818,0.27858971986846043,0.4270410310559006
0.2340064717633472,1.661914860840487,-1.4279083890771398,0.3818871419753086
0.0255919741433365,0.5724735121223716,-0.5468815379790352,0.3234683624161074
-0.2907921251024896,0.2822756285950585,-0.5730677536975481,0.1728005125
-0.8566173648658365,-1.0119357276091778,0.15531836274334132,0.3234683624161074
-0.503299419437301,-0.43291265012446123,-0.07038676931283983,0.4699289935064935
-0.7193405811196568,1.9254156555959752,-2.644756236715632,0.3993076298701298
-0.6091007827791522,-0.5390344514112652,-0.07006633136788709,0.4077540532544379
-0.4625083511098924,-0.25068998363580564,-0.21181836747408678,0.3330391923076923
-0.2907921251024896,-0.5361872099575262,0.24539508485503664,0.3989209285714286
0.385454356609725,-0.05654318314165251,0.4419975397513775,0.3691574802631578
-0.9154672838680668,-0.366367875477505,-0.5490994083905618,0.5263955251396648
-0.8162275427132496,1.1203169718833776,-1.9365445145966271,0.4050421041666666
-0.7251314550311958,0.10704452791993424,-0.83217598295113,0.4270410310559006
-0.4746180619117224,-0.9961800354541852,0.5215619735424628,0.4505385
-0.630125230886928,-0.4325701312129456,-0.19755509967398238,0.3547797567567567
1.106009894234464,0.9461971029544929,0.15981279127997117,0.4236190132450331
-0.2907921251024896,-0.6694029924115812,0.3786108673090916,0.1728005125
-0.1041076551558126,-0.4441980057167255,0.3400903505609129,0.4077540532544379
-0.7627049042748111,-1.1447624468520745,0.38205754257726343,0.4770338545454546
0.1304600794537354,0.38490833334914626,-0.25444825389541087,0.3571249225352113
-0.8352920708694737,0.8457417877680253,-1.681033858637499,0.3425733024691358
0.7065798047606514,1.1912386545349334,-0.484658849774282,0.4236190132450331
-0.2018688748651921,-0.31415870545461183,0.11228983058941974,0.3608544807692307
0.6661859832516863,1.0751686548952502,-0.40898267164356383,0.4489242193548386
2.1651726457947125,1.4434980776228845,0.721674568171828,0.3496421194968553
-0.6826953719928937,-0.48515941928534667,-0.19753595270754698,0.4862467272727273
-0.1142730547868686,0.16082473673995668,-0.2750977915268253,0.451932013245033
1.165802481541753,0.3940592575761251,0.7717432239656279,0.2730334219653179
-0.858144460564488,-0.7696026286090081,-0.08854183195547993,0.3571249225352113
0.4988806341221803,-0.286448710362581,0.7853293444847613,0.3385222580645161
0.6276798627073563,0.8470763987295837,-0.21939653602222742,0.3960697315436241
-0.7456595313119744,-0.7742701359261939,0.028610604614219493,0.3999173558282208
-0.2907921251024896,0.1259072394195241,-0.41669936452201367,0.2730334219653179
-0.3950607801769114,-0.33150985682533013,-0.06355092335158125,0.5263955251396648
-0.7236635244519354,-0.4803581569382231,-0.2433053675137123,0.3385222580645161
-0.955422842474864,-0.9872112382850597,0.03178839581019577,0.3691574802631578
-0.3527117242426832,0.02663730785435061,-0.3793490320970338,0.3924679037433155
-1.1165160806786976,-1.0493438223155722,-0.06717225836312535,0.4489242193548386
0.6759181993018346,-0.3686725316772394,1.044590730979074,0.3978908843930636
-1.1262140385471615,-0.5733544346451804,-0.5528596039019811,0.5528236513157895
-0.3388540617543851,0.3083465063384788,-0.6472005680928639,0.1728005125
-0.2907921251024896,-0.847114831002785,0.5563227059002953,0.4699289935064935
2.1651726457947125,0.8114878330623215,1.353684812732391,0.3859531132075471
-1.249831896321372,-0.2958180236501317,-0.9540138726712402,0.4699289935064935
-0.0115467286208162,0.5671517955868529,-0.5786985242076691,0.3999173558282208
-0.2907921251024896,-0.5089272000281774,0.2181350749256878,0.1728005125
-0.7673724609939684,-0.6816614229189946,-0.08571103807497382,0.3547797567567567
-0.2907921251024896,-0.6037329674856163,0.31294084238312675,0.3924679037433155
-0.2873994780197627,-0.4896327573464969,0.20223327932673424,0.3608544807692307
-0.4906193188044886,-0.3471421492768338,-0.14347716952765482,0.4151807791411043
0.4224836949037136,-0.02560594223681044,0.4480896371405241,0.4581912866666666
-0.1992670734675407,-0.29068008730204875,0.09141301383450806,0.3999173558282208
-0.3513099139785124,-0.18066417921013905,-0.17064573476837336,0.3425733024691358
2.1651726457947125,-0.30200237630681326,2.4671750221015256,0.4699289935064935
-1.2010058849113854,-0.27937020887954167,-0.9216356760318437,0.3608544807692307
-0.3399590508413553,0.1452978246441544,-0.48525687548550966,0.5263955251396648
-0.7983917701550135,-0.4742567551875524,-0.3241350149674611,0.4581912866666666
-0.4989978777128396,0.13938520810898994,-0.6383830858218296,0.5528236513157895
1.4960788691051807,0.1834727648258282,1.3126061042793524,0.3801381595092024
-0.7344044308715748,-0.3912048094387146,-0.3431996214328602,0.3547797567567567
1.5724157423091198,1.0865060010642846,0.4859097412448352,0.3581031125827814
-1.166733057144251,-1.013931934099132,-0.15280112304511895,0.3330391923076923
-1.1632418430216205,-0.1453111713673563,-1.0179306716542642,0.4505385
-0.2907921251024896,-0.6898728894060269,0.3990807643035373,0.3330391923076923
-0.2907921251024896,-0.41727604409961805,0.12648391899712846,0.4577306518518518
-0.2907921251024896,-0.12731992555331373,-0.16347219954917586,0.3691574802631578
2.1651726457947125,2.216907934801568,-0.051735289006855645,0.3385222580645161
0.3129074034543082,0.5583818008327125,-0.24547439737840432,0.4505385
-1.1540467045210463,-1.1141706192705458,-0.03987608525050046,0.3794539181286549
2.1651726457947125,2.760333052917725,-0.5951604071230125,0.5263955251396648
-0.6903510818018691,-0.5890693534842584,-0.10128172831761073,0.4509778670886076
-0.0912225097598549,0.3465481616836263,-0.4377706714434812,0.3547797567567567
1.6370787846387944,-0.08690769888645336,1.7239864835252479,0.3608544807692307
-1.0483967124800315,-0.3867049919846123,-0.6616917204954192,0.3062974840764331
0.3375989111449602,-0.1367043845508587,0.4743032956958189,0.4135580243902439
0.5487105968921485,0.7865864200568302,-0.2378758231646817,0.4050421041666666
-0.5203425187690081,-0.5156044975868117,-0.00473802118219635,0.3794539181286549
2.1651726457947125,2.199765621564231,-0.034592975769518475,0.4103113666666667
-0.5228108181248199,-0.028630312114168444,-0.49418050601065144,0.3960697315436241
-1.185283338469987,-1.130602157472709,-0.054681180997278034,0.4108178661971831
-0.7253818797126879,-0.316986958020695,-0.4083949216919929,0.4056208709677419
-0.6683089870641123,-0.9645379009429139,0.29622891387880157,0.3581031125827814
0.3490688283271506,-0.11228604675319453,0.4613548750803451,0.1728005125
-1.2121074845471935,-0.5352556439754709,-0.6768518405717227,0.4056208709677419
-0.605604359232375,-0.1885656433619433,-0.4170387158704317,0.38214178
-0.7131449069742503,-0.3987953147842288,-0.31434959219002145,0.2853974074074074
-0.2486087621662693,0.7933488643444375,-1.041957626510707,0.3801381595092024
-0.7059497693053209,-0.4637951440174672,-0.24215462528785375,0.3841937837837837
-0.0575121998859876,-0.24024867903140384,0.18273647914541624,0.3960697315436241
2.1651726457947125,2.3162619918670933,-0.15108934607238078,0.3427241592356688
-0.3178359226857699,0.0696972545324171,-0.387533177218187,0.3924679037433155
-0.9202552943079464,-0.521567268743774,-0.3986880255641724,0.3818871419753086
-0.95535897618039,-0.7846622026070362,-0.17069677357335378,0.3989209285714286
1.240358140061613,0.2433078792511788,0.9970502608104342,0.2853974074074074
-0.2453986327142079,0.07001604732380085,-0.31541468003800877,0.4505385
0.9694008429499756,1.5798788680600484,-0.6104780251100728,0.2730334219653179
-0.7510051471122741,-0.08220444512225891,-0.6688007019900152,0.4505385
-0.9120692460728844,-0.8658246077816996,-0.04624463829118486,0.3989209285714286
-0.7992027500936659,-0.20842949698749352,-0.5907732531061725,0.3999173558282208
-1.0932558834081347,-0.8240482734676549,-0.2692076099404799,0.3972289517241379
-0.7415550546541576,-0.11553478216994452,-0.6260202724842131,0.3818871419753086
-0.2907921251024896,-0.16626977411807387,-0.12452235098441572,0.3818871419753086
2.1651726457947125,2.0156616714521305,0.14951097434258198,0.4077540532544379
0.2023695237134586,1.6803547758578241,-1.4779852521443655,0.4270410310559006
-0.030582743881755,-0.12564900421818403,0.09506626033642904,0.3993076298701298
-0.929463632705046,0.21323867782814937,-1.1427023105331953,0.4095118375
-0.2907921251024896,0.12763126210653952,-0.4184233872090291,0.3818871419753086
-0.4593806773331532,0.16619025662182701,-0.6255709339549802,0.3972289517241379
2.1651726457947125,1.8055410425326741,0.35963160326203836,0.3960697315436241
-0.4560394676387115,0.11492011513884744,-0.570959582777559,0.3279570604026846
-0.4579260502097803,-0.18975660108861775,-0.26816944912116253,0.2853974074074074
-1.1179095695083974,-0.764186195679049,-0.3537233738293484,0.3801381595092024
-0.2879469540543897,-0.8940958663313383,0.6061489122769486,0.4862467272727273
-0.2907921251024896,-0.9579328186913723,0.6671406935888826,0.4142846265822784
-0.2849441588434833,-0.12263106208525001,-0.16231309675823327,0.3754729428571428
2.1651726457947125,1.5218859826976314,0.643286663097081,0.2853974074074074
-0.2907921251024896,-0.3840084762635031,0.09321635116101351,0.3448446496815286
-0.926355432842388,-0.5287836369692769,-0.3975717958731111,0.5642011216216216
-0.2907921251024896,-0.657158702672251,0.3663665775697614,0.4509778670886076
-0.1631129179547957,-0.5124470226046832,0.3493341046498875,0.3425733024691358
1.41355662341645,1.2453355134785864,0.16822110993786366,0.4505385
0.8155243234888062,0.09504678429502392,0.7204775391937823,0.4056208709677419
-0.7401991080343504,0.2947288235293578,-1.034927931563708,0.3385222580645161
-0.6873419450656979,-0.5701073928272266,-0.11723455223847135,0.345568697368421
-0.2907921251024896,-0.611550768960873,0.32075864385838343,0.4142846265822784
-0.7066439407018578,-0.34256852364035517,-0.3640754170615026,0.3547797567567567
-0.5059708892665081,-0.2160032718091067,-0.2899676174574014,0.3581031125827814
-0.8351873118988534,-0.950753229442926,0.11556591754407253,0.4103113666666667
-0.7992503026192818,-0.16031585060645692,-0.6389344520128248,0.3547797567567567
-0.3818712764313808,0.11238156064940605,-0.4942528370807868,0.1728005125
2.0288682247823555,1.4081668750059004,0.6207013497764551,0.3336369019607843
-0.2907921251024896,-0.28939554676456375,-0.0013965783379258356,0.3496421194968553
-0.1980299990498167,0.5725296434841066,-0.7705596425339233,0.3385222580645161
2.1651726457947125,2.214214560032725,-0.04904191423801274,0.3913449937106918
-0.7382964036397591,1.1039819501971333,-1.8422783538368925,0.3448446496815286
-0.9654584628131656,-1.0027854232378557,0.03732696042469008,0.3960697315436241
-0.3104169620968874,-0.20656079952489736,-0.10385616257199004,0.4509778670886076
0.0444601784707351,0.3449618733861729,-0.3005016949154378,0.451932013245033
-1.171285566781256,-1.1048004221334145,-0.06648514464784161,0.3330391923076923
0.6975941934717426,0.35141396230156385,0.3461802311701787,0.3989209285714286
-0.3835716961931773,0.5955959453669989,-0.9791676415601762,0.3818871419753086
0.4363804393640142,0.8448610410114973,-0.40848060164748307,0.4581912866666666
-0.2678975422967266,-0.19507233171190508,-0.0728252105848215,0.4135580243902439
0.6576272682939844,0.12384097171341943,0.533786296580565,0.3999173558282208
0.7895237450421799,-0.019479679661607387,0.8090034247037873,0.4151807791411043
-0.3688915647781168,-0.17862520172894258,-0.19026636304917421,0.4095118375
-0.6044874643843468,-0.32882664884586343,-0.2756608155384833,0.4095118375
-0.2907921251024896,-0.2988367723363857,0.00804464723389614,0.3547797567567567
2.1651726457947125,1.5458599219056923,0.6193127238890201,0.345568697368421
2.1651726457947125,-0.32836524444882903,2.4935378902435414,0.1728005125
-0.6907470878095963,-0.07216206133790276,-0.6185850264716934,0.4142846265822784
-0.2907921251024896,0.15116385358168682,-0.4419559786841764,0.3794539181286549
-0.1073421531478276,-0.13921470780048134,0.03187255465265375,0.32182454
-0.6662454522866876,-0.154444078119239,-0.5118013741674486,0.3999173558282208
-0.1094759692348978,0.6553502416158762,-0.764826210850774,0.3279570604026846
2.1651726457947125,1.066185620815633,1.0989870249790794,0.3924679037433155
1.2548161976561174,0.6058308868015931,0.6489853108545243,0.3801381595092024
0.616313768341341,-0.12829366202015774,0.7446074303614987,0.4151807791411043
-0.3009118758144079,-0.3864276149061743,0.08551573909176635,0.3330391923076923
-1.1081485983434007,-1.179838163367969,0.07168956502456836,0.3978908843930636
-1.1524774716115165,-1.237076416352616,0.08459894474109952,0.3913449937106918
-0.5119776689966763,-0.24739154406913344,-0.26458612492754285,0.5263955251396648
0.8770617434203775,1.6247270380023453,-0.7476652945819678,0.4270410310559006
0.8413840683344911,0.5963958092722993,0.2449882590621918,0.4103113666666667
-1.0867340428328622,-0.7719472473712989,-0.3147867954615633,0.4151807791411043
-0.9530076918119246,-0.9443136282980775,-0.00869406351384705,0.3336369019607843
0.749517991442502,0.31030763835976793,0.43921035308273404,0.4108178661971831
-0.9464347111358388,-0.7814530879920478,-0.16498162314379095,0.3989209285714286
0.1653314442803783,0.1072081262586373,0.05812331802174099,0.2730334219653179
2.1651726457947125,0.42934277782225416,1.7358298679724582,0.4509778670886076
2.1651726457947125,2.0710268866163655,0.094145759178347,0.4103113666666667
-1.0805420820076472,-0.12452555658426336,-0.9560165254233839,0.3801381595092024
-0.2907921251024896,-0.42175724997720676,0.13096512487471718,0.3547797567567567
0.7226275595691593,-0.2817188451229271,1.0043464046920865,0.32182454
-0.6476296701400244,-0.6717523737461331,0.024122703606108686,0.32182454
-0.3520109003258586,-0.4505994373800788,0.09858853705422022,0.4077540532544379
-1.0614638653163482,-0.9645973371733929,-0.09686652814295527,0.38214178
0.791976410658378,0.6906613670906588,0.10131504356771914,0.3794539181286549
-0.2907921251024896,0.10743980091669018,-0.3982319260191798,0.32182454
0.4457295091496787,0.3329824204988182,0.11274708865086047,0.3062974840764331
0.119969088238391,0.0757776372104246,0.0441914510279664,0.3960697315436241
0.214154991896673,0.10142694761354616,0.11272804428312684,0.38214178
-0.9085305209434642,-0.08357433188999118,-0.824956189053473,0.5528236513157895
-0.5127834816638832,-0.2508843220201328,-0.26189915964375043,0.3385222580645161
0.6952597570704656,0.8054781078541668,-0.11021835078370124,0.4489242193548386
-0.5030611802143018,-0.3610098465613292,-0.14205133365297262,0.3571249225352113
2.1651726457947125,2.1108099893046646,0.0543626564900479,0.4770338545454546
-1.1922988843573503,-0.8434279309060952,-0.3488709534512551,0.451932013245033
-0.9261173472548918,-1.0848180593248329,0.15870071206994107,0.4577306518518518
2.1651726457947125,1.942838345813035,0.22233429998167753,0.3999173558282208
2.1651726457947125,2.304926320767906,-0.13975367497319358,0.3978908843930636
-0.2907921251024896,-0.01866077080104392,-0.27213135430144564,0.4509778670886076
0.0675151832059952,1.6619841181125041,-1.5944689349065089,0.4050421041666666
-1.0886492321919812,-1.244656516259918,0.15600728406793674,0.4108178661971831
-0.8369505871222566,-0.8225270996483041,-0.014423487473952501,0.4489242193548386
-0.2133584445558027,-0.2642884689427151,0.05093002438691244,0.3496421194968553
-0.9150396938396808,-0.4554283798342063,-0.45961131400547445,0.4151807791411043
-0.2387160073158823,-0.35786104071135033,0.11914503339546803,0.3913449937106918
-0.4659911542631792,0.28783157326156494,-0.7538227275247442,0.4095118375
0.6962028294709678,-0.007036355747831249,0.703239185218799,0.4707778461538461
-0.5311646792742822,-0.5810425180310237,0.049877838756741455,0.4489242193548386
0.8756699309528945,0.558679859489332,0.3169900714635625,0.3581031125827814
-1.1605797567640264,-0.6469305496513934,-0.513649207112633,0.2853974074074074
-0.2907921251024896,-0.8183252690593363,0.5275331439568467,0.4489242193548386
0.3725805306402599,-0.15072186337695476,0.5233023940172147,0.38214178
0.0443168367048372,-0.06816006600365904,0.11247690270849624,0.4077540532544379
-0.8596763257778931,-0.8338152009975801,-0.025861124780312994,0.451932013245033
-0.6454844015126684,-0.14566585005145305,-0.49981855146121534,0.5528236513157895
-0.4989810930935549,-0.2904587097759388,-0.20852238331761608,0.4577306518518518
-0.2825526855588197,-0.5132424089476515,0.2306897233888318,0.2730334219653179
0.4062951294722404,1.2825999893119768,-0.8763048598397365,0.3581031125827814
-0.4881332630194666,-0.22234719150573953,-0.265786071513727,0.3999173558282208
-0.3354772183690619,-0.2908495622618255,-0.0446276561072364,0.4509778670886076
-0.1917934831363667,0.11976718990759094,-0.3115606730439576,0.2560125510204081
-0.545066955880444,0.38840099484618,-0.9334679507266239,0.3330391923076923
-0.3632306681660994,-0.6507074161546926,0.28747674798859324,0.4509778670886076
0.0520023691537424,-0.46894667901797454,0.5209490481717169,0.3859531132075471
-0.704718329245835,-0.46261818937207794,-0.24210013987375706,0.3279570604026846
-0.2907921251024896,-0.2989978977781485,0.008205772675658918,0.4151807791411043
0.6504494995980458,0.5032113334353305,0.14723816616271523,0.4699289935064935
-0.2907921251024896,-0.17502061656266904,-0.11577150853982054,0.3841937837837837
-0.310445396946288,-0.1402183012775172,-0.17022709566877078,0.2853974074074074
0.792522854664935,0.7594258648222137,0.03309698984272125,0.3571249225352113
-1.118016633645439,-0.6452417522748399,-0.472774881370599,0.4151807791411043
-0.2907921251024896,-0.1006217708362422,-0.1901703542662474,0.4699289935064935
0.1804529394358807,-0.19450006480505458,0.37495300424093525,0.3754729428571428
-0.7532817475512327,-0.8602967123130271,0.1070149647617944,0.3448446496815286
-0.4945374397172672,-0.04192720032356234,-0.45261023939370487,0.4108178661971831
-1.181784376371861,-1.1819473975785013,0.0001630212066403569,0.3336369019607843
-0.7848295747280072,1.36292423921273,-2.1477538139407373,0.3999173558282208
1.9317095240572952,1.8413931008211226,0.09031642323617262,0.4050421041666666
-0.9652961611267444,-0.32689514367255557,-0.6384010174541889,0.3279570604026846
0.2588706613223266,-0.22013103873398723,0.4790017000563138,0.3608544807692307
-0.2907921251024896,-0.6292463509087118,0.33845422580622225,0.4770338545454546
-0.61858773270347,-0.14523591220964654,-0.47335182049382346,0.4505385
-0.3038147108861763,0.2591335260463113,-0.5629482369324876,0.3978908843930636
-1.1789736901158316,-1.3780121456106798,0.1990384554948481,0.3608544807692307
-0.4641717501826223,1.2149065422600929,-1.6790782924427152,0.4050421041666666
2.1651726457947125,1.8084056542701332,0.35676699152457925,0.3672524791666667
0.9201840700572486,-0.37626769969331725,1.2964517697505658,0.32182454
-0.5922148199225153,0.31130461249431984,-0.9035194324168352,0.3062974840764331
-0.2052279507284891,-0.39036366098077524,0.18513571025228615,0.3571249225352113
-0.2373991236518215,-0.48729691894546556,0.24989779529364406,0.3448446496815286
-0.724578466659308,0.1503670946008996,-0.8749455612602076,0.5263955251396648
-0.1287515814002929,-0.5186249583989571,0.38987337699866415,0.3794539181286549
-0.9236171584298062,0.901847829503075,-1.825464987932881,0.3330391923076923
-1.079700329210514,-1.2344064715280396,0.15470614231752555,0.3608544807692307
-1.1265651127070784,-1.262508485741885,0.13594337303480653,0.3978908843930636
-0.1132907946364386,-0.489463393035587,0.3761725983991484,0.3972289517241379
0.8174518540020157,0.4129688938146575,0.4044829601873582,0.2730334219653179
-0.3121139082225548,-0.08542812186770511,-0.2266857863548497,0.4509778670886076
0.8092404424390984,-0.09264349946460244,0.9018839419037009,0.3801381595092024
0.06275685199178,-0.394970236872034,0.45772708886381397,0.3801381595092024
-0.2907921251024896,-0.21679497174007273,-0.07399715336241686,0.4577306518518518
-0.6227289269787707,-0.02957539594552961,-0.5931535310332411,0.5263955251396648
-1.2431720883307535,-1.2079646970977298,-0.035207391233023744,0.3924679037433155
-0.4095171782068917,-0.5556196514021984,0.14610247319530667,0.3683428963414634
-1.011295860068356,-0.8581808225046448,-0.15311503756371114,0.4770338545454546
2.1651726457947125,-0.01694574390153497,2.1821183896962473,0.3425733024691358
-1.0568727401998748,-1.0388407335616696,-0.018032006638205145,0.3234683624161074
0.6394190972215557,1.378658903157943,-0.7392398059363874,0.4770338545454546
0.6732188611491923,1.9871215194252005,-1.3139026582760083,0.2730334219653179
-0.6438055755021107,-0.9939942283325031,0.35018865283039236,0.3978908843930636
-0.3477890692009052,-0.34921188239979944,0.0014228131988942572,0.3801381595092024
-0.663498363522428,-0.002704342640351588,-0.6607940208820764,0.3683428963414634
-0.2907921251024896,-0.5136141929414968,0.2228220678390072,0.345568697368421
-1.0073474712183152,0.5715746696764387,-1.578922140894754,0.3547797567567567
-0.2907921251024896,-0.9762867191764585,0.685494594073969,0.2730334219653179
-0.7356006021145949,-0.15773964484378497,-0.5778609572708099,0.37639671875
-0.3158429814015297,-0.12002641608595699,-0.19581656531557273,0.4581912866666666
-0.6448064933730593,-0.04928174728852437,-0.5955247460845349,0.3062974840764331
1.6048120736482303,0.751465531804271,0.8533465418439593,0.4077540532544379
-1.2541606940101635,0.22843957875713902,-1.4826002727673024,0.345568697368421
-0.4595869918275705,-0.43368571535381667,-0.025901276473753843,0.3989209285714286
-0.697390921629998,-0.33918456055554047,-0.3582063610744576,0.3960697315436241
-1.1108831347938923,-1.1574876661660198,0.0466045313721275,0.4056208709677419
-0.6565447208180251,-0.6831464641317604,0.026601743313735327,0.3859531132075471
2.1651726457947125,2.2585213385931495,-0.09334869279843705,0.4095118375
-0.7357903395838572,-0.3805946587400737,-0.3551956808437835,0.3279570604026846
-0.5241390537014775,-0.49807879829184065,-0.026060255409636857,0.4699289935064935
-1.1918885985278325,-1.0813864317945139,-0.11050216673331859,0.3841937837837837
2.1651726457947125,1.2789375091931252,0.8862351366015873,0.2308548911564625
0.5721338363738419,-0.16758680721767485,0.7397206435915167,0.2730334219653179
1.8384110944166745,0.9986047976182815,0.839806296798393,0.3989209285714286
-0.5954255067885861,-0.45408774426464277,-0.1413377625239433,0.4489242193548386
-1.021215641772842,-0.7118052973581479,-0.30941034441469406,0.4699289935064935
-0.185486462868433,-0.5018125790690483,0.3163261162006153,0.3608544807692307
0.9260252843567937,0.7744955158241563,0.15152976853263733,0.3960697315436241
2.1651726457947125,2.2189885044929225,-0.05381585869821004,0.3336369019607843
-1.1706478977528385,-0.8704252187809468,-0.3002226789718917,0.4699289935064935
-0.9182275113598948,-0.21455157821286244,-0.7036759331470324,0.5642011216216216
1.1300377500350638,0.15364483744921043,0.9763929125858534,0.5642011216216216
-0.9624784063698236,-1.0203693239148082,0.057890917544984544,0.3993076298701298
2.1651726457947125,1.0692052628239996,1.0959673829707128,0.3062974840764331
-0.2907921251024896,-0.5264679909619281,0.2356758658594385,0.3279570604026846
-1.1465762561904174,-0.4628693912412309,-0.6837068649491864,0.2560125510204081
2.1651726457947125,1.1908426921046593,0.9743299536900532,0.2853974074074074
-0.2907921251024896,-0.6356639047308736,0.34487177962838406,0.3754729428571428
-0.4097923121362605,-0.13884877736921325,-0.27094353476704724,0.4509778670886076
0.6371317529940261,0.5703070491419068,0.06682470385211936,0.4077540532544379
0.5463010244894916,-0.2639529675979731,0.8102539920874647,0.3978908843930636
1.4865744178864235,0.7878828337787092,0.6986915841077144,0.37639671875
-0.2907921251024896,0.33245470609904015,-0.6232468312015298,0.3234683624161074
-1.1428615518134653,0.7742223679727112,-1.9170839197861764,0.4142846265822784
1.6652397322048735,0.39550061501495687,1.2697391171899166,0.3448446496815286
-0.9370164831485424,-0.9008356485465839,-0.03618083460195842,0.3841937837837837
-1.1662349367328806,-1.0167023922875682,-0.1495325444453124,0.3960697315436241
0.006718568077528,0.7784301601940382,-0.7717115921165102,0.4103113666666667
-0.2907921251024896,-0.37645629194797936,0.08566416684548978,0.4770338545454546
2.0481348319581048,1.4951693396584587,0.5529654922996461,0.3385222580645161
-0.8998324579506005,-0.9588087211065572,0.05897626315595672,0.4862467272727273
0.7895272341290175,1.326838684426949,-0.5373114502979316,0.3234683624161074
-0.3504333762890158,-0.5130463441450478,0.16261296785603202,0.3913449937106918
-0.7091736356254421,-0.47477128070087116,-0.23440235492457095,0.3427241592356688
-1.0912689484876443,-0.9268001678562561,-0.16446878063138826,0.5528236513157895
-0.512952701781241,1.175388719774042,-1.688341421555283,0.5528236513157895
-0.7133766501649031,0.037820032379191966,-0.7511966825440951,0.5263955251396648
0.8027101348757608,0.08983902201800659,0.7128711128577543,0.4077540532544379
-0.2543523117472668,-0.14851473467504012,-0.10583757707222669,0.3427241592356688
2.1651726457947125,1.7750374862205807,0.3901351595741318,0.4770338545454546
2.1651726457947125,1.224154103152025,0.9410185426426874,0.4135580243902439
2.1651726457947125,1.0352341529352589,1.1299384928594536,0.4489242193548386
2.1651726457947125,0.6784192104525416,1.486753435342171,0.4103113666666667
-0.3738230100843152,-0.06370538538514545,-0.3101176246991697,0.2560125510204081
-0.5974207042723878,-0.5284480976390331,-0.0689726066333547,0.4862467272727273
1.5163118808354237,0.4424309884875869,1.073880892347837,0.3571249225352113
0.0189840493533589,-0.4328714524977104,0.4518555018510693,0.3978908843930636
0.6065198576135574,0.10515728793565973,0.5013625696778977,0.1728005125
2.1651726457947125,1.7348876391804775,0.43028500661423497,0.32182454
-0.6913793494070999,-0.39271960710447823,-0.29865974230262166,0.3841937837837837
-0.3710673346880452,-0.4122693442270545,0.04120200953900932,0.4509778670886076
-0.4140419557243965,0.09825511300236599,-0.5122970687267625,0.32182454
-0.2907921251024896,-0.20466444756722757,-0.08612767753526201,0.3496421194968553
-0.6677330365628845,-0.282325583129968,-0.3854074534329165,0.3448446496815286
-1.0580713767816572,-1.2305023035328133,0.17243092675115612,0.3234683624161074
-0.2907921251024896,-0.07298757539731486,-0.2178045497051747,0.3683428963414634
0.0817465452373469,0.05155770750084653,0.030188837736500364,0.4151807791411043
1.4443060598123365,1.2046719130163088,0.23963414679602768,0.4489242193548386
-1.127986014500112,-1.1924320386795784,0.06444602417946643,0.3581031125827814
-1.112988588570656,-1.165269755635717,0.05228116706506092,0.32182454
2.1651726457947125,2.0979338791278095,0.06723876666690298,0.3913449937106918
-0.9231779432489924,-0.9365715424351403,0.013393599186147909,0.4270410310559006
-0.2907921251024896,0.2633172562871762,-0.5541093813896658,0.3841937837837837
-0.2133120900543265,0.15602864282783468,-0.3693407328821612,0.2560125510204081
-1.161747504646634,-0.9891294871701286,-0.1726180174765053,0.37639671875
-0.2907921251024896,-0.28144586885884026,-0.00934625624364932,0.1728005125
-1.174189564934793,-1.0400602662420995,-0.13412929869269363,0.3425733024691358
0.5852242242227745,0.3140929889303804,0.27113123529239413,0.4077540532544379
0.6788914139339055,0.38723250108762425,0.29165891284628126,0.2853974074074074
-0.6135328227693204,-0.4989212676098119,-0.1146115551595085,0.2853974074074074
-1.0909390880707803,-0.5725724146275264,-0.5183666734432539,0.3427241592356688
0.1190304482102673,-0.793190708692169,0.9122211569024363,0.4862467272727273
-0.0563994672210312,-0.1048763281314509,0.048476860910419695,0.3683428963414634
-0.2907921251024896,0.36747743315847237,-0.6582695582609619,0.4050421041666666
-0.8425926667526095,-0.9909133150658251,0.14832064831321567,0.4489242193548386
-0.3890975813480208,0.023270370684412768,-0.4123679520324336,0.1728005125
0.9397320306666538,0.33431618688189807,0.6054158437847557,0.3794539181286549
0.7846027032128012,0.6834083043551711,0.10119439885763015,0.4489242193548386
-0.2907921251024896,-0.38424194677304996,0.09344982167056037,0.4707778461538461
1.2654090070572976,0.41519159357834723,0.8502174134789504,0.38214178
-0.3733157249071295,0.145103818020556,-0.5184195429276854,0.3234683624161074
-0.8319155277825292,1.4158876081703256,-2.2478031359528545,0.3425733024691358
-1.0806567737631292,-1.0443130525831146,-0.03634372118001461,0.3913449937106918
-0.0456587735457577,0.1036930681401686,-0.1493518416859263,0.3754729428571428
0.0174004567537619,0.1807654261807037,-0.16336496942694181,0.2853974074074074
-0.4406740676043834,-0.11644544449611413,-0.3242286231082693,0.3999173558282208
-1.1480786410961212,-1.2343395122577754,0.08626087116165415,0.3608544807692307
-0.1908640968939076,0.9312193945813128,-1.1220834914752205,0.3448446496815286
-0.2495562455458618,0.3449297421287437,-0.5944859876746056,0.3924679037433155
0.1167023925552834,-0.07799921496396506,0.19470160751924848,0.3989209285714286
-0.4904336813192935,-0.38270506670442034,-0.10772861461487315,0.3496421194968553
1.9065964659804544,1.5054151430676979,0.40118132291275654,0.3336369019607843
-0.2907921251024896,-0.8564489187381191,0.5656567936356296,0.3913449937106918
-1.044194034766008,-0.562703687189463,-0.48149034757654496,0.2853974074074074
-1.2212282764587223,-0.7985734743184035,-0.4226548021403188,0.3841937837837837
-0.2907921251024896,-0.6516925886398508,0.3609004635373612,0.3608544807692307
-0.9612716807084504,-0.5615590728708747,-0.3997126078375757,0.3425733024691358
-0.917306660128234,-0.9743887984750387,0.057082138346804645,0.3993076298701298
-0.2632525578736577,-0.3991681316198661,0.13591557374620838,0.3754729428571428
0.6226846265774504,-0.027229347615647506,0.6499139741930979,0.4707778461538461
0.4502245725783829,1.9926456345387513,-1.5424210619603684,0.4050421041666666
2.1651726457947125,0.8457234309588177,1.3194492148358947,0.3913449937106918
-0.2907921251024896,-0.42245200817843714,0.13165988307594756,0.4862467272727273
-0.2907921251024896,0.15381586852560736,-0.44460799362809694,0.5528236513157895
0.6459368251352567,0.5097013016174924,0.13623552351776436,0.3913449937106918
2.1651726457947125,1.1253063636479712,1.0398662821467413,0.4103113666666667
-0.7659833583429914,0.1777872600985863,-0.9437706184415777,0.4509778670886076
-0.6599427542553153,-0.39770135989033717,-0.2622413943649782,0.3448446496815286
-0.7234190126376,-0.21125424924320602,-0.512164763394394,0.4699289935064935
0.2656164004864049,0.11003902057019423,0.15557737991621068,0.3571249225352113
-0.1268362985445812,-0.48666454233319045,0.3598282437886092,0.3448446496815286
0.360858890520921,0.5997774165077591,-0.23891852598683805,0.3581031125827814
-0.0307946004263333,-0.5621925470416793,0.531397946615346,0.3691574802631578
-1.1535480554973716,-1.0822403127839806,-0.07130774271339102,0.38214178
-0.4726612772654089,-0.927891094326033,0.4552298170606241,0.4505385
0.7572666871786603,1.3687535941997295,-0.6114869070210692,0.3993076298701298
0.9976519144966826,0.01563366268835366,0.9820182518083289,0.3794539181286549
0.6954286428186524,0.28914389325795514,0.4062847495606972,0.345568697368421
-0.4378242593629793,-0.12402096323157176,-0.31380329613140756,0.3818871419753086
1.2984800910260064,0.8268636952237323,0.4716163958022741,0.3972289517241379
0.6067880977538882,0.4638246406475434,0.14296345710634478,0.3818871419753086
-0.4371316631463295,0.024195279360222505,-0.46132694250655204,0.4577306518518518
1.678807336172076,0.1810970524632143,1.4977102837088616,0.3801381595092024
-0.2907921251024896,-0.4713836734628135,0.18059154836032393,0.2308548911564625
-1.1569081976576163,-1.1227664579738739,-0.034141739683742456,0.4770338545454546
-0.3719238387516538,-0.39173399841525014,0.01981015966359634,0.3427241592356688
-0.7823121524207566,-0.20853229827251663,-0.57377985414824,0.3841937837837837
2.1651726457947125,1.4321181851072124,0.7330544606875,0.4509778670886076
-0.8413552781704864,-0.9147232202326254,0.07336794206213904,0.3427241592356688
-0.4312009908312946,0.35486031358115716,-0.7860613044124518,0.3924679037433155
-1.1142404603692764,-1.0764033460971174,-0.03783711427215897,0.3913449937106918
-0.8160787710138677,-0.07548166289385097,-0.7405971081200168,0.3913449937106918
0.65894924593767,1.3201348181129753,-0.6611855721753053,0.4151807791411043
-0.2907921251024896,-0.19640562530913913,-0.09438649979335045,0.4505385
-0.2907921251024896,-0.16620802492087505,-0.12458410018161453,0.32182454
-0.3995450796122722,0.1765973155319099,-0.5761423951441821,0.4577306518518518
-0.2907921251024896,-0.5194064117754583,0.22861428667296874,0.4135580243902439
-0.1935650375623051,1.862927972759699,-2.0564930103220043,0.4050421041666666
-0.7436325580602641,-1.05769623717224,0.31406367911197597,0.3448446496815286
-1.1347157442742823,-1.1196353533291636,-0.015080390945118705,0.37639671875
-1.0871427477379991,-0.6358493785231765,-0.45129336921482266,0.4151807791411043
-0.3691408865167502,-0.35770057225721225,-0.011440314259537954,0.38214178
-0.2907921251024896,0.4456288667175157,-0.7364209918200053,0.3425733024691358
1.1649245382339868,0.2615645719671482,0.9033599662668386,0.4095118375
1.8409122736717696,1.6980733265553756,0.142838947116394,0.3581031125827814
-0.1061031897819895,-0.21855497741343655,0.11245178763144704,0.4236190132450331
-0.1568493288351223,-0.38348688403851716,0.22663755520339487,0.4770338545454546
2.1651726457947125,0.21151295119351154,1.953659694601201,0.4135580243902439
-0.6140625403938772,-0.10088548816333853,-0.5131770522305387,0.3859531132075471
-1.1498518839675227,-0.6533879533953068,-0.49646393057221594,0.3818871419753086
2.1651726457947125,0.9657694747079397,1.1994031710867727,0.4707778461538461
0.0423572836085612,0.18092395430387498,-0.13856667069531378,0.5263955251396648
-1.127147674447471,-0.9900912626387729,-0.1370564118086982,0.3547797567567567
-0.6981871738744092,-0.2973618630865309,-0.4008253107878783,0.3960697315436241
-1.1174127129253364,-0.6981747915524816,-0.41923792137285476,0.5263955251396648
0.2156635091092066,-0.2343208229483495,0.44998433205755606,0.3608544807692307
-0.597189712223854,-0.6473605766107527,0.05017086438689877,0.4056208709677419
-0.2907921251024896,-0.5325688014725062,0.2417766763700166,0.4077540532544379
0.216066629573778,0.4109911510391503,-0.19492452146537229,0.3989209285714286
0.7450151828511234,0.2457364424466979,0.49927874040442555,0.4509778670886076
2.1651726457947125,1.2259963087842465,0.939176337010466,0.4505385
-1.1729320005010329,-0.44067834523242044,-0.7322536552686124,0.4050421041666666
-0.7327663630367678,-0.770849612723199,0.038083249686431175,0.4489242193548386
-0.2907921251024896,-0.7231588520269693,0.4323667269244797,0.3608544807692307
-0.5201526933495607,-0.5577605370328133,0.03760784368325254,0.3330391923076923
2.1651726457947125,1.923997333521591,0.2411753122731215,0.37639671875
0.4128265756339169,0.36457260600757446,0.04825396962634243,0.3608544807692307
-1.2121074845471935,-0.7459608341356329,-0.46614665041156067,0.5642011216216216
0.1982201528441717,0.31417489219684613,-0.11595473935267445,0.3672524791666667
-0.8456483810350951,0.1865598956005295,-1.0322082766356246,0.3425733024691358
0.1598208723619976,-0.14874300175715433,0.3085638741191519,0.2730334219653179
-0.2907921251024896,0.2709026112872908,-0.5616947363897804,0.2730334219653179
-0.6208601507545846,-0.4458527341219316,-0.17500741663265296,0.3330391923076923
-0.3570368239391785,0.6204179338033653,-0.9774547577425439,0.3279570604026846
-0.4502708399737017,-0.1352282260640419,-0.3150426139096598,0.2730334219653179
1.4567390386496528,0.4628427782319814,0.9938962604176714,0.3330391923076923
-0.7843069909727228,-0.08295758206969048,-0.7013494089030323,0.4862467272727273
0.2504389872372544,0.5694987158598898,-0.3190597286226354,0.3427241592356688
-0.9307011456851784,-0.044186140424814495,-0.8865150052603639,0.3818871419753086
0.0443919695368412,-0.3448474269026608,0.389239396439502,0.3960697315436241
-0.0129788543628895,0.021521210178868808,-0.03450006454175831,0.3427241592356688
-0.6945265417861222,-0.006976823286970375,-0.6875497184991518,0.4236190132450331
-0.6155190552768481,-0.5650223213365497,-0.05049673394029841,0.3960697315436241
-1.1119224021148084,-1.1307826740012574,0.01886027188644901,0.3859531132075471
-0.1516830391038253,0.06440766703679829,-0.2160907061406236,0.3581031125827814
2.1651726457947125,1.436383873568922,0.7287887722257904,0.4135580243902439
-0.2907921251024896,-0.13760772068909324,-0.15318440441339634,0.3672524791666667
-0.2907921251024896,0.992460887449692,-1.2832530125521815,0.4108178661971831
-0.8889730449956373,-0.43168200949225155,-0.4572910355033858,0.3425733024691358
-0.5386150780925261,-0.17397417967626685,-0.36464089841625924,0.3924679037433155
-0.2907921251024896,-0.3771527747291082,0.0863606496266186,0.3924679037433155
1.0078081780051589,0.7580954911354905,0.2497126868696684,0.451932013245033
-0.5614982955158438,-0.41574594683767024,-0.1457523486781736,0.3234683624161074
-0.7405216229468573,-0.4498219652214802,-0.2906996577253771,0.5642011216216216
-1.1046743747306451,-1.0901118781499564,-0.014562496580688755,0.3859531132075471
-0.0909190649829228,0.4881314833000171,-0.5790505482829399,0.2308548911564625
-0.0736986117264481,-0.11856590268884772,0.04486729096239962,0.3279570604026846
-0.107303380982332,0.4898138185462108,-0.5971171995285428,0.2308548911564625
0.3197658480070585,0.0013560743485403377,0.31840977365851814,0.4699289935064935
-0.4989978777128396,0.1170293231549263,-0.6160272008677659,0.3999173558282208
-1.0395259201574352,-0.9954929743717544,-0.04403294578568073,0.451932013245033
1.2053237904687804,0.1616491199713105,1.0436746704974698,0.3571249225352113
0.094192441659019,0.35074924083431136,-0.2565567991752924,0.3972289517241379
-0.3989703540748803,-0.026393002838802776,-0.3725773512360775,0.451932013245033
-0.2907921251024896,-0.31263416578601744,0.021842040683527852,0.4770338545454546
-0.5675471411855473,-0.015558557680858807,-0.5519885835046885,0.4577306518518518
-0.732456379837085,-0.4707831256177073,-0.2616732542193777,0.345568697368421
1.563767155336185,0.03994812572057432,1.5238190296156107,0.3978908843930636
-0.5495730269482736,-0.5326775807128654,-0.016895446235408174,0.3978908843930636
1.0033944653280584,0.509497721504142,0.49389674382391646,0.4577306518518518
-0.3729878600878833,-0.2750868796380358,-0.09790098044984752,0.2730334219653179
-0.3484765995661424,0.17577092427736807,-0.5242475238435105,0.3234683624161074
0.6688482900186175,-0.29807068862987357,0.9669189786484911,0.3993076298701298
2.1651726457947125,1.6348841300600603,0.5302885157346522,0.5528236513157895
2.0999758434499185,1.1558627123441971,0.9441131311057214,0.451932013245033
-0.6155190552768481,-0.42041519031467994,-0.1951038649621682,0.2853974074074074
-0.2160178751139864,-0.31053245671320795,0.09451458159922155,0.3425733024691358
-0.737841886592619,-0.3387553122530129,-0.39908657433960604,0.1728005125
-0.2231584919879252,0.01650685611366206,-0.23966534810158727,0.3993076298701298
-0.9139698103463112,-0.7127905188775476,-0.20117929146876357,0.4581912866666666
-0.2394997650876379,1.270232412121533,-1.5097321772091707,0.1728005125
-0.8777842677103936,-0.8828188841379361,0.005034616427542438,0.2853974074074074
-0.4993650931087069,0.3012884848101719,-0.8006535779188788,0.3547797567567567
-0.1820602746753489,0.009747541890140876,-0.19180781656548979,0.3993076298701298
-0.1374638633233104,1.115441193399838,-1.2529050567231486,0.3801381595092024
-0.4074757890483073,0.5720566378129573,-0.9795324268612646,0.3425733024691358
-0.8209531944912155,-0.42920847070153645,-0.39174472378967906,0.3234683624161074
-0.2907921251024896,-0.45106764103654445,0.16027551593405487,0.37639671875
2.1651726457947125,1.763697077377877,0.4014755684168354,0.451932013245033
-0.5447370654337423,-0.3739431691635542,-0.17079389627018815,0.3960697315436241
2.1651726457947125,2.2551121219475467,-0.08993947615283426,0.3999173558282208
-0.2907921251024896,-1.1311900291105275,0.8403979040080378,0.4095118375
0.7955589734877689,1.208623400714548,-0.41306442722677905,0.3794539181286549
2.1651726457947125,2.1962420498425144,-0.031069404047801896,0.4050421041666666
-0.2907921251024896,-0.4066465261640759,0.11585440106158634,0.3448446496815286
0.4863136239572277,0.42545423553077477,0.06085938842645294,0.2308548911564625
-0.778469184148582,-0.6015232823868069,-0.17694590176177516,0.3683428963414634
-0.4635858549717552,-0.2997515251443186,-0.16383432982743662,0.37639671875
-1.071129576764563,-1.2897423181846361,0.21861274142007314,0.3978908843930636
0.5324811948428682,-0.10253787647794442,0.6350190713208126,0.4103113666666667
-1.1140036140870424,-0.8718796112713413,-0.24212400281570112,0.4135580243902439
-1.1592845507208176,-1.0453880808589082,-0.11389646986190938,0.3330391923076923
-0.7268068727740048,0.7537060259489474,-1.480512898722952,0.4050421041666666
-0.3798881035602383,-0.6935235663198152,0.3136354627595769,0.345568697368421
0.3516643060272775,0.843798635652091,-0.4921343296248135,0.2560125510204081
-0.5476743872784412,-0.545031330397932,-0.0026430568805092536,0.3427241592356688
-0.4682081062529022,-0.29724658978305346,-0.17096151646984875,0.3672524791666667
1.8170491604525405,0.5844695558633464,1.2325796045891941,0.3913449937106918
0.0603037747528701,0.4953521534475519,-0.4350483786946818,0.3336369019607843
2.1651726457947125,1.9432400116876083,0.22193263410710418,0.4770338545454546
-0.3538239513921627,-0.46203183994665653,0.10820788855449381,0.3754729428571428
-0.7796597451998563,-0.4259566135878429,-0.35370313161201333,0.3496421194968553
-1.0932558834081347,0.02092714924271053,-1.1141830326508453,0.1728005125
1.0376772389933484,1.3203064678735548,-0.28262922888020636,0.3801381595092024
0.2287528684956173,-0.5116876240050908,0.7404404925007081,0.3608544807692307
-0.3251932694161057,-0.4873354001461532,0.16214213073004746,0.3336369019607843
-1.142670055340506,-0.6243069211571152,-0.5183631341833909,0.3336369019607843
0.0066440378231418,1.7200395441554246,-1.7133955063322828,0.3279570604026846
-1.1015506112904352,-1.2647527821759257,0.1632021708854905,0.3978908843930636
-0.2271776498353482,0.5596722320913663,-0.7868498819267145,0.3924679037433155
-0.3770987994995979,-0.3292750037704624,-0.047823795729135476,0.3841937837837837
0.1592436596567657,0.16290839307842334,-0.003664733421657629,0.3427241592356688
-0.1449604874909572,-0.24660762068570052,0.10164713319474333,0.3385222580645161
-0.4874428608033737,-0.21168541814402903,-0.27575744265934465,0.4270410310559006
2.1651726457947125,1.958350844576018,0.20682180121869442,0.3754729428571428
-0.1698571457226796,-0.5715204998985317,0.4016633541758521,0.4056208709677419
-0.8729960068898073,-0.5522064258667672,-0.3207895810230401,0.4509778670886076
-0.8715083960700863,-0.9066990916622784,0.03519069559219201,0.3978908843930636
2.1651726457947125,-0.15820613831940228,2.323378784114115,0.3385222580645161
-1.1307316134991687,-1.224256115318433,0.0935245018192643,0.4095118375
-1.186296278220008,-0.936382782888423,-0.2499134953315849,0.37639671875
0.665037354629982,1.0207730706227987,-0.3557357159928166,0.3924679037433155
-0.0601757779688789,-0.25502758449487384,0.19485180652599493,0.4699289935064935
-0.1704649963898251,-0.08565015283875849,-0.08481484355106661,0.3989209285714286
0.2115195879820037,-0.8085354414980299,1.0200550294800337,0.3691574802631578
-0.0953793373785975,0.4810613655131624,-0.57644070289176,0.3960697315436241
0.0120789139491009,-0.35622470963218233,0.3683036235812832,0.345568697368421
-1.1271324579562116,-0.4278098416823918,-0.6993226162738199,0.3683428963414634
2.1651726457947125,1.2892538327482241,0.8759188130464883,0.1728005125
-1.0415812742206845,-0.2882073734765114,-0.7533739007441731,0.4050421041666666
-0.2907921251024896,-0.20177239287377438,-0.0890197322287152,0.3913449937106918
-0.2907921251024896,-0.46904765329330256,0.17825552819081297,0.38214178
1.3294882935049253,1.375905785310826,-0.04641749180590082,0.3547797567567567
-0.9436539774641566,-0.9067166317100073,-0.03693734575414931,0.4862467272727273
-0.5240482336466391,-0.36110145811580385,-0.16294677553083525,0.4108178661971831
-1.1093050874138324,-1.1633606933224003,0.05405560590856795,0.3330391923076923
-1.0815593766388027,-0.9261237338827814,-0.1554356427560214,0.345568697368421
-0.955791952087933,-0.8758907510614725,-0.07990120102646048,0.3960697315436241
-0.5288221815650721,-0.30935405081262796,-0.21946813075244415,0.3913449937106918
-0.3178756567568906,-0.20237443946964065,-0.11550121728724996,0.3425733024691358
-1.1313749803525794,-0.7000769434675156,-0.43129803688506385,0.4862467272727273
-0.2907921251024896,-0.5834727101224765,0.2926805850199869,0.3691574802631578
-0.5877112403804176,-0.3888049406702222,-0.19890629971019536,0.4577306518518518
-0.2907921251024896,-0.7368919138191384,0.44609978871664885,0.3547797567567567
0.1767905491362409,0.29819515111523914,-0.12140460197899824,0.4142846265822784
-0.5568656985989896,0.587569241098272,-1.1444349396972617,0.451932013245033
-0.2723611785888856,-0.3864636933835547,0.1141025147946691,0.3978908843930636
-1.2913418853065666,-0.952121149573233,-0.33922073573333356,0.3448446496815286
0.1274846450699273,1.3375025074167475,-1.2100178623468203,0.4270410310559006
-0.1988755267718881,0.5587184005465329,-0.757593927318421,0.3683428963414634
-0.8192566833624083,-0.9581673941252162,0.13891071076280792,0.37639671875
2.1651726457947125,1.9821917178575448,0.1829809279371677,0.345568697368421
1.3443598465164364,2.0935335356884113,-0.7491736891719749,0.3993076298701298
-0.2907921251024896,-0.9482527412896404,0.6574606161871508,0.2730334219653179
-0.8206049430568259,-0.0020350912370291786,-0.8185698518197967,0.3924679037433155
-0.8639043859152623,-0.9405680192452971,0.07666363333003479,0.3960697315436241
-0.7867832010911066,-0.4200911816435594,-0.36669201944754715,0.3960697315436241
2.1651726457947125,1.869616860297046,0.2955557854976665,0.451932013245033
0.0842783727548277,-0.6877523622362915,0.7720307349911193,0.3913449937106918
-0.4522446600161786,0.289336768027571,-0.7415814280437496,0.3960697315436241
-0.3689782083876913,0.01358876996221504,-0.38256697834990633,0.4108178661971831
-0.2751878186915077,-0.7679374351559266,0.4927496164644189,0.5528236513157895
-0.2907921251024896,0.5685026294516082,-0.8592947545540979,0.4862467272727273
-0.5231301826775526,-0.42373463959341734,-0.09939554308413528,0.5642011216216216
-0.8301962450831158,-0.9628250365107154,0.13262879142759953,0.2308548911564625
0.3205110772591006,0.539111284591514,-0.21860020733241342,0.4489242193548386
-0.1317047517098318,0.243280973497931,-0.37498572520776285,0.3581031125827814
0.1126697137535428,-0.1792007234074152,0.291870437160958,0.3913449937106918
0.4625516685051041,0.1482331858292838,0.3143184826758203,0.4581912866666666
-0.2737457953842636,-0.17121511295969935,-0.10253068242456423,0.4095118375
0.3642061632317089,-0.346097854560923,0.7103040177926319,0.3608544807692307
1.0923373185522758,0.6724311159230669,0.41990620262920886,0.451932013245033
-1.0929230787201731,-0.14476431855045332,-0.9481587601697198,0.4108178661971831
-1.1530041545189067,-1.2747290448317001,0.12172489031279343,0.3571249225352113
-0.6368657350341481,-0.0565108528873679,-0.5803548821467802,0.4505385
-1.2239328527975986,-0.8111175650949788,-0.41281528770261977,0.3801381595092024
-0.1044800366346095,0.5668623246823448,-0.6713423613169542,0.5528236513157895
-0.3015261056431585,0.24537043759070182,-0.5468965432338604,0.3496421194968553
2.1651726457947125,1.531859200046336,0.6333134457483764,0.3496421194968553
-0.0555821936939267,0.11245379707159596,-0.16803599076552267,0.3859531132075471
-0.1729415281998759,0.48345999615742347,-0.6564015243572994,0.3234683624161074
-0.3316493589085961,-0.034610988652007624,-0.29703837025658847,0.3818871419753086
-0.2471676116259495,-0.26749071531760094,0.02032310369165144,0.4505385
0.6552810469641105,1.959961308424695,-1.3046802614605846,0.3924679037433155
-0.7353717161164333,-0.4590461825039801,-0.27632553361245316,0.38214178
0.8328042956462716,0.11162206255369123,0.7211822330925803,0.3608544807692307
2.1651726457947125,2.244924596511628,-0.07975195071691532,0.3989209285714286
0.0219791509039515,0.1418810072846433,-0.11990185638069181,0.3427241592356688
-0.2907921251024896,0.0011335865272594364,-0.291925711629749,0.2560125510204081
-1.106685442864919,-1.2054644738403426,0.09877903097542351,0.4707778461538461
-0.3377750773977442,1.7918906507128851,-2.1296657281106293,0.3989209285714286
1.1304192347541642,0.7780860075964559,0.3523332271577083,0.3801381595092024
-0.4822918292406309,-0.28184921756824327,-0.20044261167238764,0.4236190132450331
-0.9414751174125988,-0.2756558564768572,-0.6658192609357416,0.345568697368421
1.1975175796696262,-0.04122112432409714,1.2387387039937234,0.3336369019607843
2.1651726457947125,2.026005228978116,0.1391674168165964,0.3330391923076923
-1.1445997751002082,-0.25441889887025654,-0.8901808762299517,0.4770338545454546
-0.7865745099608384,-0.5786461890832157,-0.2079283208776227,0.3425733024691358
-0.2524908532161628,-0.16739628313973548,-0.08509457007642734,0.3425733024691358
-0.4490441777485816,0.5792044137681474,-1.028248591516729,0.5528236513157895
-0.2907921251024896,-0.15632480485040423,-0.13446732025208535,0.3062974840764331
-0.8666153651860641,-0.7605597172771326,-0.10605564790893152,0.38214178
0.4382570332503514,0.7183742115386964,-0.280117178288345,0.2853974074074074
2.1651726457947125,2.0004080330991996,0.1647646126955129,0.32182454
0.8390466416269293,1.2330933804600646,-0.39404673883313523,0.3960697315436241
1.0235455094668875,1.0833410969890107,-0.05979558752212322,0.3978908843930636
-0.1357895136602236,0.7459838993186259,-0.8817734129788495,0.2560125510204081
1.3281939595551489,0.12113999626540695,1.207053963289742,0.3581031125827814
-0.8914845603783113,-0.40156406151791213,-0.4899204988603991,0.3683428963414634
-1.1342724480860404,-1.0837252699918567,-0.05054717809418374,0.4095118375
0.7091306089171142,0.41540920578450313,0.2937214031326111,0.4581912866666666
0.8576496670350703,1.73011299447342,-0.8724633274383496,0.4489242193548386
0.071318630943759,0.8369762697252177,-0.7656576387814586,0.3841937837837837
-0.4085703445493853,-0.044016200183689874,-0.36455414436569544,0.3972289517241379
-0.445922724268474,-0.19639367573872069,-0.24952904852975333,0.5528236513157895
-0.5673033955678672,-0.214911564393637,-0.35239183117423023,0.3279570604026846
-0.7961268805604872,-0.6605254487134478,-0.13560143184703943,0.5642011216216216
-0.6310552121797367,-0.26805565850915103,-0.3629995536705857,0.3571249225352113
0.9486876121176746,0.7811741318756501,0.1675134802420245,0.4270410310559006
-0.2749895100409431,-0.566619397983902,0.29162988794295897,0.4770338545454546
0.1401502537308409,0.362191381088693,-0.22204112735785209,0.3385222580645161
-1.0349952946261305,-1.1223565133686928,0.08736121874256231,0.3279570604026846
-0.4492213561691516,-0.6158512210327624,0.16662986486361075,0.5642011216216216
-0.2530594765161805,-0.5137005582240353,0.26064108170785477,0.4142846265822784
-0.6036302048207268,0.056496973054380756,-0.6601271778751076,0.3062974840764331
-0.8681910089905769,-0.9922254442766726,0.1240344352860957,0.4270410310559006
-1.113400222573503,-0.6375507562513529,-0.47584946632214997,0.451932013245033
0.2690364591062463,0.9609602371745178,-0.6919237780682715,0.3336369019607843
1.3618825520721118,1.2128955346343406,0.1489870174377712,0.3754729428571428
-0.9046797662274928,-0.9781312603610415,0.07345149413354868,0.3496421194968553
-0.8693932622661991,-0.7836090739903436,-0.08578418827585543,0.3425733024691358
-1.0759708919494675,-0.8430524950077141,-0.23291839694175343,0.5263955251396648
0.6932696931834891,0.6274204393268302,0.06584925385665885,0.3581031125827814
0.9161005687261724,0.5703119433791867,0.34578862534698573,0.451932013245033
2.1651726457947125,1.246658952272514,0.9185136935221985,0.4505385
1.142748450201106,0.9377729609888019,0.20497548921230413,0.4151807791411043
-0.0104615259484037,-0.1675407845068459,0.1570792585584422,0.4489242193548386
-0.8565941876150984,-0.40769148994359455,-0.44890269767150387,0.4236190132450331
-1.104152424414778,-1.1345307259151909,0.030378301500412874,0.4077540532544379
1.4687336341485115,0.6187505176665846,0.8499831164819269,0.2560125510204081
-0.2907921251024896,-0.5040003277523581,0.21320820264986856,0.3818871419753086
-0.2907921251024896,-0.34039373277427115,0.04960160767178157,0.3547797567567567
-0.5048805058528021,-0.2571841927851555,-0.2476963130676466,0.4103113666666667
-0.8489650482700737,-0.6070202610686524,-0.24194478720142132,0.3841937837837837
2.1651726457947125,1.2255431053048829,0.9396295404898296,0.3960697315436241
-0.1708192783544566,0.17248564014663648,-0.34330491850109307,0.3841937837837837
-0.4424018771138345,-0.10386887044293354,-0.33853300667090097,0.3336369019607843
2.1651726457947125,0.8745730459078834,1.290599599886829,0.3924679037433155
-0.2907921251024896,-0.4511333971351668,0.16034127203267723,0.3841937837837837
0.325164675650048,0.9078420931625286,-0.5826774175124807,0.38214178
-0.3669405432459424,-0.17183913786021154,-0.19510140538573084,0.3427241592356688
-0.8469752581379517,-0.8706776593612957,0.023702401223343994,0.3754729428571428
0.8366468106976735,-0.010356666527901986,0.8470034772255756,0.345568697368421
-0.6835586216772109,-0.2814930603752696,-0.4020655613019413,0.3818871419753086
-0.176191059730919,-0.2778929370157133,0.10170187728479432,0.4770338545454546
0.3361360836572807,-0.25395385864925757,0.5900899423065382,0.3385222580645161
-0.6229804415294451,-0.6086928220801846,-0.014287619449260491,0.3336369019607843
0.410097189023303,0.8905815712594471,-0.48048438223614415,0.4142846265822784
-0.4942247209498983,-0.5382765411720717,0.04405182022217341,0.3913449937106918
-1.0366598828487468,-0.01475133100435879,-1.021908551844388,0.4707778461538461
-0.3961448787179493,-0.5945876241853477,0.19844274546739843,0.3336369019607843
-0.1438205611834882,0.7496117721656633,-0.8934323333491515,0.4095118375
-0.92072936561285,-0.1944286641766622,-0.7263007014361877,0.4707778461538461
1.785961485077316,1.7627660496446977,0.02319543543261826,0.3608544807692307
-0.8715190705285567,-0.4962469009138365,-0.3752721696147202,0.3279570604026846
-0.5070034656384522,0.4150137002869041,-0.9220171659253563,0.3924679037433155
-0.9765095818953128,-0.349477840481249,-0.6270317414140638,0.38214178
-0.8693208174612408,-0.4840680613810153,-0.38525275608022547,0.32182454
0.0727050519064424,-0.2670622023855707,0.3397672542920131,0.4707778461538461
0.3936524195531464,0.6388094411458988,-0.24515702159275238,0.3672524791666667
-0.0692875030879285,0.18849563950290962,-0.2577831425908381,0.4103113666666667
-0.2734845833352802,-0.23363508769862656,-0.03984949563665363,0.3547797567567567
-0.4592824781785721,0.35687060212679955,-0.8161530803053716,0.3683428963414634
-0.7424980137494668,-0.3028250382711239,-0.4396729754783429,0.3496421194968553
-1.1122877047922417,-1.0538508630798484,-0.05843684171239327,0.4236190132450331
2.1651726457947125,-0.268610369452672,2.4337830152473847,0.1728005125
0.0586636317691072,0.034848704449400476,0.023814927319706726,0.2853974074074074
-0.0957698896825204,0.09479772978098505,-0.19056761946350545,0.2560125510204081
-1.0932005294634202,-0.931320049744286,-0.16188047971913422,0.3978908843930636
0.7181770151770379,0.6004654919771988,0.11771152319983913,0.3427241592356688
-0.991645945861524,-0.7462859591414799,-0.2453599867200441,0.3496421194968553
0.7449903107765533,0.06558552896179183,0.6794047818147615,0.2730334219653179
-0.657466679231585,-0.3178645729810169,-0.3396021062505681,0.3978908843930636
0.521931187864978,-0.47509268142742117,0.9970238692923992,0.3448446496815286
-1.1355327373908428,-1.1460231183729892,0.010490380982146386,0.3978908843930636
-0.2907921251024896,-0.44376153532271695,0.15296941022022736,0.2730334219653179
-0.2939611992497974,-0.2794373914085025,-0.014523807841294922,0.4236190132450331
-1.127728813692667,-1.192100206188039,0.06437139249537194,0.3794539181286549
0.7852653753694883,0.9694443090011282,-0.18417893363163995,0.3801381595092024
-0.7388337959083734,2.246991637179922,-2.9858254330882956,0.37639671875
2.1651726457947125,-0.23950889608049275,2.404681541875205,0.2560125510204081
-0.1972902444986951,0.7174313929416136,-0.9147216374403087,0.3234683624161074
0.3213505689045223,0.1719924663848935,0.1493581025196288,0.4270410310559006
1.0776581569662804,0.7538396810575969,0.3238184759086835,0.3754729428571428
-0.4849602869740931,0.2522620629162011,-0.7372223498902942,0.3234683624161074
0.4127404323895833,-0.20426257990917424,0.6170030122987575,0.4707778461538461
0.1366244076778575,0.1598365490970696,-0.0232121414192121,0.3683428963414634
2.1651726457947125,1.4564948988407194,0.7086777469539931,0.451932013245033
-0.2907921251024896,0.09496358562343177,-0.38575571072592135,0.3547797567567567
0.0947051175486602,0.6985824047477964,-0.6038772871991362,0.3999173558282208
0.5073788655000624,0.6821232611734145,-0.1747443956733521,0.2730334219653179
0.3775326806877208,0.6427897609831364,-0.26525708029541567,0.3989209285714286
0.5551026325027212,0.1968439432469488,0.3582586892557724,0.3801381595092024
0.6651917824770619,0.3916433638288392,0.2735484186482227,0.4505385
-0.2653579779361838,-0.24787580520153604,-0.017482172734647777,0.3913449937106918
-0.279338152654936,0.025256776348166747,-0.30459492900310275,0.2853974074074074
-0.62859975909732,-0.5876674546138213,-0.040932304483498716,0.3794539181286549
-1.1110480392511437,-1.280186566169851,0.16913852691870734,0.3913449937106918
-0.4147643876546523,-0.17977725426358154,-0.23498713339107075,0.4151807791411043
2.1651726457947125,1.9839183071094197,0.18125433868529273,0.3571249225352113
-0.1708505711886924,0.5426422169627891,-0.7134927881514815,0.3496421194968553
-0.4613632603041821,-0.6239437696821014,0.1625805093779193,0.3608544807692307
-0.5714202712208869,-0.3940411185849121,-0.1773791526359748,0.4699289935064935
2.1651726457947125,1.900156653358721,0.2650159924359914,0.3691574802631578
-1.156926384012685,-0.9827699857702265,-0.17415639824245865,0.3330391923076923
-0.2907921251024896,-0.3643433618613632,0.0735512367588736,0.4077540532544379
1.130355293385095,1.0863164192923584,0.04403887409273666,0.37639671875
-0.7745849462426,-0.4892023834336793,-0.2853825628089207,0.5528236513157895
-0.6460404415975013,-0.2994752591539429,-0.3465651824435584,0.3496421194968553
-1.074613496449408,-0.8904400209528299,-0.18417347549657814,0.4095118375
1.3740485937788176,-0.32587215917430434,1.699920752953122,0.4577306518518518
0.1755652640050059,0.2430050709011402,-0.0674398068961343,0.3841937837837837
0.8816764238545317,0.28146044114118074,0.600215982713351,0.3801381595092024
-0.5361390030687956,-0.4513091498744995,-0.08482985319429609,0.4151807791411043
-0.023077966098098,1.238463848397642,-1.26154181449574,0.3672524791666667
-0.2907921251024896,-0.6737855168766029,0.38299339177411335,0.32182454
-1.036435097349676,-1.2095247506594333,0.17308965330975723,0.3972289517241379
-0.6310552121797367,-1.2230888395760358,0.5920336273962991,0.3913449937106918
0.0760905148060522,0.1150520060049421,-0.038961491198889905,0.4581912866666666
-0.1028258739159762,0.006626928268618703,-0.1094528021845949,0.345568697368421
0.3812177827359942,0.8725364978777015,-0.4913187151417073,0.38214178
2.1651726457947125,-0.05389695695123992,2.2190696027459524,0.2853974074074074
0.6252740250181789,1.0294679655115087,-0.4041939404933298,0.3972289517241379
-0.6831341610114829,-0.5711505428952088,-0.11198361811627411,0.3683428963414634
-0.0567620271996821,-0.21869614341144084,0.16193411621175874,0.3279570604026846
2.1651726457947125,2.1157808268230043,0.04939181897170819,0.3801381595092024
-0.2907921251024896,-0.07047585686257396,-0.22031626823991562,0.3427241592356688
-1.0809768019435857,-0.8228667426602613,-0.2581100592833244,0.5528236513157895
1.377635356823793,1.772366163930745,-0.3947308071069522,0.3754729428571428
-0.3992524439922917,0.4251271143420799,-0.8243795583343716,0.3999173558282208
2.1651726457947125,-0.002624864782552163,2.1677975105772647,0.4103113666666667
-0.2907921251024896,-0.07075765729016653,-0.22003446781232305,0.4151807791411043
0.9508230723185608,0.026038181322399975,0.9247848909961608,0.1728005125
2.1651726457947125,0.7805533190237657,1.3846193267709468,0.3754729428571428
-0.6210697966593818,-0.48684317949509837,-0.1342266171642834,0.4077540532544379
0.3038639708614448,-0.7455511429801018,1.0494151138415466,0.3427241592356688
1.4682148782071278,2.094364087131794,-0.6261492089246661,0.3993076298701298
-0.6550357947559837,-0.3812837722188685,-0.2737520225371152,0.2308548911564625
-1.049743018333361,-0.5225491273857111,-0.5271938909476498,0.4509778670886076
-0.6219076952971762,-0.1662660603853876,-0.45564163491178855,0.3859531132075471
-0.2124909142329843,0.12577976907039165,-0.33827068330337595,0.3999173558282208
2.1651726457947125,1.6203613143699702,0.5448113314247423,0.2308548911564625
1.4289413166311908,0.4312440455981552,0.9976972710330356,0.5642011216216216
-0.0837684023754837,-0.2839629887597843,0.2001945863843006,0.4862467272727273
-1.1010385298965026,-1.1578104746657967,0.056771944769294036,0.3859531132075471
2.1651726457947125,1.5165666253606196,0.6486060204340929,0.2560125510204081
-0.2907921251024896,-0.06703601540814981,-0.2237561096943398,0.3754729428571428
1.439024317239521,2.0614569499291573,-0.6224326326896363,0.3993076298701298
-1.1473721622597317,-1.2311370632083287,0.08376490094859701,0.4489242193548386
0.522617020633179,1.8540042944359425,-1.3313872738027634,0.3924679037433155
0.8981913831186012,1.0337370073985728,-0.13554562427997152,0.4095118375
0.4254034643477842,0.3299526609205834,0.0954508034272008,0.3336369019607843
-0.4565129442894372,-0.2063150520405011,-0.25019789224893607,0.3754729428571428
0.435892697351776,0.9192827842773339,-0.4833900869255579,0.3794539181286549
-0.807450571844592,-0.3165809548534142,-0.4908696169911778,0.3999173558282208
-0.450746159220417,-0.4516751577676942,0.0009289985472771822,0.4095118375
-0.3879496646474074,-0.5648840263570413,0.1769343617096339,0.3672524791666667
0.3558592624281814,-0.1397978626233142,0.4956571250514956,0.3754729428571428
-0.5205937861083522,-0.2422616487481541,-0.2783321373601981,0.4103113666666667
-0.3683428186160458,0.23246483934176032,-0.6008076579578061,0.3999173558282208
-0.6238355752340927,-0.1557655612665055,-0.4680700139675872,0.2853974074074074
-0.6674963503341401,-0.19978367643838932,-0.4677126738957508,0.3960697315436241
-0.3602657200590597,1.9162329658341224,-2.276498685893182,0.3547797567567567
0.8587439234262857,1.2153418610002562,-0.3565979375739705,0.3924679037433155
-0.2819314209037976,-0.3352508268564143,0.053319405952616694,0.4108178661971831
0.334263072354374,0.27011065853048694,0.06415241382388709,0.3978908843930636
2.1651726457947125,0.682165940877018,1.4830067049176945,0.4699289935064935
0.1033499107784869,1.45224711432921,-1.348897203550723,0.3924679037433155
-0.5724421251975482,-0.5941036321306145,0.021661506933066232,0.4707778461538461
-0.2907921251024896,-0.32984614412406243,0.03905401902157285,0.3989209285714286
1.0779220590231695,0.4696187069738026,0.6083033520493669,0.4489242193548386
2.071167996919312,1.8698414071485345,0.20132658977077744,0.4577306518518518
-0.4236800064433064,-0.35387428831658124,-0.06980571812672515,0.3972289517241379
-0.2907921251024896,-0.24406814438386687,-0.046723980718622715,0.3691574802631578
-0.2907921251024896,-0.7989978145525143,0.5082056894500246,0.5263955251396648
-0.7712274594252102,-0.636801383985726,-0.13442607543948415,0.3448446496815286
-0.2907921251024896,-0.9443161509206661,0.6535240258181765,0.4142846265822784
-1.1447653769786554,-0.4792351693154392,-0.6655302076632162,0.3427241592356688
-1.25403293911277,0.5408044954437075,-1.7948374345564775,0.4236190132450331
1.5470756309258076,0.5755585582789425,0.971517072646865,0.4509778670886076
-0.0467522978111099,0.09738844285011762,-0.1441407406612275,0.4095118375
-0.6988684383832344,-0.16057544885337327,-0.5382929895298612,0.3841937837837837
-0.2907921251024896,0.01647122541321991,-0.3072633505157095,0.5642011216216216
2.1651726457947125,1.036913339259773,1.1282593065349396,0.3859531132075471
2.1651726457947125,1.5294270870198905,0.635745558774822,0.4056208709677419
-0.2747814092069608,1.0197972390611019,-1.2945786482680628,0.2560125510204081
0.2094606182945788,0.7772917441338537,-0.567831125839275,0.3978908843930636
-1.126304428794993,-0.9703919593015954,-0.15591246949339765,0.4077540532544379
0.8001581212061706,0.7070805587713924,0.09307756243477816,0.3993076298701298
2.1651726457947125,1.3572097720369227,0.8079628737577897,0.4509778670886076
-0.1957863910229902,-0.5731988664029635,0.37741247537997324,0.3571249225352113
-0.763112547042806,-0.3791421281094566,-0.3839704189333494,0.3794539181286549
0.3623333119822917,-0.22495737365026378,0.5872906856325555,0.4077540532544379
0.3364209939231872,0.5873483987979142,-0.25092740487472703,0.3608544807692307
-0.4765730471447948,-0.14867639387948023,-0.3278966532653146,0.1728005125
2.1651726457947125,0.8785671360809563,1.2866055097137563,0.3913449937106918
2.1651726457947125,2.2355328360236983,-0.07036019022898587,0.3427241592356688
-1.1888573393488833,-1.1334399445241048,-0.055417394824778476,0.3427241592356688
0.7128223690320834,0.08895312363421778,0.6238692453978656,0.451932013245033
-1.1846289864404032,-0.8860396465943446,-0.2985893398460585,0.4509778670886076
-0.5774646373737433,-0.6957067009515528,0.11824206357780953,0.3608544807692307
2.1651726457947125,0.5266385696450248,1.6385340761496878,0.3581031125827814
-0.3307845197821996,-0.09431293248731507,-0.23647158729488452,0.38214178
-0.2907921251024896,-0.48529362767929823,0.19450150257680865,0.4770338545454546
-1.1556090397194356,-1.0606837219756808,-0.09492531774375479,0.3794539181286549
-0.7226433637144183,-0.8126412212514934,0.08999785753707512,0.3448446496815286
0.861185766019512,0.5551377252812468,0.3060480407382652,0.3062974840764331
-0.957495069662224,-0.16065933690697154,-0.7968357327552524,0.4707778461538461
-0.8383958158571835,-1.2236190773730007,0.3852232615158172,0.3608544807692307
-0.2907921251024896,-0.6441438988177566,0.353351773715267,0.3691574802631578
-0.7515174498078879,-0.701683977305087,-0.0498334725028009,0.4509778670886076
2.033395715285743,0.8319940171391412,1.201401698146602,0.3993076298701298
0.4466254275736009,-0.36723001888688384,0.8138554464604848,0.4142846265822784
0.103182661616848,1.2957819697398676,-1.1925993081230195,0.3999173558282208
-0.8783342661721686,-0.33158336081626444,-0.5467509053559041,0.2730334219653179
-0.895169881509703,-0.06730396502567819,-0.8278659164840249,0.3818871419753086
-0.5481778505843063,-0.043917278619716046,-0.5042605719645903,0.3841937837837837
-1.007924960293137,-0.9945149469355493,-0.013410013357587736,0.3841937837837837
-0.3797000898353644,-0.18509351126814033,-0.19460657856722408,0.3427241592356688
-1.057319930719297,-1.1173280115011857,0.06000808078188857,0.3754729428571428
0.2103453052421936,-0.2909629762539129,0.5013082814961065,0.4077540532544379
1.202076035373002,0.994773032799327,0.20730300257367495,0.451932013245033
-0.2907921251024896,-0.6715648260375691,0.3807727009350795,0.4862467272727273
0.546221876850401,-0.22925258973822238,0.7754744665886234,0.4270410310559006
-0.1793819423546921,0.5026854675743122,-0.6820674099290043,0.3496421194968553
-0.2907921251024896,0.08573920557455036,-0.3765313306770399,0.3427241592356688
1.2107970861671515,0.3945770342822199,0.8162200518849316,0.4056208709677419
-0.6483742068834039,-0.5846668423731278,-0.06370736451027603,0.4489242193548386
2.1651726457947125,0.9599834599483166,1.205189185846396,0.3425733024691358
0.0444142209336066,0.8849318951144378,-0.8405176741808312,0.4103113666666667
-0.6033467536563103,-0.4204059731744436,-0.18294078048186668,0.3279570604026846
0.3310103698626127,0.5382320963164017,-0.207221726453789,0.3683428963414634
-0.670560327179937,-0.29282549161813587,-0.3777348355618011,0.4581912866666666
-0.7695543680044075,-0.3895478825104328,-0.38000648549397464,0.3330391923076923
2.1651726457947125,1.0224486349726973,1.1427240108220151,0.345568697368421
1.2019360369026444,1.5402147874647643,-0.33827875056211987,0.2853974074074074
-1.1245313906652834,-0.5817406130993681,-0.5427907775659153,0.2730334219653179
-1.1260831195467869,-0.9068761020922833,-0.21920701745450355,0.4151807791411043
-0.9508384010574152,-0.9963920731924556,0.04555367213504036,0.4707778461538461
-0.8415947296798175,-0.4790570577350288,-0.3625376719447887,0.3924679037433155
-1.008892231434272,0.6410017367934956,-1.6498939682277678,0.3818871419753086
-0.1189889131929007,0.22199134428367487,-0.34098025747657557,0.4103113666666667
-0.7895240136984821,1.1894215513392967,-1.9789455650377787,0.4577306518518518
-1.0932558834081347,0.3259002236332341,-1.4191561070413687,0.2308548911564625
-1.171603331908375,-0.8825139291148609,-0.289089402793514,0.3336369019607843
-0.4205120590091773,-0.7333186001004932,0.3128065410913159,0.2308548911564625
1.299013523951615,0.19039136359440226,1.1086221603572126,0.38214178
2.1651726457947125,0.8890467168769195,1.2761259289177929,0.4699289935064935
0.0994440276189054,1.0182479300031761,-0.9188039023842708,0.3496421194968553
0.6136554094284274,-0.021905219454160026,0.6355606288825875,0.4707778461538461
1.5116295056986362,0.497992298351519,1.0136372073471172,0.3978908843930636
-0.0107678683273717,-0.5041123564139535,0.49334448808658177,0.3608544807692307
-0.2907921251024896,-0.30252953858928117,0.011737413486791581,0.3496421194968553
-0.753884444020609,0.14086341015393022,-0.8947478541745392,0.3608544807692307
-0.2054707851505604,-0.22301841495730368,0.017547629806743292,0.32182454
0.1933202198514992,0.3222580829062816,-0.12893786305478241,0.3754729428571428
0.6131507255166189,0.7356637464485112,-0.12251302093189231,0.4103113666666667
-0.4424018771138345,0.20438527701868603,-0.6467871541325205,0.3385222580645161
1.718047383181179,0.37540777973819217,1.3426396034429868,0.4236190132450331
-0.5482679999199424,-0.059868802791444575,-0.4883991971284978,0.5528236513157895
-0.8817403220925357,-0.26636627638243543,-0.6153740457101002,0.37639671875
0.8013302146994876,-0.12996659519684972,0.9312968098963373,0.32182454
0.4965112601042327,0.07130367435494953,0.4252075857492832,0.3608544807692307
0.1683740737939224,-0.12554670568376894,0.29392077947769135,0.38214178
0.9507135473987348,0.5086468747619719,0.4420666726367629,0.3801381595092024
-1.1799185092386986,-0.9992280031178749,-0.1806905061208237,0.4236190132450331
-0.2907921251024896,-0.03879164129275624,-0.25200048380973333,0.3581031125827814
0.2756598797679804,0.8250502556883594,-0.5493903759203791,0.3336369019607843
0.2035471422215408,2.099542763016046,-1.8959956207945052,0.3818871419753086
-0.2040698306179177,-0.16599754415601914,-0.03807228646189856,0.3989209285714286
-0.9269231792552924,0.13342141677469493,-1.0603445960299873,0.3818871419753086
-0.2907921251024896,0.2531666925142087,-0.5439588176166983,0.3913449937106918
-0.5161150156494761,-0.5987088679709142,0.08259385232143801,0.3336369019607843
-0.2907921251024896,-0.42064745805992576,0.12985533295743618,0.4707778461538461
0.679383149359942,0.5594259822994676,0.11995716706047443,0.3754729428571428
0.498016548911107,-0.4486879594815178,0.9467045083926249,0.3608544807692307
1.810796966428212,1.2004939253979885,0.6103030410302235,0.3972289517241379
-0.7017254514086996,0.01324325684993223,-0.7149687082586318,0.2308548911564625
-0.0388477864373422,0.12404993046461509,-0.16289771690195728,0.3279570604026846
-0.2907921251024896,-1.0859397581565813,0.7951476330540916,0.3571249225352113
-0.4706560716844473,0.039463677960880766,-0.510119749645328,0.38214178
-0.5390602153713041,-0.4979518702255615,-0.04110834514574263,0.3972289517241379
-0.744920970030928,-0.6498371920325534,-0.09508377799837464,0.32182454
-0.6707647606496802,-0.2689689073198006,-0.40179585332987955,0.4699289935064935
2.1651726457947125,0.5106006253162868,1.6545720204784256,0.3859531132075471
-1.1630317744805294,-0.4673507330192402,-0.6956810414612893,0.5642011216216216
2.1651726457947125,2.1560698162921588,0.0091028295025537,0.3972289517241379
-0.596954828577727,-0.5984539952275332,0.001499166649806205,0.3913449937106918
2.1651726457947125,2.3203553285000282,-0.15518268270531577,0.3336369019607843
-0.6790760614369467,-0.11094228121684874,-0.5681337802200979,0.3330391923076923
0.0292314605509209,0.011702935195787151,0.01752852535513375,0.3062974840764331
0.2277728328509889,0.07766997105950514,0.15010286179148374,0.4581912866666666
-0.7796474381165582,-0.5281423856571679,-0.25150505245939037,0.2853974074074074
-0.5333734978527673,-0.33552914742217593,-0.1978443504305914,0.3978908843930636
-1.0997545930847936,-0.9098737372818836,-0.18988085580291003,0.4095118375
-0.2907921251024896,-0.9748833451877982,0.6840912200853086,0.2730334219653179
-0.0700195513012324,-0.09048387589554827,0.020464324594315866,0.3427241592356688
-1.0032562766230977,-0.9294757696028713,-0.07378050702022643,0.4135580243902439
-0.9940977675521196,0.07052143028499103,-1.0646191978371107,0.4862467272727273
-0.7871229712752388,-0.44717375639215445,-0.3399492148830843,0.3818871419753086
-0.7401052937115072,-0.6113945586947837,-0.1287107350167236,0.3913449937106918
-1.1922988843573503,-0.9813187949202947,-0.2109800894370556,0.2308548911564625
-1.0228784838277345,-0.6241379728689466,-0.39874051095878793,0.4699289935064935
-0.3666880434154946,0.8804183476669037,-1.2471063910823983,0.3841937837837837
2.1651726457947125,2.2626504482151812,-0.09747780242046877,0.32182454
-1.1243146641763484,-1.3585202408603652,0.23420557668401676,0.4770338545454546
1.0499193778147156,0.7906115843822159,0.25930779343249966,0.451932013245033
2.1651726457947125,2.1599916390135663,0.005181006781146191,0.3330391923076923
-0.895169881509703,-0.4731758651860251,-0.4219940163236779,0.3978908843930636
-0.2448497997904679,-0.0638704844842847,-0.1809793153061832,0.345568697368421
-0.3174613737499403,-0.17433815877019468,-0.14312321497974564,0.4056208709677419
2.1651726457947125,0.806248381658524,1.3589242641361885,0.3978908843930636
-0.2330589531761299,-0.46452594727624363,0.23146699410011373,0.3385222580645161
-0.0364803413808807,0.04575077186659292,-0.08223111324747362,0.3801381595092024
-0.4989978777128396,-0.5594484986756862,0.060450620962846646,0.3859531132075471
0.141029153001652,0.11201526195955708,0.029013891042094925,0.3754729428571428
-1.018304423226067,-0.2520065750380889,-0.7662978481879781,0.2560125510204081
-0.429752036494844,-0.4850621795638869,0.055310143069042916,0.4108178661971831
2.1651726457947125,2.2695736862762583,-0.10440104048154586,0.3425733024691358
-0.8909013670605102,-0.40245586694527724,-0.4884455001152329,0.4103113666666667
2.1008808972040764,1.3033628488220832,0.7975180483819932,0.3062974840764331
1.2463560800058606,0.13597976898722017,1.1103763110186404,0.3978908843930636
0.844388618191202,1.1272291188707733,-0.2828405006795712,0.2730334219653179
0.2227364336575445,0.4386003445035364,-0.2158639108459919,0.3683428963414634
-0.2177654595490069,-0.026405763923914694,-0.1913596956250922,0.3234683624161074
-0.6339046163256971,-0.14433725940112868,-0.4895673569245684,0.37639671875
0.1066136577533703,-0.17881453337102987,0.28542819112440015,0.3672524791666667
-0.5443049867765534,-0.35838369567406136,-0.185921291102492,0.3581031125827814
1.1569363287894925,0.6935930886734678,0.4633432401160247,0.451932013245033
2.1651726457947125,0.8887458467545182,1.2764267990401943,0.3978908843930636
-0.489320098073045,-0.6251149496550314,0.13579485158198645,0.2853974074074074
-0.6522495994570571,-0.5207120560496522,-0.13153754340740487,0.3924679037433155
-0.3851114099701498,0.45732692379699946,-0.8424383337671493,0.3547797567567567
2.1651726457947125,1.1725274604846687,0.9926451853100438,0.3913449937106918
-1.0298749903620883,-0.8682913985673271,-0.16158359179476123,0.3330391923076923
-0.2907921251024896,-1.0433389134661284,0.7525467883636388,0.4108178661971831
2.1651726457947125,1.2409638100662927,0.9242088357284197,0.4699289935064935
2.1651726457947125,1.5228841771818407,0.6422884686128718,0.4770338545454546
-0.0149010365540474,-0.3062234141920516,0.2913223776380042,0.5263955251396648
0.7243665969893699,0.800971896465486,-0.07660529947611616,0.3993076298701298
0.7658886403001242,0.6688583104646159,0.0970303298355083,0.4505385
0.4667334589218059,1.9787129333051905,-1.5119794743833845,0.3330391923076923
0.2847030845619412,-0.10179571065271685,0.3864987952146581,0.3801381595092024
1.0460729370949278,1.2970450389305919,-0.2509721018356641,0.37639671875
-0.6471462321404351,-0.37186353570232417,-0.27528269643811093,0.3818871419753086
0.8321175136499493,0.4184089082623055,0.41370860538764387,0.4770338545454546
-0.4030913415971273,0.7174544062993697,-1.120545747896497,0.4236190132450331
-0.5450482375456086,0.14248281025346685,-0.6875310477990755,0.5263955251396648
1.0486280254554394,0.756258244164041,0.29236978129139846,0.451932013245033
-0.2216774750550351,-0.4399093848218455,0.2182319097668104,0.4056208709677419
2.1651726457947125,0.4690850744088217,1.6960875713858907,0.4707778461538461
-0.7225184693017053,-0.8254479273316216,0.10292945802991638,0.3913449937106918
0.2949533184850304,0.4335405793079807,-0.13858726082295025,0.5263955251396648
-1.068799090633953,-1.070997182610355,0.0021980919764019724,0.3801381595092024
-0.6546368792610606,0.35231742440846014,-1.0069543036695208,0.3279570604026846
-1.1274086423752658,-1.0452833992037587,-0.08212524317150716,0.345568697368421
0.2421485171739476,0.029751403143127603,0.21239711403081998,0.3581031125827814
-0.774198262954466,-0.8791191421800388,0.1049208792255728,0.37639671875
-0.9611675460652914,-0.8793884002203363,-0.08177914584495516,0.3427241592356688
-0.3203864550682378,0.09257773670792431,-0.4129641917761621,0.3989209285714286
-0.6930713398171717,0.3786887113322414,-1.0717600511494132,0.3425733024691358
1.7144534466497316,0.3784954189010942,1.3359580277486374,0.2560125510204081
-1.1640537446148225,-1.0945942357270342,-0.06945950888778829,0.4236190132450331
-0.0990165275732479,0.1725888033692501,-0.271605330942498,0.2560125510204081
2.1651726457947125,0.3719662815710986,1.7932063642236138,0.4236190132450331
1.2761218423134355,0.46824151841426764,0.8078803238991679,0.3062974840764331
-0.5951288397222948,-0.5490152397836818,-0.04611359993861297,0.3672524791666667
-0.5759963847066438,-0.4382159863365957,-0.13778039837004813,0.3859531132075471
-0.8511190465475332,-0.7605186618904289,-0.0906003846571043,0.3547797567567567
0.7301511598808884,-0.10694265095130057,0.837093810832189,0.1728005125
-0.5904221863727709,0.2550565841596514,-0.8454787705324223,0.4050421041666666
2.1651726457947125,1.0416795475697136,1.1234930982249989,0.4581912866666666
-0.4280403781256438,-0.519130900577861,0.09109052245221727,0.3801381595092024
2.1651726457947125,0.3924509976215643,1.7727216481731483,0.2853974074074074
1.048009255495525,0.24106953793492158,0.8069397175606033,0.3801381595092024
0.5848504684232968,0.15064445715333932,0.4342060112699575,0.2853974074074074
-0.027775946053943,-0.17033551019031842,0.14255956413637544,0.4270410310559006
-0.7142474227594006,-0.6186103663626507,-0.09563705639674991,0.3794539181286549
-0.8731603255671343,-0.4362387499660668,-0.4369215756010675,0.3571249225352113
-1.1378449635180086,-0.7758175965095875,-0.3620273670084211,0.4577306518518518
-0.0794845568620878,0.10138272514039555,-0.18086728200248336,0.3279570604026846
-1.1275399991060877,-1.1647725649597047,0.037232565853617006,0.3972289517241379
2.1651726457947125,2.2282328596362198,-0.06306021384150728,0.3978908843930636
-0.6007871857789517,-0.33061340580809356,-0.2701737799708582,0.3496421194968553
-0.932683109835537,0.016276749307544996,-0.948959859143082,0.4151807791411043
-0.8740351826949907,-0.22747186458847513,-0.6465633181065156,0.451932013245033
-1.092055857015346,-1.238039743708375,0.14598388669302897,0.4077540532544379
0.0014865169629768,-0.22340138407405707,0.22488790103703388,0.3425733024691358
-0.7029792961835163,-0.39150308940874545,-0.31147620677477084,0.37639671875
-1.03956902307719,-0.051469860941195926,-0.988099162135994,0.3818871419753086
0.1838775500720459,-0.436965976227971,0.6208435263000169,0.4489242193548386
-1.03923242833052,-0.2507009277137183,-0.7885315006168018,0.3547797567567567
-0.7265137997801321,-0.49564983313287136,-0.23086396664726072,0.3859531132075471
-0.9896324835805967,-0.9001112354692052,-0.0895212481113915,0.1728005125
-1.088691372215681,-0.872212696154295,-0.21647867606138604,0.451932013245033
-0.2907921251024896,0.08985662979076722,-0.3806487548932568,0.3279570604026846
2.1651726457947125,0.2906841610460547,1.8744884847486578,0.4236190132450331
-0.3615846479706602,-0.20714852351547694,-0.15443612445518326,0.3427241592356688
0.4489176478861534,0.9038013986243257,-0.45488375073817233,0.3683428963414634
-0.8181336355669893,-0.7767295369300566,-0.04140409863693262,0.4077540532544379
0.1383840345532777,0.09964556275552942,0.03873847179774827,0.3062974840764331
1.1517188049061486,-0.5273257763559454,1.679044581262094,0.4707778461538461
-0.718864382371093,-0.2404446237466793,-0.47841975862441366,0.3672524791666667
-0.4473232683669205,-0.13058401501397698,-0.3167392533529435,0.4050421041666666
0.3288494306516463,0.7255263343639626,-0.39667690371231634,0.3547797567567567
-0.5511097337797372,0.05704653010112354,-0.6081562638808606,0.4505385
-0.8089257551447261,-0.9396556874669533,0.13072993232222718,0.3691574802631578
-0.8417321189613581,-0.6808457309557829,-0.1608863880055752,0.4707778461538461
-0.1921997694114206,-0.11686021075301868,-0.07533955865840193,0.3385222580645161
-0.7603267098833707,-0.519766203304795,-0.24056050657857575,0.3425733024691358
-0.5172776057687664,-0.2072583249481477,-0.3100192808206187,0.4095118375
-0.6191791176697938,-0.28411565248963744,-0.3350634651801564,0.345568697368421
2.1651726457947125,2.0191813093661035,0.14599133642860895,0.3754729428571428
-0.1300498580538515,-0.30543145004491445,0.17538159199106296,0.4699289935064935
0.2862412794154512,2.1386735523548004,-1.8524322729393492,0.3818871419753086
0.3335374924413763,0.351976324627312,-0.018438832185935672,0.3801381595092024
-0.5411438356731493,0.1867525550621852,-0.7278963907353344,0.345568697368421
-0.0935439925251238,0.21778285496208977,-0.31132684748721356,0.3683428963414634
-0.0150550856606918,0.662981943662932,-0.6780370293236238,0.4095118375
-0.0772663898128293,0.6380875212659642,-0.7153539110787935,0.3972289517241379
2.1651726457947125,1.2469620694819268,0.9182105763127857,0.2730334219653179
0.3562817988864868,1.4979037615011845,-1.1416219626146977,0.4108178661971831
0.6172010216911964,0.6405853912986291,-0.02338436960743273,0.3993076298701298
2.1651726457947125,2.2680326585750765,-0.10286001278036405,0.38214178
0.8774258033062343,0.8284850975298805,0.04894070577635379,0.4505385
-0.8043241511599009,0.25071441178328124,-1.055038562943182,0.2560125510204081
1.6061513972869303,0.3179848002238935,1.2881665970630367,0.3691574802631578
-0.4881225679600521,-0.25764061389958,-0.23048195406047212,0.2730334219653179
0.1409071827344991,-0.24122616016278003,0.3821333428972791,0.4699289935064935
-1.0298004236598777,-0.7094568259623326,-0.32034359769754506,0.3571249225352113
0.2788731278860556,0.24194828416679587,0.03692484371925975,0.3993076298701298
0.4110180908461286,1.2978502948242558,-0.8868322039781272,0.3234683624161074
-0.9617031481118548,-0.45293298575283525,-0.5087701623590195,0.3336369019607843
-0.2907921251024896,0.595727654268771,-0.8865197793712605,0.3683428963414634
2.1651726457947125,2.1796481525852993,-0.014475506790586845,0.4577306518518518
0.4240837413189722,0.7401429891009847,-0.31605924778201255,0.3234683624161074
-0.2907921251024896,-0.20572581876017412,-0.08506630634231546,0.3571249225352113
0.7988069623250293,-0.12391202066816825,0.9227189829931977,0.37639671875
-0.2907921251024896,-0.6776963602486681,0.3869042351461785,0.38214178
-0.8749245630923344,-1.0056763360049408,0.13075177291260642,0.3425733024691358
-0.3922494441987959,-0.24979892337678794,-0.142450520822008,0.2560125510204081
0.2797630898639009,0.013177637124309157,0.2665854527395918,0.2853974074074074
-0.5751848013980296,-0.5176264689758472,-0.057558332422182445,0.3989209285714286
-0.2813822698539386,-0.4978702249169784,0.2164879550630398,0.451932013245033
2.1651726457947125,2.4210397359788103,-0.2558670901840978,0.3234683624161074
-0.1746304768013026,-0.4683990587774737,0.29376858197617106,0.4095118375
-0.634074057110861,-0.9227253899323409,0.2886513328214799,0.3571249225352113
-0.7380156777425566,-0.3190507871181321,-0.4189648906244245,0.5263955251396648
-0.0238383093120851,-0.43763899982331567,0.4138006905112306,0.3425733024691358
2.1651726457947125,-0.13718090672680966,2.302353552521522,0.3691574802631578
1.485776884421752,2.3036209935284173,-0.8178441091066653,0.3924679037433155
-0.8883963282977543,-0.8100447796948013,-0.07835154860295301,0.3547797567567567
-0.9119095436313632,-0.6560683531814194,-0.2558411904499438,0.3425733024691358
-0.7517403559858242,-0.29614038004580717,-0.45559997594001705,0.3234683624161074
0.9489511691087488,1.2684238726565151,-0.31947270354776636,0.3993076298701298
2.1651726457947125,1.9214057560274793,0.24376688976723315,0.4050421041666666
-0.0097254530237133,1.2135860999962789,-1.223311553019992,0.5263955251396648
0.1943031289316713,0.10310742419416527,0.09119570473750602,0.4095118375
-0.2907921251024896,-0.06259116592935635,-0.22820095917313324,0.4577306518518518
-0.2573251722015663,-0.222658714167277,-0.034666458034289305,0.32182454
0.0173463004370149,0.19043733628647835,-0.17309103584946345,0.3683428963414634
0.2297750758577061,1.1853383275039318,-0.9555632516462257,0.3794539181286549
-0.128734265118179,-0.056760994738244655,-0.07197327037993435,0.3801381595092024
0.425697578877855,0.721393593585796,-0.29569601470794105,0.37639671875
0.3661529267071866,-0.3485811987376849,0.7147341254448715,0.3608544807692307
-0.5073266453275815,-0.5155899218250948,0.008263276497513239,0.4770338545454546
-0.8902037766995805,-0.6111730058820237,-0.2790307708175568,0.4577306518518518
2.1651726457947125,1.987323639158004,0.17784900663670844,0.4581912866666666
-0.5793370651152884,-0.6121170353658164,0.032779970250528034,0.3859531132075471
2.1651726457947125,2.2673845219553717,-0.10221187616065919,0.3801381595092024
-0.722237657435178,-0.16641353609910048,-0.5558241213360775,0.3818871419753086
1.1799839100537457,0.04518686450165911,1.1347970455520866,0.3754729428571428
0.3561003857833681,0.8750841474914538,-0.5189837617080857,0.4509778670886076
-0.6238019473620664,-0.8953683829830676,0.27156643562100125,0.5263955251396648
-0.387724677377935,0.21327153710315605,-0.600996214481091,0.38214178
2.1651726457947125,1.5093790889380245,0.6557935568566879,0.4103113666666667
-0.2907921251024896,-0.4071713021612497,0.11637917705876011,0.4862467272727273
1.2789028224041044,1.2254530929024086,0.0534497295016958,0.38214178
-0.2907921251024896,-0.12681206338170656,-0.16398006172078303,0.4270410310559006
0.8009415097456184,1.3987132706247367,-0.5977717608791183,0.3801381595092024
1.4371530748446113,1.3412296626787485,0.09592341216586275,0.4270410310559006
-0.0382802926237074,-0.014849118432070391,-0.023431174191637007,0.3608544807692307
0.6895181336777506,0.22816347558145675,0.46135465809629383,0.2853974074074074
2.1651726457947125,1.6696761315012507,0.49549651429346175,0.3999173558282208
-0.0829048345650474,0.0196469782313327,-0.10255181279638009,0.3581031125827814
-1.0788939708163718,0.4904905814728033,-1.5693845522891752,0.3818871419753086
-0.6844400921043269,-0.3590583683277772,-0.32538172377654967,0.4236190132450331
-0.2907921251024896,-0.46102599623211366,0.17023387112962407,0.2308548911564625
1.208079235689116,0.41280918723395754,0.7952700484551584,0.3683428963414634
-0.8514263353814183,-1.0439430709790243,0.19251673559760596,0.4142846265822784
-0.4172639445853917,0.36220320620830054,-0.7794671507936922,0.3496421194968553
1.890118516312636,1.1775201159403026,0.7125984003723334,0.2308548911564625
0.0104765733017683,0.3972549833380924,-0.38677841003632407,0.4770338545454546
-0.9479115324487398,-0.8833119748464318,-0.06459955760230807,0.3989209285714286
-0.2907921251024896,-1.0921956140532307,0.8014034889507411,0.3571249225352113
2.1651726457947125,2.2982086172646143,-0.13303597146990187,0.3336369019607843
-0.6014356464535185,-0.6093158408653789,0.007880194411860386,0.345568697368421
2.1651726457947125,2.197074330891063,-0.03190168509635072,0.3993076298701298
0.0443903103684895,-0.5536402627109144,0.5980305730794039,0.3385222580645161
2.1651726457947125,2.2314066125841263,-0.06623396678941385,0.4135580243902439
-0.4101213773566783,-0.10246169032701095,-0.30765968702966734,0.5642011216216216
-0.6493240134156267,0.15974403565998446,-0.8090680490756113,0.3496421194968553
2.1651726457947125,2.10076574395078,0.06440690184393238,0.3385222580645161
-0.3154659706528686,-0.04161650933605829,-0.2738494613168103,0.4056208709677419
-0.7780293222962065,-0.5591222218781569,-0.21890710041804962,0.5263955251396648
-0.2868145593728849,-0.43696669314552744,0.15015213377264253,0.3794539181286549
-0.6121724374383826,0.23162191448282302,-0.8437943519212056,0.4077540532544379
-0.833461438878157,0.045618807148663246,-0.8790802460268203,0.3496421194968553
-0.3813114881632198,0.16752219163226914,-0.5488336797954889,0.37639671875
-1.1640008840974654,-0.7793758517972846,-0.38462503230018075,0.3547797567567567
2.1651726457947125,2.448231167034089,-0.2830585212393766,0.4108178661971831
-1.1861086967980246,-0.38171379212546575,-0.8043949046725588,0.5642011216216216
-0.8413035317680385,-0.3873217599929361,-0.4539817717751024,0.3754729428571428
-0.592007990404493,0.1663640111406634,-0.7583720015451565,0.5263955251396648
-0.2907921251024896,-0.36421837806743834,0.07342625296494876,0.3425733024691358
-0.2907921251024896,-0.3371795416088863,0.04638741650639672,0.3841937837837837
0.5809778585617982,0.4277856977719865,0.15319216078981168,0.4581912866666666
-0.5485193781874476,-0.6233163698017345,0.07479699161428699,0.4707778461538461
-0.3994363268316821,-0.4923867748300129,0.0929504479983308,0.4077540532544379
-0.3545146606415584,-0.6977298073415705,0.34321514670001213,0.3608544807692307
-0.0841824853155722,0.8295725548911705,-0.9137550402067427,0.3279570604026846
2.1651726457947125,2.407702692548481,-0.24253004675376832,0.37639671875
2.1651726457947125,-0.054858675672173,2.2200313214668856,0.2853974074074074
-0.2566735726562135,0.08977463968795997,-0.34644821234417345,0.451932013245033
-0.2907921251024896,0.40523938692019706,-0.6960315120226866,0.5263955251396648
-0.8627558083997465,0.9933865503554457,-1.8561423587551922,0.4108178661971831
0.8085702925358397,0.5859920797976942,0.2225782127381455,0.2308548911564625
-0.7801915676862692,0.23042600817552297,-1.0106175758617921,0.345568697368421
0.7851750489449667,0.37002238576468005,0.41515266318028665,0.3672524791666667
0.1843960298815429,-0.4917401832104178,0.6761362130919607,0.4095118375
2.1651726457947125,1.7960272286716474,0.36914541712306503,0.4770338545454546
-0.4963486668076659,-0.7263411237647622,0.22999245695709636,0.32182454
-0.3675108486922883,0.593542531438146,-0.9610533801304342,0.5642011216216216
-0.2907921251024896,-1.1803299942186283,0.8895378691161386,0.4581912866666666
0.9918223563698328,0.7228749998775801,0.26894735649225276,0.3608544807692307
2.1651726457947125,0.4233989510445634,1.7417736947501492,0.2730334219653179
-0.2907921251024896,-0.27873529807264275,-0.01205682702984684,0.4135580243902439
-0.2907921251024896,-0.5024576183954089,0.21166549329291934,0.3691574802631578
-0.2907921251024896,-0.14367798277154775,-0.14711414233094183,0.3801381595092024
-0.7786161655466787,-0.473852032941955,-0.3047641326047237,0.4577306518518518
1.2664121561689714,1.3852025350783932,-0.11879037890942179,0.2730334219653179
0.7555528522404713,0.421495720471015,0.3340571317694563,0.3913449937106918
2.1651726457947125,2.315525394431197,-0.15035274863648462,0.3496421194968553
2.1651726457947125,0.4612284645614892,1.7039441812332232,0.3978908843930636
-0.021710664396318,1.3949152000762686,-1.4166258644725866,0.4862467272727273
2.1651726457947125,0.9307660798617847,1.2344065659329277,0.4236190132450331
-0.5957380552019935,-0.7073614339631169,0.11162337876112338,0.37639671875
-1.1637801617780827,-0.9076217317856325,-0.2561584299924502,0.4236190132450331
0.3540650180430694,0.8114526199234565,-0.45738760188038713,0.451932013245033
-1.1141070414839405,-0.9143450187202306,-0.1997620227637099,0.3841937837837837
1.10664534343191,0.584969965338994,0.5216753780929159,0.4135580243902439
-1.167937480253938,-0.47878809267777545,-0.6891493875761625,0.5642011216216216
-0.8338124793634534,-0.602510155445022,-0.23130232391843142,0.4077540532544379
-0.2212643175727475,-0.3843235840226016,0.16305926644985408,0.3754729428571428
-0.5351645649384087,0.43252757069943626,-0.967692135637845,0.3801381595092024
0.5706665325386917,1.2642759548889038,-0.6936094223502121,0.4077540532544379
2.1651726457947125,2.134501322368961,0.030671323425751407,0.3993076298701298
-1.1705685318229735,0.10359152499506523,-1.2741600568180387,0.4103113666666667
-0.5274994607027073,-0.46987171405988903,-0.05762774664281822,0.3794539181286549
-0.2621037699908078,-0.35559777759927536,0.09349400760846754,0.3859531132075471
-1.174820707702941,0.05673355832584333,-1.2315542660287842,0.3818871419753086
-0.6064409065274643,-0.1891953487253229,-0.4172455578021414,0.3330391923076923
-0.7852827562793224,-0.40163650894807923,-0.3836462473312432,0.3913449937106918
-0.2283008909627053,0.39290180874778746,-0.6212026997104928,0.2560125510204081
-0.6289918164586854,-0.3156971589856632,-0.3132946574730222,0.5642011216216216
-0.7722130593056321,0.3267883198052179,-1.09900137911085,0.3385222580645161
0.4581956848238808,-0.012674914098410355,0.47087059892229116,0.345568697368421
2.1651726457947125,1.6256369300800633,0.5395357157146492,0.4103113666666667
-0.2907921251024896,-1.0223812699505108,0.7315891448480212,0.5263955251396648
-1.155228765701979,-1.1959976964636352,0.04076893076165611,0.3993076298701298
-0.7025381824276087,-1.0179486529618882,0.3154104705342795,0.3448446496815286
-0.2907921251024896,-0.11150220539075152,-0.17928991971173808,0.3683428963414634
-0.0879694237735938,0.047175144024952265,-0.13514456779854606,0.3672524791666667
-1.145527426505463,-0.9934225227870259,-0.152104903718437,0.4236190132450331
-1.2913418853065666,-0.3736312629063286,-0.917710622400238,0.5642011216216216
2.1651726457947125,1.3037330158739227,0.8614396299207898,0.2730334219653179
-0.7515456992487907,-0.49242799657355324,-0.2591177026752374,0.4770338545454546
-0.2174095798226842,1.2332134105111676,-1.450622990333852,0.4142846265822784
-0.9547511905250702,-0.9496043559165472,-0.005146834608522943,0.3234683624161074
-0.8678476744469263,-0.4746221777572789,-0.39322549668964746,0.3672524791666667
-0.9107031095129676,-0.6712354067264983,-0.23946770278646934,0.3062974840764331
-0.7485228795239524,0.18698566502842057,-0.935508544552373,0.5263955251396648
2.1651726457947125,0.6269557503580495,1.5382168954366628,0.2853974074074074
-0.0320042264629462,-0.5841687838990497,0.5521645574361035,0.4489242193548386
-1.177462483410416,-1.016562268500775,-0.16090021490964102,0.345568697368421
0.1084658613102935,0.7956913138550232,-0.6872254525447298,0.4770338545454546
2.1651726457947125,2.0413477780401004,0.1238248677546121,0.3859531132075471
-0.6936086865260055,-0.25431182492455506,-0.43929686160145043,0.3336369019607843
2.1651726457947125,1.299328973495112,0.8658436722996006,0.4489242193548386
-1.1846801919888317,0.03850794399424208,-1.2231881359830739,0.4050421041666666
0.0283494854006722,0.14192424244058455,-0.11357475703991235,0.1728005125
2.1651726457947125,1.87054712413346,0.29462552166125255,0.3425733024691358
-0.600761430240813,-0.25856334163984623,-0.34219808860096673,0.4151807791411043
0.9494271551129466,-0.15330516247170506,1.1027323175846517,0.4707778461538461
-0.3011110120682885,-0.18414787599975738,-0.11696313606853112,0.3754729428571428
-0.0065893582148613,0.07658616959258834,-0.08317552780744963,0.3683428963414634
-1.1610021082100064,-0.14739910380409815,-1.0136030044059083,0.5642011216216216
-0.8013136622886806,-0.5776654915237227,-0.2236481707649579,0.3672524791666667
-0.7080967644502695,-0.9961176809948998,0.28802091654463036,0.3818871419753086
-0.9042015315510014,-1.0408022067909624,0.136600675239961,0.3448446496815286
2.1651726457947125,2.147785127883148,0.017387517911564565,0.4505385
0.8717593892067201,0.4603614087594938,0.41139798044722636,0.4770338545454546
-0.7542496385430849,-0.6080599699084347,-0.14618966863465022,0.4509778670886076
-0.687766940167459,0.3658062074726241,-1.0535731476400831,0.4050421041666666
-0.2907921251024896,-0.7463357358235188,0.45554361072102917,0.38214178
0.1695532456924314,-0.2883728175304286,0.45792606322286,0.1728005125
1.0603100305466582,0.31804665890077805,0.7422633716458802,0.37639671875
-0.2907921251024896,0.04551288840956696,-0.33630501351205655,0.345568697368421
2.0224326443221585,1.90018163865567,0.1222510056664885,0.4050421041666666
1.4414784815744095,1.615512971070262,-0.17403448949585254,0.2730334219653179
2.1651726457947125,0.19683778984682987,1.9683348559478826,0.4151807791411043
-0.452082771854095,-0.008400109554950828,-0.44368266229914416,0.3062974840764331
-1.0186052929642089,-0.9811653217673904,-0.03743997119681852,0.3989209285714286
0.1289364752189534,-0.22092677901345675,0.34986325423241016,0.32182454
0.105164428077377,-0.3649538978021046,0.47011832587948155,0.3972289517241379
1.9369076157038527,0.05746542913770904,1.8794421865661437,0.5642011216216216
-0.4208240527817794,-0.5032243065218716,0.08240025374009213,0.4270410310559006
-0.818982957824513,-0.03970968257705231,-0.7792732752474607,0.3818871419753086
-1.2723917409058618,-0.3901713650199058,-0.882220375885956,0.5528236513157895
0.7465428918240369,0.01816065847499209,0.7283822333490448,0.2730334219653179
-0.185543105560676,-0.043078842480073355,-0.14246426308060264,0.4581912866666666
0.9204779825395972,0.6316643652271539,0.28881361731244337,0.3672524791666667
-0.8457783662580569,-0.8241089940981667,-0.021669372159890177,0.4077540532544379
-0.1028258739159762,-0.36896332571838114,0.26613745180240495,0.4095118375
-0.2907921251024896,-0.7679597073773299,0.4771675822748403,0.4699289935064935
-0.2907921251024896,0.01463642698618715,-0.30542855208867675,0.4050421041666666
-0.1820602746753489,-0.16145970836303736,-0.020600566312311552,0.2853974074074074
-0.2211894668152103,0.49812878376649666,-0.719318250581707,0.2560125510204081
-0.15356711588697,-0.2682764346373093,0.11470931875033932,0.3924679037433155
2.1651726457947125,2.143832441759923,0.021340204034789423,0.451932013245033
-0.2907921251024896,0.5319688507904086,-0.8227609758928982,0.3993076298701298
-1.0966396669346206,-0.39235876998553876,-0.7042808969490818,0.5263955251396648
2.1651726457947125,1.4611167125828566,0.7040559332118559,0.3801381595092024
0.5349956937969027,-0.21373477243780026,0.748730466234703,0.4699289935064935
2.1651726457947125,0.9147422142003627,1.2504304315943497,0.3581031125827814
0.6169019268828658,1.5610041146202418,-0.944102187737376,0.4505385
1.8419654074089904,1.1826220890928305,0.6593433183161599,0.5528236513157895
-0.2907921251024896,-0.17984116882650936,-0.11095095627598023,0.4707778461538461
-0.4898285075863774,0.704377573103,-1.1942060806893773,0.4862467272727273
-1.0993474858621135,-1.2291904488584071,0.1298429629962936,0.4489242193548386
0.4203097339151545,0.2501170853180889,0.17019264859706562,0.37639671875
-0.1445467864606802,-0.5203178515345556,0.37577106507387537,0.3062974840764331
-0.2907921251024896,-1.0747054272805725,0.7839133021780829,0.4095118375
-1.0122207008313298,-0.8722403633682854,-0.1399803374630444,0.4151807791411043
-0.2907921251024896,0.11156102473219431,-0.4023531498346839,0.2730334219653179
2.1651726457947125,2.144802318105496,0.020370327689216428,0.3924679037433155
0.3087561947430952,-0.06314176194099187,0.37189795668408704,0.4135580243902439
-0.4242006394476441,-0.12471068546558897,-0.29948995398205513,0.4108178661971831
0.4487312449966468,0.4288967138777929,0.019834531118853915,0.3989209285714286
-0.259771759746882,0.11403078654668229,-0.3738025462935643,0.4050421041666666
2.0762415974562565,2.1303345042938218,-0.05409290683756529,0.38214178
2.1651726457947125,2.321600737125773,-0.1564280913310605,0.3989209285714286
-0.2428994668052361,-0.4240453020059969,0.18114583520076077,0.5263955251396648
0.8916161761935574,0.48888727659858155,0.4027288995949758,0.4103113666666667
0.9112507590192488,0.10557612392029077,0.805674635098958,0.3989209285714286
0.4254034643477842,0.4820837856411783,-0.05668032129339412,0.4151807791411043
1.141670964166983,1.4416884621265638,-0.30001749795958066,0.3841937837837837
-0.187899251395417,0.4479764826189368,-0.6358757340143538,0.4862467272727273
-0.1247191379247225,-0.42864579213975956,0.30392665421503706,0.3801381595092024
-0.7877961610062826,-0.4760979490686126,-0.31169821193767,0.1728005125
-0.2907921251024896,0.33046642669841114,-0.6212585518009007,0.2853974074074074
-0.1884230926006414,0.006355894294426623,-0.19477898689506803,0.5528236513157895
-0.9065966229953412,-0.8936568045138544,-0.012939818481486731,0.3754729428571428
-0.2907921251024896,-0.10666540464290489,-0.1841267204595847,0.4056208709677419
0.6378727812381401,1.2062625312377955,-0.5683897499996554,0.3794539181286549
-1.1103039372669212,-0.9538465356619913,-0.15645740160492994,0.345568697368421
0.0841087069439656,-0.25061655735764543,0.33472526430161104,0.3672524791666667
-0.1517042378715764,2.3268963466570023,-2.4786005845285786,0.3989209285714286
-0.3545022493650235,0.43928839894279953,-0.793790648307823,0.3691574802631578
-0.5414054506290605,-0.6439446615827008,0.10253921095364027,0.3913449937106918
-0.8690075793123747,-0.4963738198874478,-0.37263375942492694,0.4077540532544379
-0.8740685720714706,-1.0696305235239352,0.19556195145246458,0.3425733024691358
0.2737234468736738,1.6374088816871435,-1.3636854348134697,0.3972289517241379
-0.2907921251024896,-0.8756454392830758,0.5848533141805863,0.4699289935064935
0.236317197666369,1.1149735555577647,-0.8786563578913957,0.3385222580645161
-0.8783114985632824,-0.492336526976936,-0.3859749715863464,0.4699289935064935
-1.083121250772214,-1.276771031175272,0.19364978040305791,0.3859531132075471
0.5042315348570108,0.7433112080834189,-0.2390796732264081,0.345568697368421
0.0113113631778489,0.5983468997191936,-0.5870355365413448,0.3279570604026846
2.1651726457947125,-0.0021219984709092646,2.167294644265622,0.2853974074074074
-0.5078952717969751,0.005441193276577468,-0.5133364650735526,0.3859531132075471
0.0322327637780609,-0.1958045502344443,0.22803731401250518,0.3581031125827814
-0.6780586703379081,-0.4155249333497269,-0.2625337369881812,0.3571249225352113
-0.3533742969601973,-0.3627193892306379,0.009345092270440614,0.3754729428571428
2.1651726457947125,0.36334807773336397,1.8018245680613485,0.4135580243902439
-0.9163063781529686,-0.7773930168303785,-0.13891336132259002,0.4270410310559006
0.0128026813751815,0.7220633133053325,-0.709260631930151,0.3279570604026846
-0.8564137724692572,-0.7904777402164137,-0.0659360322528435,0.4509778670886076
-0.4966208456900585,0.20780984537200684,-0.7044306910620654,0.3989209285714286
-0.7378219405207439,-0.4557429138419487,-0.2820790266787952,0.37639671875
2.1651726457947125,2.4066960492860607,-0.24152340349134827,0.4236190132450331
-0.5277637117871318,-0.6084622299703579,0.08069851818322615,0.3913449937106918
-0.5396291698711169,-0.5888513742913029,0.04922220442018599,0.3496421194968553
-0.9915517012166504,-0.84672031569204,-0.1448313855246104,0.3989209285714286
-0.7092115940536419,-0.30194557584127385,-0.407266018212368,0.4236190132450331
-0.4221599515135064,-0.12689022703878455,-0.29526972447472183,0.4505385
0.6269399722692371,0.5521826327521352,0.07475733951710195,0.3993076298701298
-0.0354605938507637,1.1842171275627411,-1.2196777214135048,0.3672524791666667
2.1651726457947125,2.134856976796576,0.030315668998136314,0.3801381595092024
-0.9908472487604432,-0.9179755593209302,-0.07287168943951294,0.2730334219653179
-1.1711459362754555,-0.9284433351086316,-0.24270260116682385,0.3818871419753086
-0.2907921251024896,-0.2585046756130952,-0.03228744948939438,0.4489242193548386
-0.7934591779308644,-0.18265547385992098,-0.6108037040709434,0.3571249225352113
-0.0550943070789068,0.3980785981270437,-0.4531729052059505,0.3062974840764331
-0.4663890943826291,-0.48913045773426167,0.02274136335163257,0.3978908843930636
0.1359981033187751,0.8256120394893492,-0.6896139361705742,0.4050421041666666
0.3211476741668416,0.6014221539466855,-0.28027447977984393,0.3385222580645161
-0.2907921251024896,-0.23357573486430153,-0.05721639023818806,0.3279570604026846
-0.2907921251024896,-0.08356281963454397,-0.2072293054679456,0.4103113666666667
0.2592824936092615,-0.21290418294319466,0.47218667655245616,0.4489242193548386
-0.9183845312811614,-0.9782339228689243,0.05984939158776292,0.1728005125
-0.6615062625190079,-0.5030561692248305,-0.15845009329417736,0.38214178
0.6080687506958576,-0.28249394251712145,0.8905626932129791,0.3913449937106918
0.1367419372530199,0.7326039972381096,-0.5958620599850898,0.4577306518518518
-0.2907921251024896,-0.5465449029318248,0.2557527778293352,0.3496421194968553
-0.8202469972935034,0.26984861976992885,-1.0900956170634322,0.3496421194968553
-1.1671685706919472,-1.1563263630246052,-0.010842207667342008,0.3581031125827814
-0.4531406731252098,0.40983792389454454,-0.8629785970197543,0.3425733024691358
0.5216235983365421,0.03659002603759501,0.48503357229894717,0.4505385
-0.452322440465684,0.5212934309807776,-0.9736158714464616,0.3960697315436241
-1.0732336671153755,-1.0772413515881034,0.004007684472727924,0.3960697315436241
-0.2783889776208872,-0.1697859215125001,-0.10860305610838711,0.4862467272727273
1.0755155755736263,0.5190274889771116,0.5564880865965147,0.4095118375
-0.3514043859468818,-0.26642650758710057,-0.08497787835978121,0.3989209285714286
-0.2907921251024896,-0.41556640034850134,0.12477427524601176,0.5642011216216216
2.1651726457947125,1.2279597935294853,0.9372128522652272,0.4151807791411043
0.0854403670314241,0.4837497639845742,-0.3983093969531501,0.4236190132450331
-0.2907921251024896,-0.3033970305231264,0.012604905420636803,0.4707778461538461
0.3421935674613551,0.39696007275968553,-0.05476650529833044,0.3691574802631578
1.1975999438292158,1.0655700467184834,0.13202989711073232,0.3978908843930636
-0.5731162209739646,-0.25232809390867333,-0.3207881270652913,0.3924679037433155
-1.1254178778184831,-0.8377921016426504,-0.28762577617583274,0.4103113666666667
-0.5320122112305209,0.0071403118026169485,-0.5391525230331379,0.3818871419753086
0.2220254443632746,1.549581149730688,-1.3275557053674134,0.1728005125
0.4405787572843705,0.7135024965999415,-0.27292373931557096,0.4108178661971831
-0.2907921251024896,0.15351195759421754,-0.4443040826967071,0.3427241592356688
-0.240360708258549,0.3868778559028924,-0.6272385641614414,0.3818871419753086
-0.8630478271799173,-0.7125461819365626,-0.15050164524335474,0.4862467272727273
-0.7641126369142667,-0.568200211365415,-0.1959124255488517,0.3427241592356688
-0.2907921251024896,-0.21210159910671475,-0.07869052599577483,0.3547797567567567
-0.1345196342197253,0.2186294604203093,-0.35314909464003463,0.3683428963414634
-0.7882184661001379,-0.45935802023532507,-0.32886044586481283,0.3496421194968553
1.0813651154278316,0.5629247984695256,0.5184403169583061,0.3691574802631578
-0.2083364715697047,-0.6071012077803215,0.3987647362106168,0.3608544807692307
0.3770898055510842,-0.10509175333733822,0.4821815588884224,0.1728005125
0.6304818161439059,0.32072084455490035,0.3097609715890055,0.4270410310559006
-0.0421668136689472,-0.2755020875317997,0.23333527386285252,0.4142846265822784
1.6612505590317297,1.513870744454088,0.1473798145776417,0.3448446496815286
-0.1443992369519302,-0.275660458431801,0.1312612214798708,0.4489242193548386
-0.0436057214795536,-0.11603722420799274,0.07243150272843915,0.3978908843930636
-0.2907921251024896,-0.5033323317179059,0.21254020661541634,0.4151807791411043
0.2002302986900206,-0.5072138035213204,0.707444102211341,0.3330391923076923
-0.0576221328629772,1.4566618530313489,-1.514283985894326,0.38214178
-0.1028258739159762,1.461539288270793,-1.5643651621867691,0.3989209285714286
1.5350357375162065,1.1931041268634854,0.34193161065272104,0.4270410310559006
0.4508806627333986,0.8204389786924345,-0.36955831595903593,0.3581031125827814
2.1651726457947125,1.0927275356428061,1.0724451101519064,0.4056208709677419
-0.1570228470225493,0.2601060032059113,-0.4171288502284606,0.4050421041666666
2.1651726457947125,1.8175038848476541,0.34766876094705834,0.32182454
2.1651726457947125,1.8537383941073482,0.31143425168736427,0.4135580243902439
-0.2907921251024896,0.22801886762855822,-0.5188109927310478,0.38214178
0.1158470690842461,0.7125482978628762,-0.5967012287786301,0.3547797567567567
-1.1229728824884508,-0.9634554907336418,-0.15951739175480906,0.3989209285714286
2.1651726457947125,2.5896077384304435,-0.424435092635731,0.2853974074074074
0.716391543624778,0.33568161993144385,0.3807099236933341,0.3581031125827814
-0.2907921251024896,0.09617408894841326,-0.3869662140509028,0.3924679037433155
-0.7738927374821699,-0.15472103662983855,-0.6191717008523314,0.5642011216216216
-1.1709538403942543,-0.528641889622024,-0.6423119507722304,0.3547797567567567
-0.3844641374154225,0.12064093395166398,-0.5051050713670865,0.3859531132075471
-0.43307907511671,0.38200730465838106,-0.8150863797750911,0.5528236513157895
-0.5577888887113094,-0.38770731874093384,-0.17008156997037555,0.4142846265822784
2.1651726457947125,0.42270635518523175,1.7424662906094808,0.3571249225352113
-0.7094709238894352,-0.9223986836722791,0.21292775978284384,0.3913449937106918
0.4879124644249069,0.25272529754980083,0.23518716687510605,0.4077540532544379
-0.5722397609341808,-0.33321189230030646,-0.23902786863387437,0.3581031125827814
1.224945258020286,1.2818779838682783,-0.05693272584799236,0.3972289517241379
-0.3005477525410303,-0.44826927324876376,0.14772152070773348,0.4699289935064935
-0.2907921251024896,-0.4421212879336101,0.15132916283112052,0.3691574802631578
-0.75821724569703,-0.8732643369373964,0.11504709124036638,0.3841937837837837
-1.1163141113195836,-1.0748606768371343,-0.041453434482449314,0.2853974074074074
-0.7281290330529843,-0.18887731874076458,-0.5392517143122197,0.3818871419753086
-0.5937845991928558,0.2886185515121272,-0.882403150704983,0.3279570604026846
-0.7470121746496139,-0.2970829530854551,-0.44992922156415877,0.37639671875
-0.2907921251024896,-0.0954526907477806,-0.195339434354709,0.3496421194968553
-0.794322166934003,-0.5413071179530202,-0.2530150489809828,0.3571249225352113
0.4442366767829475,-0.1626969810273301,0.6069336578102775,0.4699289935064935
-0.5488050574232135,0.12237823898186369,-0.6711832964050772,0.1728005125
-1.0564150104751044,-1.0924648981155003,0.03604988764039585,0.3496421194968553
-1.1352070580148383,-1.1036109774640763,-0.03159608055076202,0.3999173558282208
-0.2907921251024896,0.061841704434859715,-0.3526338295373493,0.3989209285714286
0.0313223288195754,-0.21601760113373303,0.24733992995330842,0.4489242193548386
-0.6970838796112714,-0.15113855623121686,-0.5459453233800545,0.3999173558282208
0.72121400755914,0.5958217373081138,0.12539227025102617,0.4270410310559006
-0.2308851878965408,-0.27194243042399147,0.04105724252745066,0.4581912866666666
0.2150098522426379,0.8261430066075832,-0.6111331543649453,0.4103113666666667
1.468421501715708,-0.356940059645213,1.825361561360921,0.4108178661971831
-0.6671841057846596,0.00160388736523223,-0.6687879931498918,0.3924679037433155
-0.3156843913713779,-0.5466080555266042,0.2309236641552263,0.4489242193548386
2.1651726457947125,2.31481256975902,-0.14963992396430736,0.3924679037433155
-0.4228109540276496,-0.5013268179941437,0.07851586396649407,0.2853974074074074
-0.7982766172157021,-1.0411239404747972,0.24284732325909508,0.3547797567567567
0.0879716712056877,0.09566808150858755,-0.007696410302899845,0.3801381595092024
0.3636381781647894,-0.284318591711767,0.6479567698765564,0.5263955251396648
-0.7618652870428643,-0.3082058829785621,-0.45365940406430216,0.4135580243902439
-0.5136850439541716,-0.12885987468773935,-0.38482516926643223,0.3859531132075471
0.6260234168494652,-0.24823782900690858,0.8742612458563738,0.3062974840764331
-1.1043833736767352,-0.9352948064141198,-0.16908856726261545,0.4103113666666667
-1.0891677298292184,-1.0306989602355967,-0.05846876959362168,0.3427241592356688
0.2543825899333174,-0.2363589947001285,0.4907415846334459,0.4077540532544379
0.0991155293206252,-0.3213634707724608,0.42047900009308603,0.3691574802631578
-0.6108582081267472,-0.4570812520828756,-0.1537769560438716,0.3448446496815286
-0.6131537388525633,-0.6822296815009806,0.06907594264841732,0.3385222580645161
-0.2907921251024896,-0.49773957001780483,0.20694744491531525,0.2308548911564625
-0.774809809906407,-0.8278315804320976,0.05302177052569057,0.4095118375
-1.1040128715983073,-1.2353102005507182,0.13129732895241086,0.3496421194968553
1.5133758235717607,1.8957663860259573,-0.38239056245419656,0.3330391923076923
0.8355285514332644,1.061267179238749,-0.22573862780548448,0.3960697315436241
-0.1889502224296693,0.17538161571925032,-0.3643318381489196,0.2308548911564625
-0.6898321761074678,-0.7102190427759825,0.020386866668514636,0.5263955251396648
-0.5230935538025976,-0.30455726408640077,-0.21853628971619682,0.2308548911564625
0.312211463545946,-0.3086467923417455,0.6208582558876915,0.3571249225352113
-0.2835964743908152,-0.43096370844748644,0.14736723405667124,0.3978908843930636
-0.322391080653386,-0.7228137209822117,0.40042264032882574,0.3330391923076923
2.1651726457947125,2.2663678377123735,-0.10119519191766102,0.4108178661971831
2.1651726457947125,0.8363554586828899,1.3288171871118226,0.3960697315436241
2.1651726457947125,-0.20550389631950428,2.3706765421142166,0.3683428963414634
0.4503172780157871,0.9907288599283203,-0.5404115819125332,0.5528236513157895
-0.9261643384047782,-0.8023318301473776,-0.12383250825740055,0.4151807791411043
1.3197917761178672,0.41240750672464266,0.9073842693932246,0.3989209285714286
-1.0972802039710252,-1.17551684362692,0.07823663965589489,0.3801381595092024
1.4155009920321642,-0.17430951292839908,1.5898105049605633,0.4509778670886076
-0.5452566878032983,-0.5288329187968862,-0.01642376900641207,0.4108178661971831
2.1651726457947125,1.361041317145403,0.8041313286493095,0.4095118375
-0.8614801024575884,0.06074997115140947,-0.9222300736089979,0.4236190132450331
0.3482365509739182,0.669243713810444,-0.3210071628365258,0.3279570604026846
-0.6359730275843165,1.2226731330046705,-1.858646160588987,0.3336369019607843
-0.3933520099016187,0.2967872904578972,-0.690139300359516,0.5528236513157895
-0.1030556358504382,-0.2251150032711924,0.12205936742075421,0.3960697315436241
-0.7445877156877423,-0.4418738809552466,-0.3027138347324957,0.4581912866666666
-0.3589943601237833,0.1743141455248438,-0.5333085056486271,0.3859531132075471
2.1651726457947125,1.9815352613449422,0.1836373844497703,0.3448446496815286
0.1843529045780695,0.8646392954841262,-0.6802863909060567,0.3989209285714286
-0.6227300473531975,0.5772116939878744,-1.199941741341072,0.3972289517241379
2.1651726457947125,2.409365082334126,-0.24419243653941347,0.3234683624161074
-0.5184589875147125,-0.18986537087785554,-0.328593616636857,0.345568697368421
-0.4469848229819689,-0.17084145055876884,-0.2761433724232001,0.5263955251396648
-0.6310552121797367,-0.01461089381086177,-0.6164443183688749,0.4103113666666667
1.6503115135231434,1.1073495791156571,0.5429619344074863,0.3234683624161074
-1.1562727167664102,-1.2273658444689683,0.07109312770255816,0.4581912866666666
-1.1592845507208176,-0.2385328268699191,-0.9207517238508984,0.2560125510204081
-0.7451648000332449,-0.42442773458000205,-0.3207370654532429,0.1728005125
0.7341962139075118,0.9920475877836927,-0.25785137387618096,0.4236190132450331
-0.1140171736283681,-0.202040415891676,0.08802324226330792,0.3913449937106918
-0.2907921251024896,-0.5417663398767072,0.2509742147742176,0.3913449937106918
-0.7935652363456568,-0.685141214886222,-0.10842402145943475,0.1728005125
-0.4039942734540328,-0.37642179028866213,-0.027572483165370698,0.4151807791411043
2.1651726457947125,1.0739042119420443,1.0912684338526681,0.451932013245033
-1.1823799976450384,-1.1956694626379443,0.013289464992905842,0.3427241592356688
-1.1655831504716625,-0.6820169570438718,-0.4835661934277907,0.5642011216216216
-0.0657632080483401,-0.19341696424664434,0.12765375619830424,0.3794539181286549
0.0931864975538581,0.1319166165028325,-0.03873011894897441,0.4095118375
-0.4270147720039345,-0.18450172869350226,-0.24251304331043225,0.4142846265822784
-0.2308611576874785,-0.41269063627567093,0.18182947858819243,0.4108178661971831
-0.8664500893571762,-0.8113745123017186,-0.055075577055457514,0.3279570604026846
-1.151418503013406,-0.9094697966935439,-0.2419487063198622,0.3999173558282208
2.1651726457947125,2.3692211674019292,-0.20404852160721676,0.4581912866666666
2.1651726457947125,1.2798181497962928,0.8853544959984196,0.3571249225352113
0.5491121413844888,0.5964086055717321,-0.047296464187243314,0.3683428963414634
0.1376439385018887,0.5743623359752478,-0.43671839747335905,0.3924679037433155
-0.2907921251024896,-0.5777082847542462,0.2869161596517566,0.3841937837837837
-0.2771311540906365,-0.15622455621960807,-0.12090659787102842,0.3691574802631578
2.1651726457947125,1.7852611849372138,0.3799114608574987,0.3571249225352113
-0.4640489392384773,-0.28778572350239595,-0.17626321573608134,0.4581912866666666
-0.7133191632301202,-0.5172213428987027,-0.19609782033141754,0.3279570604026846
1.6553966387036785,0.5280625407788534,1.127334097924825,0.4135580243902439
0.2490931699432403,-0.10300359177596706,0.35209676171920734,0.3972289517241379
2.1651726457947125,2.03566117591871,0.12951146987600248,0.3859531132075471
-0.7038924469010878,-0.09219630867197856,-0.6116961382291092,0.5528236513157895
-0.2907921251024896,-0.30331159150750037,0.012519466405010782,0.3448446496815286
-0.98225855071315,-0.40318249798236216,-0.5790760527307879,0.3547797567567567
-0.5753363352086219,-0.7767056365520958,0.20136930134347386,0.3385222580645161
1.1401278159749098,0.8939276107014196,0.24620020527349018,0.4489242193548386
-0.5015665155520531,-0.17573536777355597,-0.32583114777849714,0.3818871419753086
0.2933461298808872,-0.15447257875815426,0.4478187086390415,0.3672524791666667
-0.6819758507383499,-0.7794904169523535,0.09751456621400367,0.3960697315436241
-1.1379271451215387,-1.0656325260630708,-0.0722946190584679,0.4056208709677419
-0.1919666962713508,0.26779616615735574,-0.45976286242870656,0.3841937837837837
0.1404005643147958,-0.5870221856103498,0.7274227499251456,0.3608544807692307
2.1651726457947125,1.382062486705065,0.7831101590896474,0.3801381595092024
-0.5678003228280137,-0.21992414997301787,-0.34787617285499584,0.3547797567567567
1.090869788899083,1.5652886057216864,-0.47441881682260334,0.1728005125
2.1651726457947125,1.1434848448106332,1.0216878009840793,0.3427241592356688
-1.1596837598980472,-0.7214355540425705,-0.43824820585547664,0.3336369019607843
-0.4700096821971164,0.055023214917545686,-0.5250328971146621,0.3547797567567567
0.7467452097352798,1.8127791330732157,-1.066033923337936,0.4489242193548386
2.113861376242512,1.0017037145150538,1.112157661727458,0.3960697315436241
-1.13960605626946,-0.5337165950559983,-0.6058894612134618,0.5528236513157895
1.524614515756279,2.117490520780219,-0.5928760050239401,0.32182454
1.1610489424240955,0.35503213703320097,0.8060168053908945,0.3608544807692307
1.085690137474614,0.08740067418042213,0.9982894632941919,0.3754729428571428
-1.0995664933905949,-0.8363104925053095,-0.26325600088528534,0.5263955251396648
-1.290591608427024,0.9001515450006755,-2.1907431534276993,0.4056208709677419
0.2796067374132265,0.5733613722207176,-0.2937546348074911,0.4489242193548386
-1.113537163150632,-1.253053234297414,0.13951607114678222,0.4770338545454546
-1.118016633645439,-1.052374098900272,-0.06564253474516701,0.345568697368421
-0.0705901633847092,0.12559078151290512,-0.19618094489761434,0.3859531132075471
-0.2907921251024896,-0.028703976778605644,-0.26208814832388394,0.4151807791411043
1.7054644247160422,0.943969631530382,0.7614947931856602,0.3972289517241379
-1.186824726984871,-0.4699114174744162,-0.7169133095104548,0.3279570604026846
-0.9074151979870954,-0.4897410848106297,-0.41767411317646563,0.4505385
1.9137023639246684,2.1615935465781795,-0.24789118265351107,0.3672524791666667
-0.2907921251024896,-0.7194125843917226,0.42862045928923304,0.3448446496815286
-1.074954343706367,-1.0956408424861808,0.020686498779813656,0.3960697315436241
0.1497544709644545,-0.042193340700440014,0.1919478116648945,0.4056208709677419
0.7435415885968966,-0.3655917070459481,1.1091332956428448,0.4077540532544379
0.0279606619913736,0.9462757662955561,-0.9183151043041825,0.3336369019607843
1.828514315647245,0.41506827808653796,1.413446037560707,0.4509778670886076
0.5439207795117597,0.5516999503632873,-0.007779170851527684,0.3913449937106918
-0.1712402891543755,-0.5880117412841968,0.41677145212982125,0.5642011216216216
2.1651726457947125,2.1277752009993325,0.037397444795379986,0.38214178
-1.0919624459956028,-0.90835970259601,-0.18360274339959282,0.3801381595092024
-0.3256726260517119,-0.7489997878962169,0.42332716184450503,0.3608544807692307
-0.8031903326362143,0.8771166883497362,-1.6803070209859505,0.4577306518518518
0.7796095121227792,1.290765852875354,-0.5111563407525749,0.3234683624161074
-0.8254975904463485,-0.5690329605747567,-0.2564646298715918,0.3841937837837837
2.1651726457947125,2.445225789824685,-0.2800531440299725,0.4135580243902439
0.5252287956610259,0.28174212955483113,0.24348666610619474,0.4489242193548386
0.0087490985576604,-0.44145729964154934,0.4502063981992097,0.3801381595092024
-0.2184054255034682,-0.44451886335677704,0.22611343785330884,0.4581912866666666
-0.2907921251024896,-0.5399194717542896,0.24912734665179997,0.3336369019607843
-0.590691397926855,-0.4070864178146528,-0.18360498011220217,0.5642011216216216
-0.6581033886521751,-0.40205421116529677,-0.25604917748687833,0.3571249225352113
2.1651726457947125,1.501025559299625,0.6641470864950876,0.3972289517241379
-0.0791738138045018,-0.1518189384799607,0.0726451246754589,0.4505385
1.085690137474614,-0.4216265119947185,1.5073166494693324,0.2853974074074074
1.4661518723193283,0.7948240380216309,0.6713278342976974,0.4151807791411043
-0.6171245137978507,1.1184030872624655,-1.7355276010603162,0.5263955251396648
-0.2907921251024896,-0.3445330105260194,0.05374088542352984,0.4108178661971831
-0.2907921251024896,0.977776608083887,-1.2685687331863766,0.3279570604026846
2.1651726457947125,2.436949453423446,-0.2717768076287337,0.5263955251396648
2.1651726457947125,1.7727622434078905,0.392410402386822,0.3972289517241379
-0.8231386080200603,0.034051559988353866,-0.8571901680084142,0.3547797567567567
-0.7284440876504877,0.40126488546699074,-1.1297089731174785,0.2560125510204081
-0.4135490139546083,0.6573708865930792,-1.0709199005476875,0.4707778461538461
2.1651726457947125,1.8594349335436944,0.3057377122510181,0.3425733024691358
-0.2997799557469637,0.3294450852436141,-0.6292250409905777,0.37639671875
-0.2907921251024896,-0.5185307978193919,0.22773867271690235,0.3978908843930636
1.1931940983357667,1.2648883512462752,-0.07169425291050846,0.3608544807692307
0.5371849731721606,0.624208534723479,-0.0870235615513184,0.4095118375
1.679948143169909,1.1483637356507097,0.5315844075191993,0.3989209285714286
-1.093169282188965,-1.0714636388692782,-0.021705643319686718,0.4862467272727273
-1.152874000487054,-0.945263555147869,-0.20761044533918493,0.4270410310559006
0.8280580274733998,0.32220962776654627,0.5058483997068536,0.3448446496815286
-0.3602692067688653,-0.11755155991510113,-0.24271764685376418,0.2560125510204081
-0.4150041335197819,-0.3862352113173245,-0.02876892220245736,0.4050421041666666
-0.2907921251024896,-0.11442425508749053,-0.17636787001499904,0.4077540532544379
-0.3658988137160227,-0.04926078391234308,-0.3166380298036796,0.4270410310559006
-1.0345611568649518,-1.024785814414878,-0.00977534245007372,0.5263955251396648
1.2318506826301066,0.18307086918899734,1.0487798134411093,0.4270410310559006
1.1723958339369147,0.8182822718902565,0.3541135620466582,0.4270410310559006
-0.1475069270204539,-0.5726974949064227,0.4251905678859689,0.32182454
2.1651726457947125,1.4722265545941617,0.6929460912005507,0.3913449937106918
-0.4500589830329514,-0.31440492012517723,-0.13565406290777415,0.3754729428571428
-0.3601733113544861,-0.131511707735537,-0.2286616036189491,0.3425733024691358
-1.1757274873011987,-1.1377573741902636,-0.03797011311093512,0.4505385
2.1651726457947125,2.3843646096006883,-0.21919196380597583,0.4270410310559006
-0.4349112299932091,-0.07919322163280587,-0.35571800836040324,0.3683428963414634
-0.2907921251024896,-0.7765643269771567,0.48577220187466713,0.1728005125
1.1199431819965668,1.4505977147919245,-0.3306545327953576,0.4142846265822784
-1.1262702170446677,-0.9172093049978519,-0.20906091204681576,0.2730334219653179
2.1651726457947125,0.27349730942267375,1.8916753363720387,0.4707778461538461
2.1651726457947125,2.2193018623645084,-0.05412921656979597,0.4505385
2.1651726457947125,1.7891446947543062,0.3760279510404063,0.4489242193548386
-1.2028553838020388,-1.1136462174302937,-0.08920916637174514,0.4509778670886076
-0.4854077343318254,-0.41134153964454007,-0.07406619468728531,0.3924679037433155
2.1651726457947125,0.8384516597084963,1.3267209860862161,0.4103113666666667
2.1651726457947125,1.6370235875700567,0.5281490582246557,0.4581912866666666
0.690366882674385,0.3059775625208543,0.38438932015353067,0.3794539181286549
-1.1436224606818397,-1.3152999315685514,0.1716774708867117,0.3801381595092024
0.9346292916788296,2.0159345769473367,-1.081305285268507,0.3859531132075471
-0.5832211112740208,-0.6547459237669891,0.07152481249296838,0.3672524791666667
-0.2907921251024896,-0.6244590184087125,0.33366689330622296,0.3581031125827814
-0.5678973564445597,0.042183806236127476,-0.6100811626806872,0.3989209285714286
-0.6567295663553846,-0.6198718882002345,-0.036857678155150064,0.3062974840764331
-0.3395164958116978,-0.5766269126009457,0.23711041678924788,0.3448446496815286
1.7678645004700966,0.023849548982973732,1.7440149514871228,0.3336369019607843
-0.7485687875395803,-0.38054485246187764,-0.3680239350777027,0.4577306518518518
0.2933461298808872,1.9571840507132667,-1.6638379208323795,0.4095118375
-0.3896527728324217,-0.2751283998766749,-0.1145243729557468,0.5528236513157895
-1.177225280850699,-1.033453808901932,-0.14377147194876705,0.4577306518518518
-0.2909060748674255,0.08884768938295229,-0.37975376425037777,0.1728005125
-0.2950308379088688,-0.26887864247894844,-0.026152195429920366,0.3608544807692307
-0.8913266216549337,-0.9616710879931919,0.0703444663382582,0.3818871419753086
-1.0854801469518571,-1.2318624464902155,0.14638229953835835,0.345568697368421
0.2940022612377915,0.0545818253573485,0.23942043588044298,0.3989209285714286
0.5446957303798706,0.46319453748627465,0.08150119289359598,0.3989209285714286
-0.517992425650141,0.004232277395008423,-0.5222247030451495,0.3547797567567567
-1.071031600258648,-0.932398019626909,-0.13863358063173892,0.32182454
-0.2907921251024896,-0.1520966848593049,-0.1386954402431847,0.3794539181286549
-0.6191093010699086,-0.1420606223669263,-0.4770486787029823,0.4142846265822784
-0.7910061969617512,0.5601318206665254,-1.3511380176282768,0.3062974840764331
-1.1493128599060418,-1.0426171532555668,-0.10669570665047501,0.3062974840764331
0.9855854197217148,0.6299493357483397,0.3556360839733751,0.2730334219653179
-0.4951312940236907,-0.7917820728856405,0.2966507788619498,0.3330391923076923
0.6577373419120355,0.28085325657607174,0.37688408533596374,0.5642011216216216
2.1651726457947125,2.3110161887969554,-0.1458435430022429,0.3989209285714286
-0.7134208692992791,-0.5440547452074497,-0.16936612409182938,0.3336369019607843
-0.876304547844644,-0.4345231459428655,-0.44178140190177845,0.3841937837837837
-1.0771948562432418,-0.2497730613328688,-0.827421794910373,0.5263955251396648
-0.7653603315148965,0.6321907916947336,-1.39755112320963,0.3279570604026846
-0.9033633283757876,-0.8490555104558285,-0.05430781791995909,0.3581031125827814
-1.1637610705265402,-1.0817069884923307,-0.0820540820342095,0.3972289517241379
-0.9792184250066698,-0.48845244515221364,-0.49076597985445614,0.4142846265822784
0.412708887193781,0.3793549821307369,0.03335390506304414,0.4095118375
-0.7755707862032561,-0.42712238630285604,-0.3484483999004001,0.5642011216216216
-0.8150825632318721,-0.9102424218128747,0.09515985858100262,0.3841937837837837
-0.7387197906793568,-0.3818615705625717,-0.3568582201167851,0.3547797567567567
-0.6359236883229636,-0.2992448924944608,-0.33667879582850285,0.32182454
-0.3406194430281603,0.056395730231921654,-0.39701517326008195,0.2853974074074074
-0.5502790252676398,-0.2963670013511937,-0.25391202391644613,0.3062974840764331
0.0897063146822044,0.021350876633040722,0.06835543804916368,0.4489242193548386
-1.1592845507208176,-1.1376289111802516,-0.02165563954056604,0.3427241592356688
-1.1275071348555985,-0.874770349394708,-0.2527367854608905,0.3960697315436241
-0.5253339631366654,-0.8405174611170213,0.31518349798035594,0.4707778461538461
1.135211637949222,0.7283033509676492,0.4069082869815729,0.2308548911564625
-0.94044668194929,0.8167620805995488,-1.7572087625488388,0.4862467272727273
-0.5045002666984818,0.2701899814010725,-0.7746902480995543,0.3841937837837837
-0.2907921251024896,-0.36213947193300916,0.07134734683051958,0.3496421194968553
-0.2907921251024896,0.08127856073361035,-0.3720706858360999,0.38214178
-0.7800900042390317,-0.5594949766880023,-0.22059502755102944,0.3841937837837837
-0.2939206050892564,-0.371491941883951,0.07757133679469463,0.3794539181286549
2.1651726457947125,1.9189397305020168,0.24623291529269564,0.4489242193548386
-0.0157551037636607,-0.40412205608811347,0.3883669523244528,0.4056208709677419
-0.6152455313905028,-0.3540993091675303,-0.26114622222297246,0.4236190132450331
-0.6269132580465328,-0.7106218239599987,0.08370856591346598,0.3993076298701298
-0.9132146300458776,-0.33977897525609696,-0.5734356547897805,0.3234683624161074
2.1651726457947125,1.5254959659761838,0.6396766798185287,0.2853974074074074
1.073995925135442,0.5480948140744972,0.5259011110609448,0.3608544807692307
0.5468962123108797,1.32120943191138,-0.7743132196005004,0.4151807791411043
-0.4754950338057352,0.6157207766615314,-1.0912158104672667,0.451932013245033
-0.3009118758144079,0.316961086581983,-0.617872962396391,0.3279570604026846
-0.8031405445119814,0.2640951118842915,-1.0672356563962728,0.3818871419753086
-0.4829909282245511,-0.3724753004126283,-0.11051562781192281,0.3993076298701298
0.8114542856671075,-0.022576322142526445,0.834030607809634,0.4142846265822784
-0.5237586279501436,-0.5789826769904678,0.055224049040324186,0.1728005125
2.1651726457947125,2.2906688196122396,-0.1254961738175271,0.4050421041666666
0.7415437846974822,0.23758559613630537,0.5039581885611768,0.4077540532544379
-0.7874310366062514,-0.5862254970962856,-0.20120553950996578,0.3913449937106918
0.8929578114958991,0.8619159462435728,0.03104186525232633,0.3336369019607843
-0.6664277128017224,-0.5083422051401394,-0.15808550766158302,0.3859531132075471
-0.3770987994995979,0.9540542442952584,-1.3311530437948562,0.451932013245033
-0.5529818964822119,-0.32050670757578587,-0.232475188906426,0.3989209285714286
-0.2659555225848226,0.14699085593339428,-0.41294637851821686,0.4056208709677419
-0.4503451753114621,-0.04532460957125893,-0.4050205657402032,0.3818871419753086
-0.8288667465101102,-0.8153276249653777,-0.013539121544732469,0.3683428963414634
0.0681428927871751,-0.48303936790399987,0.5511822606911749,0.3794539181286549
-0.1934069019414415,-0.4659601148880144,0.2725532129465729,0.1728005125
-0.6121898789108497,-0.0033214583917463153,-0.6088684205191034,0.4770338545454546
-0.2907921251024896,-0.7966883434712768,0.5058962183687872,0.3754729428571428
-1.136017494643205,-0.5779777401319688,-0.5580397545112361,0.4050421041666666
-1.1184582671790153,-1.0114114435692976,-0.10704682360971773,0.4095118375
-1.0965657654052043,-1.3146812045281095,0.2181154391229052,0.4135580243902439
-0.2907921251024896,0.38261352497026907,-0.6734056500727587,0.3234683624161074
0.2628117463453054,0.3035412553099982,-0.040729508964692795,0.4095118375
-0.2907921251024896,-1.3269216097779435,1.0361294846754538,0.4142846265822784
0.0605793535833993,0.045268670159175156,0.01531068342422414,0.4505385
-0.7983054264476461,-1.051106444987153,0.25280101853950687,0.4707778461538461
-0.2017004340181658,-0.22046404085161722,0.018763606833451435,0.3989209285714286
0.7352860117789963,0.5779536010061406,0.15733241077285576,0.3385222580645161
1.4792868778516723,-0.4400812440674251,1.9193681219190974,0.345568697368421
0.1431579773214745,-0.198504116410287,0.3416620937317615,0.3330391923076923
-0.0870578521976294,-0.05107157160671451,-0.035986280590914896,0.4270410310559006
-0.0740432988013195,-0.17269213030883904,0.09864883150751953,0.4103113666666667
2.1651726457947125,0.25865420099056197,1.9065184448041506,0.3581031125827814
2.1651726457947125,-0.33282595667832277,2.4979986024730354,0.3691574802631578
-0.2907921251024896,-0.005574480016565524,-0.28521764508592407,0.3234683624161074
2.1651726457947125,2.6502700153606136,-0.4850973695659011,0.3571249225352113
-0.6397207901775706,0.07614853096373703,-0.7158693211413076,0.5263955251396648
-0.8794940109841274,-0.6351858889825599,-0.24430812200156748,0.4577306518518518
-0.2907921251024896,0.22438698116278455,-0.5151791062652742,0.4699289935064935
-0.2907921251024896,-0.14083940333564646,-0.14995272176684313,0.3336369019607843
-1.1347585863940075,-0.9075090791025505,-0.227249507291457,0.3859531132075471
-0.2907921251024896,-1.249841607580344,0.9590494824778544,0.3913449937106918
2.1651726457947125,2.102106462573923,0.06306618322078927,0.3913449937106918
-0.0229113496231493,-0.41311581028648797,0.3902044606633387,0.4151807791411043
-1.0214942873708526,-1.0946209557940034,0.07312666842315085,0.5642011216216216
2.1651726457947125,2.163545964802491,0.0016266809922216297,0.32182454
0.5309403975354653,0.024611930349541865,0.5063284671859234,0.4095118375
-0.8174519285340358,-0.33575116033329755,-0.48170076820073826,0.4770338545454546
2.1651726457947125,0.0730148486234631,2.0921577971712493,0.4056208709677419
1.085690137474614,1.4347094602679076,-0.3490193227932936,0.32182454
0.7034769745340985,0.13688819161909993,0.5665887829149986,0.4707778461538461
2.1651726457947125,2.242987002219555,-0.07781435642484258,0.4077540532544379
-0.7992545543372265,-0.6262268865830427,-0.17302766775418377,0.3279570604026846
-0.2907921251024896,-0.6216503557643929,0.3308582306619033,0.4236190132450331
-0.3203467289205571,-0.33485052179980823,0.014503792879251132,0.4699289935064935
-0.6702982003697967,-0.25939099621272993,-0.4109072041570668,0.3859531132075471
1.6473517124827768,0.18972765730070182,1.457624055182075,0.3683428963414634
2.1651726457947125,1.6803759694954974,0.4847966762992151,0.3672524791666667
-0.2907921251024896,-1.0075078316674975,0.7167157065650078,0.4050421041666666
-0.7487727899741834,-0.7943615851111338,0.045588795136950355,0.4581912866666666
-0.7145341518509766,-0.03059652250287704,-0.6839376293480995,0.3683428963414634
-1.132639997177903,-1.3968209587308609,0.2641809615529578,0.4056208709677419
-0.7942690014434376,-0.4499904800875851,-0.3442785213558525,0.3234683624161074
0.5836325833889207,0.28570420765256055,0.2979283757363601,0.4489242193548386
-0.2907921251024896,0.0197553164486357,-0.3105474415511253,0.3691574802631578
-0.0071043548801009,-0.01670367157682802,0.009599316696727119,0.3859531132075471
-1.10755859205565,-1.175097140885153,0.06753854882950283,0.3960697315436241
-0.416703028811708,-0.5844988036481148,0.16779577483640679,0.4056208709677419
2.1651726457947125,0.22527764579209064,1.9398950000026218,0.4509778670886076
1.062620660576055,0.5537153880960465,0.5089052724800086,0.4581912866666666
-0.5255633475192079,-0.24035676382267984,-0.285206583696528,0.3385222580645161
2.1651726457947125,0.08207070069342651,2.0831019451012858,0.345568697368421
-0.6594619872473757,-0.029258606039280766,-0.6302033812080949,0.3818871419753086
2.1651726457947125,2.032424685503759,0.1327479602909536,0.3062974840764331
0.9244891151307394,1.2678733295158462,-0.3433842143851068,0.4151807791411043
-0.7961268805604872,0.8901967013940815,-1.6863235819545688,0.3496421194968553
-0.0768835327539079,0.0469796975970403,-0.1238632303509482,0.3960697315436241
-0.5170056958871643,0.13095414754501683,-0.6479598434321812,0.3924679037433155
-0.0976074954896198,-0.1702017382500919,0.0725942427604721,0.3547797567567567
0.8200788658051285,0.5323798315667931,0.2876990342383353,0.3330391923076923
0.5595138041325891,-0.016192911372543195,0.5757067155051323,0.4095118375
-0.1589750499396389,0.6221596353094557,-0.7811346852490946,0.3385222580645161
-0.6720326196129591,-0.45065868514998464,-0.2213739344629745,0.5642011216216216
-0.2907921251024896,-0.2545259734484401,-0.036266151654049505,0.3683428963414634
-0.64512689550027,-0.33312340301159366,-0.31200349248867637,0.2560125510204081
-0.2907921251024896,-0.07423999424409115,-0.21655213085839842,0.1728005125
-0.6562213212534337,-0.38027418294331583,-0.27594713831011786,0.3913449937106918
0.6260827008204571,-0.04256524299469823,0.6686479438151554,0.4077540532544379
0.9424221994182678,0.5754561104580651,0.36696608896020266,0.3672524791666667
-0.8794623810075164,-0.6540545188087648,-0.22540786219875164,0.4151807791411043
-1.1247535805642368,-1.070778541179926,-0.05397503938431081,0.4581912866666666
-0.059118181750207,-0.20534451056533243,0.14622632881512543,0.3691574802631578
2.1651726457947125,0.8586902598576927,1.3064823859370198,0.4236190132450331
-0.2907921251024896,0.2368422982037765,-0.5276344233062661,0.3425733024691358
-0.3779895629334069,-0.25084786790482233,-0.12714169502858458,0.3691574802631578
-0.3755970275116012,-0.43252301194950377,0.05692598443790259,0.4707778461538461
0.0674910622735441,1.1757332045283515,-1.1082421422548074,0.4505385
1.2201378097972118,1.0370481789191794,0.18308963087803232,0.3801381595092024
-1.1119432420695756,-0.9718863649175458,-0.14005687715202986,0.3062974840764331
-1.1282122366773373,-0.45961446744626255,-0.6685977692310747,0.3672524791666667
2.1651726457947125,0.0051668496433162105,2.1600057961513963,0.4077540532544379
-0.7149371245433906,-0.14399551403233649,-0.5709416105110542,0.3330391923076923
-0.3634202768794607,0.32198823309609315,-0.6854085099755538,0.3234683624161074
1.1667580618847588,1.0183367070111828,0.148421354873576,0.3385222580645161
1.7168876546122729,0.6326206679024086,1.0842669867098644,0.2308548911564625
-0.2907921251024896,-0.7541365517807728,0.4633444266782832,0.4577306518518518
0.1127284672502219,-0.4108355245551994,0.5235639918054213,0.32182454
0.5838722658665297,0.7056800721612518,-0.1218078062947221,0.3794539181286549
0.7735546192836097,0.18438970521361525,0.5891649140699944,0.4707778461538461
-0.8801683448599182,-0.8183714178254009,-0.061796927034517335,0.3062974840764331
2.1651726457947125,2.1396153304897965,0.025557315304916006,0.3336369019607843
0.0591488747283457,0.5474718262350019,-0.4883229515066562,0.4509778670886076
-0.1153051989351565,-0.21623351285409012,0.10092831391893362,0.3754729428571428
1.3172808930257112,-0.3759672555825572,1.6932481486082684,0.3336369019607843
-0.2907921251024896,0.1500666198552728,-0.4408587449577624,0.2560125510204081
1.850259801555995,-0.618921123877084,2.469180925433079,0.3336369019607843
-0.6723699545277841,-0.5508064028314166,-0.12156355169636757,0.4151807791411043
1.15334398288864,0.9322983084468242,0.2210456744418159,0.3924679037433155
-0.4563070049699076,-0.31688480514338324,-0.13942219982652437,0.4151807791411043
0.716149780847977,0.7241010433842592,-0.0079512625362822,0.3427241592356688
0.2303187656764927,0.6836751334978902,-0.45335636782139754,0.3425733024691358
-0.8974343400690894,-0.6583353724925498,-0.2390989675765396,0.3279570604026846
-1.061088071132676,-0.9938858243784776,-0.06720224675419839,0.3754729428571428
-0.0216278612781486,-0.05491118111485156,0.03328331983670296,0.4270410310559006
-0.5043755149076903,-0.5718387590180353,0.06746324411034499,0.4509778670886076
1.9548373646192811,1.5987177747461088,0.3561195898731724,0.3794539181286549
-1.1599560770444692,-0.6354420843941931,-0.5245139926502761,0.2730334219653179
1.880882597212976,0.19546271831795395,1.6854198788950219,0.4151807791411043
-0.1293789574046456,-0.033474227309633925,-0.09590473009501169,0.3924679037433155
-0.3477557665860939,0.1312768720162224,-0.4790326386023163,0.3385222580645161
-1.2372181378599711,-1.0341525427522658,-0.2030655951077054,0.3972289517241379
-0.6442910272439952,-0.3995494083841371,-0.24474161885985812,0.2560125510204081
0.8529083981567146,0.7125675875319575,0.14034081062475712,0.451932013245033
0.176719282546822,0.12900355682867987,0.047715725718142143,0.37639671875
2.0365029465870865,1.0560456364243045,0.980457310162782,0.4489242193548386
-0.2020486264229267,-0.5752828604400018,0.37323423401707506,0.3608544807692307
-1.1232689140156136,-0.9718328164089831,-0.15143609760663046,0.2730334219653179
-1.0398432175638863,-0.7141707056553334,-0.32567251190855295,0.3859531132075471
-0.7983799654178164,-0.3607397100229906,-0.4376402553948258,0.4236190132450331
2.1651726457947125,0.7213649009786643,1.443807744816048,0.4707778461538461
-0.2907921251024896,0.23877163454262826,-0.5295637596451178,0.3496421194968553
-0.5607618870334663,-0.20647240278253076,-0.35428948425093554,0.3794539181286549
0.0199796363338245,0.680290339374425,-0.6603107030406005,0.5528236513157895
-0.3826871479057641,-0.3932941657941112,0.010607017888347114,0.3496421194968553
0.3418448457707967,-0.24210768951956166,0.5839525352903584,0.4056208709677419
0.0864563057638967,-0.47658054175589676,0.5630368475197934,0.3978908843930636
-0.2503280218877066,-0.33565559493072544,0.08532757304301886,0.3425733024691358
-0.1415818308263725,-0.2250866588874581,0.08350482806108561,0.3841937837837837
-0.1208124180498691,0.23761952416651805,-0.35843194221638713,0.4050421041666666
-0.2907921251024896,-0.4979051655890436,0.207113040486554,0.345568697368421
2.1651726457947125,-0.09684915628150371,2.2620218020762164,0.4489242193548386
2.1651726457947125,1.0328054551309782,1.1323671906637343,0.3425733024691358
0.7398151218335347,0.30005452140662686,0.43976060042690784,0.4135580243902439
-0.7226814742726675,-0.355575164986944,-0.36710630928572346,0.4770338545454546
-0.7458711612461666,-0.5558515580931183,-0.19001960315304833,0.4770338545454546
0.0305212769513383,0.6079874714446083,-0.57746619449327,0.3960697315436241
-1.1236118298846904,-0.1553787665191927,-0.9682330633654977,0.3608544807692307
-0.6136611785368306,-0.4102579332942178,-0.20340324524261277,0.3960697315436241
-0.7572669506847265,-0.6500247604995705,-0.10724219018515602,0.3427241592356688
-0.4382857593378582,0.46155926173102513,-0.8998450210688833,0.451932013245033
-0.3652512975155129,-0.6660047764214668,0.30075347890595394,0.3571249225352113
0.5503381732999512,0.3492513709054066,0.20108680239454457,0.3448446496815286
-0.1645913019285485,-0.04517650091190473,-0.11941480101664378,0.4581912866666666
-0.3524142363080001,-0.3080947526713684,-0.04431948363663174,0.3062974840764331
-0.6027309371586844,-0.15201728914659424,-0.4507136480120902,0.37639671875
0.3844385612915178,1.242857119703646,-0.8584185584121282,0.4103113666666667
-0.1023012708719884,0.6310845634196721,-0.7333858342916605,0.3924679037433155
0.1229921682482358,1.9007837772806198,-1.777791609032384,0.4862467272727273
2.1651726457947125,2.2487736843490556,-0.08360103855434309,0.3924679037433155
-0.4089587860488722,0.11227923417816403,-0.5212380202270362,0.3859531132075471
-0.0559638867995007,0.002284807933783292,-0.05824869473328399,0.4142846265822784
-0.2907921251024896,-0.12172140396765073,-0.16907072113483884,0.3691574802631578
-0.3691513355533504,-0.5587213970041977,0.18957006145084726,0.3425733024691358
-0.8794487701221537,-0.20443762922920056,-0.6750111408929531,0.3989209285714286
-0.6698224029434727,0.48993455250981377,-1.1597569554532865,0.3924679037433155
-0.4757846743653671,-0.34792338518503013,-0.12786128918033696,0.4151807791411043
-0.8291412140781683,-0.45795716064566505,-0.37118405343250327,0.4077540532544379
-0.850302841100151,-0.10084025836264646,-0.7494625827375045,0.3924679037433155
2.1651726457947125,1.7633951740867386,0.40177747170797384,0.4056208709677419
-0.3916018527256054,-0.6520601356903271,0.2604582829647217,0.3913449937106918
-0.9784094316329134,0.18441258130904395,-1.1628220129419573,0.3547797567567567
-0.7961268805604872,-0.29641112433101524,-0.49971575622947195,0.4699289935064935
0.199839694091393,0.11313219141906486,0.08670750267232813,0.3794539181286549
0.2071922867576834,2.290909666083554,-2.0837173793258708,0.3234683624161074
2.1651726457947125,2.404354779973324,-0.23918213417861134,0.3859531132075471
-0.8027808385564458,-0.45841673833981866,-0.3443641002166271,0.3672524791666667
-1.1303561206439228,-0.9465528367763678,-0.18380328386755496,0.4270410310559006
-0.8015643726101875,1.9171348494409226,-2.71869922205111,0.3993076298701298
-0.2456172697426313,0.9156506610884229,-1.161267930831054,0.3978908843930636
-0.90486753353338,0.48364415241119574,-1.3885116859445756,0.4108178661971831
1.0559051889530668,1.2577039285879463,-0.2017987396348795,0.4581912866666666
2.1651726457947125,-0.4010628666622766,2.566235512456989,0.3279570604026846
-0.6876512127787419,-0.07744132467227277,-0.610209888106469,0.3330391923076923
2.1651726457947125,-0.15403048108142398,2.3192031268761366,0.345568697368421
-0.2907921251024896,-0.4702362072156924,0.17944408211320284,0.3818871419753086
0.0114384725882351,0.26334341365720837,-0.25190494106897326,0.5528236513157895
-0.718723526980691,-0.7113582841693675,-0.007365242811323447,0.5642011216216216
2.1651726457947125,2.4078331650102025,-0.24266051921549003,0.3794539181286549
-0.2907921251024896,-0.4137968910319149,0.12300476592942533,0.3754729428571428
-1.1346477992701778,-0.9170787110611911,-0.21756908820898668,0.3385222580645161
-1.1788012059373345,0.08672701013148074,-1.2655282160688153,0.2730334219653179
-0.2907921251024896,-0.17975161871067968,-0.1110405063918099,0.3330391923076923
-0.0329131674568055,1.7304671579048534,-1.763380325361659,0.3234683624161074
2.1651726457947125,1.2303954566431468,0.9347771891515657,0.4581912866666666
1.0201773192704715,0.016722748225485265,1.0034545710449863,0.3427241592356688
-0.6612973499285897,-0.17298829219710046,-0.48830905773148925,0.3672524791666667
2.1651726457947125,0.8284730216687746,1.336699624125938,0.5642011216216216
-0.2907921251024896,-0.826229587559071,0.5354374624565814,0.3993076298701298
-0.8515437056954351,-0.8894549920448208,0.037911286349385676,0.3859531132075471
0.720476629643869,-0.09859022747161872,0.8190668571154878,0.3336369019607843
2.1651726457947125,0.7669591347081858,1.3982135110865266,0.3683428963414634
0.2507608655013513,0.7996300079604385,-0.5488691424590872,0.3960697315436241
0.1510319149131933,-0.5153602904257721,0.6663922053389655,0.3683428963414634
-0.4308960671442723,-0.6023777890063597,0.17148172186208743,0.3993076298701298
-0.0738781846106091,-0.1167700772421528,0.04289189263154369,0.1728005125
0.2445714568161847,1.022542921012275,-0.7779714641960902,0.3801381595092024
0.5264387097146858,1.721851567505341,-1.195412857790655,0.4770338545454546
-0.3718680557526592,-0.3915205708969041,0.01965251514424493,0.3571249225352113
-1.0432341657422093,-1.0070633301803638,-0.03617083556184553,0.4135580243902439
-0.2907921251024896,-0.6179997646498983,0.32720763954740867,0.5642011216216216
0.1568030951144236,0.009238922616615143,0.14756417249780848,0.3448446496815286
0.0341301392630292,0.006577875451410303,0.027552263811618898,0.3801381595092024
-0.9096445200910822,-0.9186417149500758,0.00899719485899364,0.3581031125827814
-0.5287187343199566,-0.6239050193248219,0.09518628500486526,0.3496421194968553
1.0998919716180064,1.6392390677092565,-0.5393470960912501,0.3999173558282208
-0.6448201462526542,-0.8737289882222041,0.22890884196954997,0.3608544807692307
-1.1982198461004006,-0.9283871510227463,-0.2698326950776543,0.4509778670886076
-0.6274618156307301,-0.2531268874637756,-0.3743349281669545,0.3859531132075471
-0.7698916708293002,-0.6595877538492256,-0.11030391698007458,0.3547797567567567
0.138848604861186,1.002684132245974,-0.8638355273847881,0.5528236513157895
2.1651726457947125,0.2442624284036964,1.920910217391016,0.345568697368421
1.6620536694096988,1.3539738015011846,0.30807986790851416,0.4135580243902439
-0.2907921251024896,-0.656248311023008,0.3654561859205184,0.3547797567567567
2.1651726457947125,1.3932372194302758,0.7719354263644367,0.3608544807692307
-0.2433171224244549,-0.31027930409349863,0.06696218166904372,0.2730334219653179
-0.8607428544867348,-0.7959397206456997,-0.06480313384103509,0.4095118375
0.6343115922845259,0.38426119239021,0.25005039989431593,0.4699289935064935
0.0952601279824554,-0.08205928945755264,0.17731941744000804,0.3754729428571428
2.1651726457947125,1.139253936783483,1.0259187090112294,0.3608544807692307
-0.3096848085018306,0.9464733775287437,-1.2561581860305744,0.4050421041666666
-0.2907921251024896,-0.44262437484060635,0.15183224973811676,0.3841937837837837
-0.1015560919337908,-0.08511820357828447,-0.01643788835550633,0.4108178661971831
-0.6078911416880032,0.05790419529520771,-0.6657953369832109,0.5642011216216216
-0.8800488126352766,-0.1656434233696185,-0.7144053892656581,0.4862467272727273
2.1651726457947125,0.17649335338502392,1.9886792924096885,0.2308548911564625
0.2082143364433147,-0.12408228603582867,0.3322966224791434,0.4707778461538461
-0.1763093907620452,-0.03399951820444859,-0.14230987255759658,0.3234683624161074
0.2366273615204855,0.4479020753225314,-0.2112747138020459,0.4577306518518518
-1.1059485494283918,-1.2068371781637848,0.10088862873539295,0.3330391923076923
-0.2907921251024896,0.18439006666505367,-0.4751821917675433,0.3547797567567567
-0.3310553980319036,-0.31257821128844876,-0.018477186743454832,0.4056208709677419
-0.895169881509703,-0.33784649606606953,-0.5573233854436335,0.3425733024691358
2.1651726457947125,0.5525476248893131,1.6126250209053994,0.4151807791411043
-0.1205898719922841,-0.2193950977998127,0.0988052258075286,0.3794539181286549
-0.2295298343462233,0.09722638176241138,-0.3267562161086347,0.3581031125827814
-0.3629144048478125,-0.04021369879018652,-0.322700706057626,0.4236190132450331
-0.4478938115164686,-0.12701831422099846,-0.32087549729547016,0.3279570604026846
-0.3474320730618757,-0.40735552793403856,0.059923454872162885,0.3330391923076923
-0.6355375834459552,-0.6517294311309095,0.016191847684954297,0.3960697315436241
0.3132563216461801,0.8296254932512983,-0.5163691716051182,0.3989209285714286
-0.2907921251024896,-0.15672534720987202,-0.13406677789261756,0.3801381595092024
-1.0639650013886943,1.0505867385505572,-2.1145517399392517,0.3818871419753086
-1.1588094859353804,-1.0108093818285957,-0.14800010410678466,0.4770338545454546
-0.6546315618404256,-0.3667948071660612,-0.28783675467436437,0.3062974840764331
0.0046217742642126,0.8029030218664623,-0.7982812476022497,0.3336369019607843
-0.2907921251024896,-0.40440566454844834,0.11361353944595876,0.4135580243902439
2.1651726457947125,0.7810382787256708,1.3841343670690418,0.2308548911564625
2.1651726457947125,0.9082054403992642,1.2569672053954482,0.3978908843930636
2.1651726457947125,2.2408796266336646,-0.07570698083895211,0.3993076298701298
-0.9540402449681892,-0.28005395824599244,-0.6739862867221967,0.3547797567567567
-0.4217931196121388,-0.7239651471325795,0.30217202752044076,0.3913449937106918
0.9945446831953392,0.88386068734596,0.11068399584937916,0.4151807791411043
0.7802738941578347,0.7314352640490579,0.04883863010877676,0.3794539181286549
-0.4356331912711244,-0.3010804009347616,-0.13455279033636275,0.32182454
1.1306973360118415,1.393614809290396,-0.2629174732785544,0.4489242193548386
2.1651726457947125,0.22703323116412524,1.9381394146305873,0.345568697368421
-0.2907921251024896,0.8247090216900934,-1.115501146792583,0.4103113666666667
-0.686608550263753,-0.3723262412135838,-0.3142823090501692,0.3336369019607843
0.6749033694548007,-0.35485867378451474,1.0297620432393155,0.3960697315436241
-1.0578291710053216,-1.027000260674561,-0.030828910330760628,0.4505385
-0.6592277244027787,-0.2873293146474774,-0.37189840975530125,0.3062974840764331
0.1969169795046462,0.6140548875884833,-0.41713790808383705,0.3448446496815286
-0.5701106573130956,-0.006800762364322824,-0.5633098949487728,0.3385222580645161
0.9047579748872508,0.20018771920858425,0.7045702556786666,0.3571249225352113
2.1651726457947125,1.881887644178772,0.2832850016159405,0.2853974074074074
0.1051315236154297,-0.14799902783966618,0.2531305514550959,0.4270410310559006
-0.64730387769653,-0.25011067121846087,-0.3971932064780691,0.4699289935064935
0.2643782235219943,-0.3433886696831409,0.6077668932051352,0.3691574802631578
-0.7283606165863197,-0.22371002099218784,-0.5046505955941318,0.2560125510204081
-0.6016104993444263,-0.20585574615830382,-0.3957547531861225,0.4142846265822784
2.0144887059105727,0.7870406256047834,1.2274480803057894,0.32182454
2.1651726457947125,2.316631672353409,-0.15145902655869659,0.4505385
1.254768051268668,1.233293481917521,0.02147456935114711,0.3993076298701298
-0.7775845835664641,-0.5215735284167727,-0.25601105514969136,0.3683428963414634
-0.8707257483722856,-1.009362299734736,0.13863655136245046,0.3330391923076923
-0.1905208166258216,-0.4024628335645731,0.21194201693875148,0.4056208709677419
-0.7019263680595651,-0.5853651737897623,-0.11656119426980283,0.3581031125827814
-0.9293607570568978,-1.023068160567491,0.09370740351059315,0.3978908843930636
-0.4117202439717097,0.16500490811309332,-0.576725152084803,0.3924679037433155
0.1998928373963264,-0.12788051538936304,0.3277733527856894,0.3913449937106918
-0.0130387104062551,-0.3323915579184217,0.3193528475121666,0.3989209285714286
2.1651726457947125,1.3910680943374518,0.7741045514572606,0.3279570604026846
-0.4618166862936237,0.22500627548472768,-0.6868229617783514,0.4236190132450331
0.6144539646206968,0.6964684504783769,-0.08201448585768012,0.4699289935064935
-0.3562095957981344,-0.4797507121483656,0.12354111635023124,0.3330391923076923
-0.2907921251024896,-0.41886551652420706,0.12807339142171748,0.4862467272727273
2.1651726457947125,2.39996423847421,-0.23479159267949745,0.4707778461538461
-0.2907921251024896,-0.5849808027052689,0.2941886776027793,0.3993076298701298
2.1651726457947125,1.909738778421698,0.25543386737301454,0.4707778461538461
2.019635992063191,1.171611204873449,0.8480247871897422,0.3859531132075471
-0.2907921251024896,-0.576026708162305,0.28523458305981536,0.3330391923076923
2.1651726457947125,1.3019157160743882,0.8632569297203243,0.4581912866666666
-0.2907921251024896,-0.05591717742960883,-0.23487494767288075,0.4151807791411043
-0.5722697535319001,-0.3385659331628661,-0.23370382036903403,0.3427241592356688
-1.0900085719061494,-1.1112702840747852,0.021261712168635816,0.3978908843930636
-0.6310552121797367,-0.3248033042891977,-0.306251907890539,0.4142846265822784
2.1651726457947125,0.834557522902924,1.3306151228917886,0.32182454
-0.5061834894259377,-0.444958113254778,-0.061225376171159696,0.38214178
0.4556673131147893,0.7709841624969845,-0.31531684938219523,0.32182454
-0.6310552121797367,-0.28136042715433185,-0.34969478502540485,0.3547797567567567
-0.2541011652403838,-0.02383006596800669,-0.2302710992723771,0.3989209285714286
-0.5846566892589351,-0.3211063328623044,-0.2635503563966307,0.4056208709677419
-0.5410958517162214,-0.3863247540060416,-0.15477109771017983,0.3841937837837837
0.0910828246098687,-0.28888319902298437,0.3799660236328531,0.4489242193548386
-1.261287811596432,-0.143784798677984,-1.1175030129184482,0.3818871419753086
-0.4072984790986318,-0.3260134247804864,-0.08128505431814542,0.1728005125
-0.7662136665986466,-0.571930076354051,-0.19428359024459563,0.2560125510204081
2.1651726457947125,2.5620186819644593,-0.3968460361697468,0.3999173558282208
0.0455105504929177,0.7032260972901064,-0.6577155467971887,0.3960697315436241
-0.947345024627988,-0.7749916294918496,-0.17235339513613834,0.3683428963414634
-0.3148044323404564,-0.4317681019382871,0.11696366959783067,0.3062974840764331
1.345990876355596,0.6411404722714299,0.7048504040841662,0.4056208709677419
-0.0130588034579438,-0.0815208461267214,0.0684620426687776,0.2308548911564625
-0.0772966664658754,-0.3074430802421278,0.2301464137762524,0.345568697368421
-0.4007600282197562,-0.2907169399193732,-0.11004308830038301,0.37639671875
-0.7341139072445466,-0.7805485227750621,0.04643461553051553,0.4581912866666666
0.5625012112305241,-0.32245500283243955,0.8849562140629637,0.3672524791666667
-0.5728307303160726,-0.17880811714417527,-0.3940226131718973,0.4050421041666666
0.4525554398660776,1.2135768919433136,-0.761021452077236,0.3279570604026846
-1.118301239968184,-0.25386167843663443,-0.8644395615315495,0.4103113666666667
0.2212334133315638,2.2031240417313853,-1.9818906283998214,0.37639671875
-0.6928467653589274,-0.5959118839507435,-0.09693488140818396,0.3960697315436241
2.1651726457947125,1.7425353844038547,0.4226372613908578,0.4077540532544379
-1.0258566105964804,-0.9696876411276208,-0.05616896946885952,0.3683428963414634
-0.2907921251024896,-0.5798978645770183,0.2891057394745287,0.4135580243902439
0.3810483292733262,-0.11597904499331015,0.49702737426663635,0.3993076298701298
2.1651726457947125,0.909677403018004,1.2554952427767083,0.3571249225352113
-0.1194594811487746,-0.4279768804904073,0.3085173993416327,0.4056208709677419
-0.4428583464966092,0.10439570460286812,-0.5472540510994773,0.3972289517241379
-0.8537401296366095,0.7933205041947173,-1.6470606338313267,0.3989209285714286
-0.1675735492823059,0.1628385856131017,-0.33041213489540755,0.3672524791666667
-0.2708597968303125,-0.26521675251932464,-0.005643044310987888,0.4135580243902439
-1.160745361930701,-1.2537830099481226,0.09303764801742154,0.451932013245033
-0.302001936744103,0.21602406243972766,-0.5180259991838306,0.3859531132075471
-0.8316830599932812,-0.35611452530895354,-0.47556853468432764,0.3683428963414634
-0.1472770791166671,-0.17893292257427745,0.031655843457610355,0.4236190132450331
-0.6914155389273027,-0.4610217370885681,-0.2303938018387346,0.3801381595092024
2.1651726457947125,0.9141171561065213,1.2510554896881911,0.3972289517241379
1.7173228606512596,1.7407450660509873,-0.023422205399727725,0.4050421041666666
-0.5276186502385656,-0.3049659549084313,-0.22265269533013426,0.4056208709677419
-0.4729258104243001,1.2301738767615609,-1.703099687185861,0.4050421041666666
-0.8718844207466301,-0.5034671488103297,-0.36841727193630036,0.5263955251396648
-0.2907921251024896,0.5190827753262807,-0.8098749004287702,0.2730334219653179
2.1651726457947125,2.0902518050358014,0.07492084075891103,0.4489242193548386
0.2678037647661964,0.0738355084346879,0.1939682563315085,0.4489242193548386
-1.177727441939188,-1.0409469126009274,-0.13678052933826068,0.4862467272727273
-0.927309167736966,-0.6105847573953345,-0.31672441034163157,0.4270410310559006
-0.2907921251024896,-0.21778814075029354,-0.07300398435219604,0.4770338545454546
-0.7695543680044075,-0.4137515709110377,-0.35580279709336976,0.3818871419753086
-1.144165449751586,-1.156938482997529,0.012773033245943033,0.4581912866666666
-1.139864354433738,-1.0822504862168196,-0.057613868216918274,0.3336369019607843
-0.4989978777128396,-0.32523982016281044,-0.17375805755002915,0.4707778461538461
0.135071530293715,0.31335566859703673,-0.17828413830332174,0.3924679037433155
-0.1982107331141208,0.41607352252370666,-0.6142842556378274,0.4236190132450331
-0.3317241359781407,0.3833249611520537,-0.7150490971301944,0.3234683624161074
0.4411728956461206,0.2272896999692988,0.21388319567682182,0.451932013245033
-0.3445579442173304,-0.3291169091431604,-0.015441035074169995,0.2730334219653179
0.1002622998956316,-0.39505802103271914,0.49532032092835077,0.3581031125827814
-0.7290771514962989,0.4754853193353497,-1.2045624708316487,0.3924679037433155
-0.1277062411587306,-0.36996054632746167,0.24225430516873106,0.4270410310559006
-0.0765043949577583,0.3916354971155223,-0.4681398920732806,0.3818871419753086
-0.4770357455399853,0.005662681413552591,-0.4826984269535379,0.2560125510204081
-0.2907921251024896,-0.1944210034728876,-0.09637112162960199,0.3993076298701298
-0.5717641639708907,-0.5443540474554074,-0.027410116515483307,0.4095118375
-1.1592845507208176,-0.6240673038286534,-0.5352172468921642,0.3279570604026846
-0.4989978777128396,-0.4361604081679626,-0.06283746954487701,0.3496421194968553
-1.119319831032605,-0.5975641903612281,-0.5217556406713768,0.37639671875
-0.9208962178497584,-0.9749921985274923,0.05409598067773391,0.3754729428571428
-0.340179718251298,-0.48018396712440636,0.14000424887310836,0.4505385
-0.8236121112143103,-0.8693442110019491,0.045732099787638814,0.4151807791411043
-1.102144345002101,-0.8980460765714628,-0.20409826843063805,0.3754729428571428
2.1651726457947125,0.29773067100828166,1.8674419747864308,0.3913449937106918
0.6196054272185799,0.4297719557566051,0.18983347146197482,0.3993076298701298
1.1014469784266696,1.338989091506494,-0.2375421130798243,0.3581031125827814
-0.6853396501604481,-0.606237578214582,-0.07910207194586605,0.3385222580645161
1.0064557367152414,0.3123547999308745,0.6941009367843669,0.3972289517241379
-1.067277391352634,-0.5236749878362605,-0.5436024035163736,0.4509778670886076
-1.085975340167143,-1.1437046150135446,0.05772927484640156,0.4581912866666666
0.4042619557324986,0.2866411461895006,0.11762080954299803,0.2730334219653179
-1.0090178849125442,-0.9462432975689512,-0.06277458734359298,0.3385222580645161
-0.9417915752513396,-0.5171342965785937,-0.42465727867274594,0.4509778670886076
-0.6541786964343694,-0.2969379143042522,-0.35724078213011723,0.2853974074074074
-0.2907921251024896,-0.37992929005002146,0.08913716494753188,0.3608544807692307
-0.2542449982595662,-0.02807631233588332,-0.2261686859236829,0.3427241592356688
0.3295868660118579,1.2482297338799795,-0.9186428678681215,0.451932013245033
-0.2907921251024896,-0.36730224762573677,0.07651012252324718,0.4862467272727273
2.1651726457947125,1.2906870549750677,0.8744855908196447,0.3989209285714286
-0.6969084399896259,-0.6519139150838057,-0.04499452490582023,0.4577306518518518
-0.5752626757403,-0.46116173132958244,-0.11410094441071755,0.32182454
-1.1536721139871564,-0.6840632957026607,-0.46960881828449574,0.3425733024691358
-0.2907921251024896,0.7207127139416607,-1.0115048390441503,0.1728005125
1.0624948763610216,0.38646304921854874,0.6760318271424728,0.3691574802631578
0.4061876911903589,-0.18299595238355854,0.5891836435739175,0.4270410310559006
0.3046653301591571,0.3838231924615866,-0.0791578623024295,0.4770338545454546
0.1456607083823084,0.4262198422657213,-0.2805591338834129,0.3608544807692307
-0.6770212376895415,-0.7295071397001845,0.05248590201064307,0.4056208709677419
-0.1452282593559794,-0.8339790919423506,0.6887508325863713,0.3330391923076923
0.2606101634522978,-0.3018307046275876,0.5624408680798854,0.3754729428571428
-0.2907921251024896,-0.594938331331637,0.3041462062291474,0.4077540532544379
0.9904759048044406,0.7657018713171425,0.22477403348729807,0.3989209285714286
-1.1623088280813096,-0.9622690066827165,-0.2000398213985931,0.3818871419753086
0.7759205034223764,-0.2677532118926722,1.0436737153150486,0.4707778461538461
-1.1832949751909538,-0.870214656408292,-0.31308031878266185,0.4151807791411043
-0.8595303118318298,-1.129081739646957,0.2695514278151272,0.3913449937106918
-0.9208131956088532,-0.9764406927272394,0.055627497118386215,0.2853974074074074
-0.2362445088711398,-0.2916719360863783,0.05542742721523852,0.4095118375
1.1570010981580494,1.9905268708310422,-0.8335257726729928,0.4151807791411043
-0.2976194337051175,-0.3567755866598908,0.05915615295477328,0.4770338545454546
-0.423617663232101,0.08155711964500703,-0.505174782877108,0.3683428963414634
-0.2907921251024896,-0.6986071629540977,0.40781503785160816,0.4770338545454546
-0.35428319516748,-0.24276289314709942,-0.1115203020203806,0.4270410310559006
-1.192288449186771,-0.8197360365956926,-0.3725524125910783,0.5528236513157895
-0.1500301199691119,0.20392681934504972,-0.3539569393141616,0.3608544807692307
-0.2761271773756465,-0.6420285251754498,0.3659013477998033,0.3608544807692307
-0.0244168313657897,-0.6516976508839747,0.627280819518185,0.4770338545454546
-0.3653879768568229,-0.3929927237764791,0.027604746919656198,0.4699289935064935
2.1651726457947125,2.116625719291895,0.048546926502817556,0.4135580243902439
-0.4542292147352703,-0.3568771080469143,-0.09735210668835598,0.3960697315436241
2.1651726457947125,2.1035081933091004,0.06166445248561203,0.2853974074074074
0.2146441870678215,-0.5942879429318181,0.8089321299996396,0.4095118375
-1.1625859840725858,-1.058365663071392,-0.10422032100119383,0.4056208709677419
-0.4926759839593674,-0.29129287004583737,-0.20138311391353003,0.4581912866666666
-0.8570962084586977,-0.6243895471992393,-0.23270666125945838,0.4142846265822784
-0.2952356501190477,-0.5065999950102078,0.21136434489116013,0.1728005125
0.2062444836672838,0.21688383404715122,-0.010639350379867435,0.3448446496815286
2.1651726457947125,1.2096829069269173,0.9554897388677952,0.4505385
-0.4592623558101552,-0.08417795517186036,-0.37508440063829485,0.37639671875
-0.3614544816970928,0.03823246158959526,-0.3996869432866881,0.3989209285714286
0.8325765347766005,0.6102185381687457,0.22235799660785482,0.3801381595092024
-1.2241422174202732,0.0736909487041336,-1.2978331661244067,0.3330391923076923
-0.672628817672957,-0.6727772457783997,0.00014842810544268836,0.3385222580645161
-0.5833574483227193,-0.4991256650173968,-0.0842317833053225,0.38214178
-0.1342116976446141,-0.21586544684641573,0.08165374920180163,0.4135580243902439
0.231313381243205,1.9434598240093675,-1.7121464427661626,0.37639671875
-0.8505516093864951,-0.8542698023582744,0.0037181929717793327,0.3448446496815286
-0.4989978777128396,-0.15824505354476742,-0.3407528241680722,0.4699289935064935
-0.1775198899617544,-0.5249593950472508,0.34743950508549637,0.4056208709677419
1.5211593321304089,1.259903515323581,0.26125581680682797,0.3960697315436241
0.739462894813087,1.0814954636454708,-0.34203256883238375,0.3960697315436241
-0.2907921251024896,-0.010273299608092982,-0.2805188254943966,0.4270410310559006
1.9510547452284452,1.1883785956909065,0.7626761495375387,0.2853974074074074
1.0644666371014226,0.10626806765768597,0.9581985694437367,0.3691574802631578
0.266070399736736,0.810972615844037,-0.5449022161073009,0.3989209285714286
-0.2907921251024896,-0.4759029740591567,0.18511084895666713,0.4270410310559006
-0.4333598109182125,-0.030303783990320958,-0.40305602692789155,0.2853974074074074
-0.5602827712704385,-0.4965827833148528,-0.06369998795558568,0.4142846265822784
-0.9719858490833816,-0.8537712595073735,-0.11821458957600806,0.2308548911564625
1.1379570552637976,0.9642394147168807,0.17371764054691696,0.38214178
0.3157627402760252,-0.15894969746133297,0.47471243773735816,0.3336369019607843
-0.2907921251024896,-0.14979161527307722,-0.14100050982941237,0.3496421194968553
-1.0945338576331007,-1.3163827952322449,0.22184893759914415,0.4135580243902439
1.0221457894062087,0.7710303757300615,0.2511154136761472,0.3581031125827814
0.0398242949109373,-0.036269191906283825,0.07609348681722113,0.3547797567567567
-0.8572161637950393,-0.8183453730271221,-0.03887079076791722,0.3794539181286549
-0.9702340506459912,-0.39046945285712803,-0.5797645977888632,0.3999173558282208
-1.0863126002054593,-1.0743113885105067,-0.012001211694952607,0.3330391923076923
-0.5216362778732073,0.14723722930445676,-0.6688735071776641,0.4509778670886076
-0.2774567357706248,0.11036287748251447,-0.3878196132531393,0.3924679037433155
0.8763376198356655,-0.09064701393388074,0.9669846337695462,0.4699289935064935
0.4743980180248302,0.1446040156239909,0.32979400240083934,0.4770338545454546
-1.1712584376355455,-1.151899216969893,-0.019359220665652543,0.3608544807692307
-0.2907921251024896,0.3481970875022564,-0.6389892126047461,0.5263955251396648
0.3993306974194862,0.6935321426551896,-0.2942014452357034,0.451932013245033
-1.0083618825888616,-1.1217044648805892,0.11334258229172756,0.3989209285714286
-1.1592845507208176,-1.0693808171627612,-0.08990373355805636,0.3581031125827814
0.050535696816766,-0.2218644101963751,0.2724001070131411,0.4707778461538461
-0.5383341049839931,0.060568404200991674,-0.5989025091849848,0.3999173558282208
0.0428255981380773,-0.04663608876136635,0.08946168689944364,0.4151807791411043
-0.559895815812138,-0.2144883730733751,-0.3454074427387629,0.3279570604026846
-0.6121898789108497,-0.18165808040334777,-0.430531798507502,0.5263955251396648
0.004470710313617,1.2402067490829072,-1.2357360387692902,0.3924679037433155
-0.803411383540657,0.6883357579915692,-1.491747141532226,0.3496421194968553
-0.2853071462917262,-0.1891539371419508,-0.0961532091497754,0.3581031125827814
0.2497619898970821,1.1362708309126548,-0.8865088410155727,0.4108178661971831
-0.2907921251024896,-0.3303844291089763,0.03959230400648672,0.2308548911564625
0.2715566696720596,1.9299280217505095,-1.6583713520784498,0.3818871419753086
-1.134206767521875,-1.1304408059575022,-0.0037659615643728106,0.4707778461538461
-1.107167454684912,-1.266451084221519,0.15928362953660713,0.3978908843930636
-0.2907921251024896,-0.4016738294498522,0.11088170434736261,0.4577306518518518
-0.3602463924116826,-0.32052443257523944,-0.039721959836443166,0.5642011216216216
-0.8015666070202888,-0.8556180271423959,0.05405142012210706,0.3801381595092024
0.1855343932904568,0.0346565635050254,0.1508778297854314,0.3571249225352113
0.3608601047881128,-0.1993947360646785,0.5602548408527913,0.38214178
0.1273141417514491,0.9472864864124932,-0.8199723446610442,0.3999173558282208
0.6393706869835516,0.740748949740566,-0.10137826275701445,0.4707778461538461
-0.1076132564232299,-0.25548772585632185,0.14787446943309196,0.3801381595092024
-0.6185365884824678,-0.3381012316875326,-0.28043535679493525,0.3425733024691358
-0.9697950789128736,0.9378037110004398,-1.9075987899133136,0.3279570604026846
-0.8335531372463277,-0.6617951108862081,-0.1717580263601196,0.4077540532544379
-0.0936251578682297,0.40928363009811086,-0.5029087879663405,0.3924679037433155
-1.1045574247155072,-1.228579794456461,0.12402236974095371,0.4489242193548386
0.7840099245133684,1.7659433633325237,-0.9819334388191553,0.4108178661971831
-1.1427773838827426,-0.9447807131721034,-0.1979966707106392,0.3794539181286549
0.1335993543352618,0.017787513972672107,0.11581184036258968,0.4151807791411043
-0.5119635070360565,-0.1339818082298962,-0.37798169880616034,0.3924679037433155
-0.0810697341497,-0.40839433248301144,0.3273245983333114,0.4707778461538461
1.818893360146471,0.5308826417692867,1.2880107183771843,0.3801381595092024
-0.2011947790887756,0.28348064271024387,-0.48467542179901946,0.5528236513157895
-0.7004299269620514,0.843404124697629,-1.5438340516596805,0.3924679037433155
-0.4273285703400138,-0.4250916331686953,-0.0022369371713185093,0.3691574802631578
-0.1256076043532534,0.41162461384379806,-0.5372322181970515,0.3972289517241379
-0.3228224327311199,0.6647220478085616,-0.9875444805396815,0.3425733024691358
-0.3996585682329959,0.6285270827895991,-1.028185651022595,0.4577306518518518
-0.3803243966952037,0.0869508103627616,-0.46727520705796527,0.3581031125827814
-0.2992517221827333,-0.37780698046253325,0.07855525827979992,0.4707778461538461
-0.6009844433851902,-0.1869859089777144,-0.4139985344074758,0.4103113666666667
2.1651726457947125,2.070011269630353,0.09516137616435927,0.2308548911564625
-0.6698887245139403,0.08202903523821427,-0.7519177597521546,0.37639671875
0.0490504626328957,-0.39534484501355033,0.444395307646446,0.4135580243902439
-0.7533695765074425,-0.1483275505391935,-0.605042025968249,0.3841937837837837
2.1651726457947125,0.23466434269637287,1.9305083030983397,0.2308548911564625
-0.2907921251024896,-0.5995524561061193,0.3087603310036297,0.3691574802631578
-0.9479660831150992,-0.9804120162940806,0.03244593317898137,0.3427241592356688
0.1949504688356393,0.5255040030552529,-0.33055353421961364,0.4577306518518518
1.9460338173440936,1.9702132061413449,-0.024179388797251233,0.4077540532544379
1.2036936639017892,0.5733141786239219,0.6303794852778674,0.4108178661971831
-0.170697869859205,-0.4104812340640107,0.23978336420480573,0.4135580243902439
0.4496763041997481,0.11985100700844291,0.32982529719130516,0.3924679037433155
-0.7034566509619872,-0.7516632394126993,0.04820658845071213,0.4581912866666666
0.8215754681446477,1.1109147540030604,-0.28933928585841273,0.3960697315436241
-1.108050724921441,-1.0297580790732872,-0.07829264584815387,0.3427241592356688
-0.295959725766947,-0.0386766845573209,-0.2572830412096261,0.451932013245033
-1.1482250039112512,-1.0562952123798244,-0.09192979153142677,0.2853974074074074
-0.7050769397857798,-0.7283896362372251,0.02331269645144529,0.3448446496815286
-0.2897927392286794,-0.3303189046598387,0.04052616543115933,0.4509778670886076
-0.2907921251024896,-0.25769179937018094,-0.033100325732308644,0.3818871419753086
-0.8753612813198599,-0.4693087881954181,-0.4060524931244418,0.4056208709677419
2.1651726457947125,1.3792070156374756,0.7859656301572369,0.3691574802631578
-0.50585443410982,-0.47119104152164126,-0.03466339258817874,0.1728005125
0.5449688889956285,0.42685650614020726,0.1181123828554212,0.4135580243902439
1.110518514669138,0.739753655790445,0.37076485887869304,0.4095118375
0.7971524735568367,0.4157283448442868,0.38142412871254994,0.2730334219653179
-0.4890935776179181,-0.28342140172737346,-0.20567217589054465,0.3818871419753086
-0.4478438003473973,-0.3936684049758568,-0.05417539537154048,0.5528236513157895
-0.4496551554013531,-0.2656168336759344,-0.18403832172541867,0.5263955251396648
-0.5288976515394515,0.3268039174266297,-0.8557015689660812,0.2560125510204081
-0.2907921251024896,-1.0546482816479825,0.7638561565454929,0.3448446496815286
-0.2907921251024896,-0.5836552107041115,0.29286308560162194,0.3913449937106918
0.9873705525469112,0.4943861757530158,0.4929843767938954,0.3448446496815286
1.2386426198077198,-0.6295179632881751,1.868160583095895,0.3336369019607843
-0.2907921251024896,-0.8321161810446699,0.5413240559421804,0.4095118375
-0.3576619496865496,-0.3663054800367678,0.008643530350218254,0.2308548911564625
-0.336563734351667,0.2763757415383189,-0.6129394758899859,0.3496421194968553
-0.3063894644326124,-0.3688819136733378,0.06249244924072539,0.1728005125
-0.895169881509703,-0.48435525401545365,-0.41081462749424935,0.1728005125
-0.6021868646377421,-0.2066994428148238,-0.3954874218229183,0.5528236513157895
1.5690799732448064,1.1894081216237387,0.37967185162106776,0.3989209285714286
-0.2907921251024896,-0.6838705251072976,0.39307840000480804,0.4707778461538461
0.5151837546694115,0.41686457464929133,0.09831918002012013,0.2308548911564625
-0.5461771031269035,-0.7031175155168333,0.15694041238992984,0.3691574802631578
1.5128130790681074,1.6351051756249835,-0.12229209655687612,0.3234683624161074
-0.4737934742570838,0.08623488308852843,-0.5600283573456122,0.5528236513157895
-0.049861702115894,-0.03288534150180414,-0.016976360614089858,0.4095118375
-0.2907921251024896,-0.09973587927285714,-0.19105624582963243,0.4270410310559006
-0.7321194989353763,-0.31872526901702725,-0.41339422991834907,0.3062974840764331
-0.0420769341264459,0.15558413315855027,-0.19766106728499616,0.1728005125
-1.1048678214395278,-0.5405116903457793,-0.5643561310937485,0.3608544807692307
2.1651726457947125,0.45170791381525494,1.7134647319794576,0.2853974074074074
-1.0247881624342805,-0.9526890441183414,-0.07209911831593907,0.3062974840764331
-1.0745925341963432,-0.11391679118142624,-0.9606757430149169,0.4108178661971831
-1.0888539722592383,-0.74175291254467,-0.3471010597145683,0.3754729428571428
-0.6460873836220592,0.5976250436122611,-1.2437124272343203,0.3924679037433155
2.004579104638068,1.1970894851295641,0.807489619508504,0.3427241592356688
-0.2907921251024896,-0.2200809293235565,-0.07071119577893309,0.3496421194968553
0.3954809629256588,0.3733867901215592,0.022094172804099643,0.3691574802631578
-1.1191413357759117,-0.9988433293431347,-0.120298006432777,0.3496421194968553
-0.2907921251024896,-0.1210105761360244,-0.1697815489664652,0.3972289517241379
0.2160301385666802,0.38173669817959444,-0.16570655961291422,0.4103113666666667
0.175199034681256,1.0933048965024104,-0.9181058618211544,0.4103113666666667
0.3969684909454311,0.5144771682383281,-0.11750867729289705,0.3385222580645161
-0.6949071105555494,0.09175341872130134,-0.7866605292768508,0.3924679037433155
-0.5832516521737934,-0.47549084242769635,-0.10776080974609703,0.1728005125
-0.8392397161046632,-0.5081355616523398,-0.33110415445232344,0.3547797567567567
-0.2907921251024896,-0.37420950361571576,0.08341737851322617,0.4509778670886076
-0.9029719008090566,-0.08320597407718869,-0.819765926731868,0.4151807791411043
-0.6919545891757529,-0.34908885789472877,-0.34286573128102416,0.3691574802631578
-1.121134809594559,-0.7821217307314986,-0.3390130788630604,0.4095118375
0.5325068212289337,0.5318272764144878,0.000679544814445876,0.3999173558282208
-0.2907921251024896,-1.1114029618722232,0.8206108367697336,0.4108178661971831
-0.6827410573598556,1.0340305600119228,-1.7167716173717784,0.4862467272727273
0.2510071371117275,2.1800596258113494,-1.9290524886996219,0.37639671875
0.2069682098914758,0.5228266944703694,-0.31585848457889365,0.3385222580645161
1.0844711467241754,1.1469264247469455,-0.06245527802277007,0.1728005125
-1.154716080739999,-0.6079490738932567,-0.5467670068467423,0.3547797567567567
-0.1640131257330033,0.011840379294289402,-0.17585350502729272,0.4108178661971831
-0.2907921251024896,-0.794599611544057,0.5038074864415674,0.4862467272727273
0.0979291811624394,-0.2942088129392121,0.3921379941016515,0.4699289935064935
-0.6667218942848618,-0.2181230001169927,-0.44859889416786913,0.3818871419753086
-1.1277272923921724,-1.002843157936111,-0.12488413445606139,0.3672524791666667
-0.426563444141425,0.1540108475511771,-0.5805742916926021,0.4577306518518518
-0.4290545511194954,-0.2017119737480761,-0.22734257737141933,0.3924679037433155
0.765191437791586,0.88186009939147,-0.11666866159988398,0.3062974840764331
-1.1275399991060877,-0.6281636453772058,-0.4993763537288819,0.5528236513157895
-0.2907921251024896,-0.48155215846631927,0.19076003336382968,0.345568697368421
-0.7304299802424363,-0.9481873302427428,0.2177573500003065,0.38214178
-0.0772471275338326,1.3197237229162846,-1.3969708504501173,0.3972289517241379
-0.6546368792610606,0.35706561081217414,-1.0117024900732348,0.3999173558282208
-0.8778993433961643,-0.6472806809268572,-0.23061866246930707,0.1728005125
-0.6391224171332719,-0.5829827112026031,-0.05613970593066875,0.3496421194968553
-1.251295617771178,0.40227146308062534,-1.6535670808518033,0.4151807791411043
1.2441629015057414,0.5382988657588249,0.7058640357469165,0.3859531132075471
-0.3462750313314988,0.011141314828412158,-0.3574163461599109,0.37639671875
2.1651726457947125,2.206505493296969,-0.04133284750225652,0.3924679037433155
-0.9950131598108888,-0.999498150746836,0.004484990935947231,0.3989209285714286
-0.2907921251024896,-0.1332633154827228,-0.15752880961976679,0.4095118375
-1.1292257717946457,-1.1099794473678406,-0.019246324426805073,0.2730334219653179
-1.149950069533404,-0.3637193203775377,-0.7862307491558662,0.4050421041666666
0.3257307622607256,0.12084289255729007,0.20488786970343553,0.3794539181286549
-0.8612122810710656,-0.7260310046300307,-0.13518127644103495,0.3448446496815286
-0.326851395439465,-0.0026198378618794427,-0.3242315575775856,0.5528236513157895
-0.3278623523089899,-0.028857200753153872,-0.29900515155583607,0.3683428963414634
0.8977765811263259,-0.4785229207642579,1.3762995018905837,0.4489242193548386
0.0307266129009062,-0.2226110033041096,0.2533376162050158,0.3336369019607843
0.1950281019091593,0.5628813919937576,-0.36785329008459833,0.3999173558282208
-1.1249839443235898,-0.8537208576059651,-0.2712630867176248,0.3989209285714286
2.1651726457947125,2.322594228180468,-0.15742158238575543,0.3999173558282208
1.4347875856893326,2.404207713178536,-0.9694201274892036,0.3336369019607843
2.1651726457947125,0.08596455968417588,2.0792080861105364,0.1728005125
0.8892006667572514,-0.04043156169015905,0.9296322284474104,0.4707778461538461
-0.1741831704808036,0.03125641266546293,-0.20543958314626654,0.3989209285714286
-0.763112547042806,-0.17559000858696536,-0.5875225384558406,0.3754729428571428
2.1651726457947125,1.1627233915232824,1.00244925427143,0.4050421041666666
1.1734987954155691,0.12786858480339564,1.0456302106121735,0.4509778670886076
-1.1328030887520657,-1.2388010496572117,0.10599796090514602,0.4270410310559006
-0.7549973557553109,-0.5323130317205458,-0.22268432403476512,0.4581912866666666
2.1651726457947125,1.5243412786265145,0.640831367168198,0.32182454
-0.6589546493793136,-0.16891223276450557,-0.490042416614808,0.3234683624161074
1.959069327843232,1.1008273759202951,0.858241951922937,0.4077540532544379
-0.4212692609753462,-0.18675435197940954,-0.2345149089959367,0.3336369019607843
-0.4772928853369416,-0.5198342397886616,0.042541354451720026,0.4135580243902439
-0.5668306070679121,-0.13381552822815201,-0.4330150788397601,0.4103113666666667
0.8786902654907529,0.16209255133984551,0.7165977141509074,0.4581912866666666
-1.0303710872457146,-1.1494888811186192,0.11911779387290466,0.4236190132450331
-0.4774584222431801,-0.27005799912281225,-0.20740042312036783,0.4577306518518518
-0.2907921251024896,0.14610050397916308,-0.43689262908165266,0.4270410310559006
0.8870276649011133,1.2709765237619566,-0.3839488588608433,0.2308548911564625
-1.1368704529673794,-1.2480124547599982,0.1111420017926188,0.3913449937106918
0.6934791180243081,0.9502382804345311,-0.256759162410223,0.3989209285714286
-1.2033036622494009,-0.4488749509402017,-0.7544287113091992,0.3279570604026846
-0.937070971497046,-0.9327546167731541,-0.004316354723891913,0.3691574802631578
2.1651726457947125,0.9489937959567245,1.216178849837988,0.1728005125
-0.6897473608316911,-0.2141032384367387,-0.47564412239495235,0.5528236513157895
2.1651726457947125,2.042152959334588,0.12301968646012451,0.4699289935064935
-0.1021208303711391,-0.4047572494412509,0.3026364190701118,0.4505385
-0.2173537195701489,-0.3936502942599009,0.176296574689752,0.4489242193548386
-0.448487991476279,-0.25914604125411733,-0.18934195022216166,0.37639671875
-0.909559142647232,-0.2892356585237061,-0.6203234841235259,0.4577306518518518
-0.2907921251024896,0.13428406974115414,-0.42507619484364373,0.3794539181286549
-1.2909457133027695,0.9717476880285906,-2.26269340133136,0.4056208709677419
2.1651726457947125,2.40725806158612,-0.2420854157914074,0.2853974074074074
-0.951765882069091,-0.7505089070246266,-0.20125697504446438,0.4707778461538461
0.2007538384083501,-0.4348396164410512,0.6355934548494013,0.3972289517241379
1.0746059028500765,1.0307301660867785,0.043875736763298034,0.3978908843930636
-0.3910291227065965,-0.6334565669478842,0.2424274442412877,0.3794539181286549
0.0807880914587972,1.9161329617774772,-1.8353448703186799,0.4577306518518518
-0.3715063550710847,0.3766462459592851,-0.7481526010303698,0.4236190132450331
0.083608010107203,-0.21601897446614657,0.2996269845733496,0.3924679037433155
-0.3074064989768476,-0.3237856835505828,0.016379184573735217,0.1728005125
-0.5411905728767812,1.0350388885657664,-1.5762294614425476,0.4862467272727273
2.1651726457947125,2.186551489653415,-0.021378843858702368,0.3448446496815286
2.1651726457947125,2.0821409285157273,0.08303171727898517,0.3581031125827814
-0.8820575120571398,-0.9248265757909786,0.04276906373383882,0.3336369019607843
0.6454990221887851,0.5716232521099455,0.07387577007883961,0.4505385
0.1977541270003213,0.482788686443391,-0.2850345594430697,0.3234683624161074
-1.0567947286632395,-1.2535476790568734,0.19675295039363383,0.38214178
-0.8647132233557181,-0.9474922226928526,0.0827789993371345,0.3978908843930636
0.9471341064047344,0.6261773248286442,0.3209567815760902,0.4151807791411043
-0.2907921251024896,-0.35930014987533027,0.06850802477284068,0.4142846265822784
-0.5395393541123081,-0.4685697316971883,-0.07096962241511984,0.3385222580645161
-1.1097630502462097,-0.9355655080333694,-0.17419754221284034,0.3859531132075471
-0.6569671427826215,-0.7425755102778856,0.08560836749526413,0.3960697315436241
0.4466412221590483,0.9575974757916982,-0.51095625363265,0.3330391923076923
-0.1645549998954965,0.10791915595553386,-0.27247415585103035,0.3960697315436241
-0.0614969097853364,0.19380345910159885,-0.25530036888693525,0.3794539181286549
-0.2907921251024896,-0.18842117390909777,-0.10237095119339182,0.3683428963414634
-0.2228078246966563,0.2146624403796548,-0.4374702650763111,0.3924679037433155
0.2867136602544144,0.23820844151072423,0.04850521874369018,0.4095118375
-0.2907921251024896,-0.6045820471089434,0.3137899220064538,0.3989209285714286
0.9747616804710056,0.8727739042864779,0.1019877761845277,0.4581912866666666
-1.1702046764411047,-0.834683836756705,-0.3355208396843997,0.5642011216216216
-1.0932558834081347,-1.2372240897307425,0.14396820632260776,0.38214178
-0.5527210421765478,-0.5741620713834242,0.021441029206876405,0.32182454
-0.9468444906971534,1.2156692343860052,-2.1625137250831585,0.5642011216216216
-1.2724765517920529,-0.7386790391457936,-0.5337975126462593,0.5642011216216216
1.5358477558216808,0.8952742240871762,0.6405735317345046,0.4077540532544379
0.6137831895580164,-0.1111157848241555,0.7248989743821719,0.4770338545454546
0.0928735497990708,0.16306042809852964,-0.07018687829945884,0.4489242193548386
2.1651726457947125,2.024579546727246,0.14059309906746664,0.2308548911564625
0.9153860574627888,-0.4620966975799904,1.377482755042779,0.4077540532544379
-0.8115054901579379,-0.4945628861837409,-0.31694260397419705,0.4151807791411043
-0.2907921251024896,-1.1926855420840379,0.9018934169815482,0.3913449937106918
-0.0941051063848094,0.11342035683954912,-0.20752546322435853,0.4236190132450331
-0.8344852756956973,-0.5677048172059231,-0.26678045848977416,0.5263955251396648
-0.4989978777128396,-0.3525667152629408,-0.1464311624498988,0.4699289935064935
0.0478493800455446,-0.38377458006200293,0.43162396010754756,0.5263955251396648
2.1651726457947125,1.9467255538791717,0.2184470919155408,0.4050421041666666
2.1651726457947125,0.859660060302258,1.3055125854924545,0.4142846265822784
-0.2293808193972312,-0.09092836988483234,-0.13845244951239888,0.3448446496815286
-0.0553309192234864,0.1457310859329418,-0.2010620051564282,0.3427241592356688
-0.6228014930123622,-0.145917855776933,-0.4768836372354292,0.3385222580645161
-0.1856618383102138,0.33470021043448833,-0.5203620487447022,0.2560125510204081
-0.3994428395032525,-0.46331402678862227,0.06387118728536978,0.32182454
2.1651726457947125,1.7926075611410501,0.37256508465366234,0.4699289935064935
-0.6964472034691296,-0.606098685380762,-0.09034851808836764,0.4862467272727273
-0.9094030152222556,0.7063875287994508,-1.6157905440217064,0.3801381595092024
0.3554191628726033,2.2302971916645777,-1.8748780287919744,0.5642011216216216
-0.8166704455819263,1.5178693655391406,-2.3345398111210667,0.3425733024691358
-0.2907921251024896,1.1265780880667917,-1.4173702131692814,0.3279570604026846
-0.8868363039706632,-0.16256155434635483,-0.7242747496243083,0.4707778461538461
-0.5139370636241509,-0.3387630829304897,-0.17517398069366125,0.4862467272727273
-0.2907921251024896,-0.43139776686647296,0.14060564176398338,0.4862467272727273
0.9078498790861113,0.39335602247998197,0.5144938566061292,0.3818871419753086
-0.8713594092493064,-0.5129761560554177,-0.35838325319388875,0.2308548911564625
-0.2271036342083948,0.4730736088257233,-0.7001772430341181,0.4142846265822784
-0.4319334704759106,0.05277994139005959,-0.48471341186597017,0.3279570604026846
2.1651726457947125,1.5446204848171272,0.6205521609775853,0.3547797567567567
-0.6029930287095163,-0.36521731750667996,-0.23777571120283636,0.3234683624161074
-0.2907921251024896,-0.537787907305227,0.24699578220273738,0.4077540532544379
-0.6750743236687025,-0.636526692214852,-0.03854763145385043,0.3330391923076923
2.1651726457947125,2.0499434318309264,0.11522921396378605,0.3989209285714286
-1.1663276085352818,-1.219863639200872,0.053536030665590095,0.3924679037433155
2.1651726457947125,2.041554619772478,0.1236180260222346,0.4142846265822784
-0.2443158752154028,-0.29110852571966894,0.04679265050426615,0.3571249225352113
-0.8219437766307571,-0.9946693359343881,0.17272555930363098,0.3425733024691358
-0.0173335572200244,0.4377755080439686,-0.455109065263993,0.3062974840764331
-0.8537705940751853,-0.7414085543120293,-0.11236203976315595,0.2853974074074074
0.5889178657585903,0.4748609898249141,0.1140568759336762,0.3427241592356688
-0.0510689709290844,-0.24554856341348041,0.194479592484396,0.2560125510204081
-0.0908557927483684,0.11650949978736183,-0.20736529253573022,0.3960697315436241
-0.8255315990396704,-0.7438139834294312,-0.08171761561023927,0.5642011216216216
-0.2160178751139864,1.4566216356392645,-1.672639510753251,0.4050421041666666
-0.1518224116224169,0.23931323709296837,-0.39113564871538525,0.3336369019607843
-0.7478776492359045,-0.3871397516252117,-0.3607378976106928,0.3581031125827814
-0.170663545912968,-0.4992921391939968,0.3286285932810288,0.3608544807692307
-0.2907921251024896,-0.19932724560873305,-0.09146487949375653,0.4151807791411043
-0.863083897848519,0.0038817331486383673,-0.8669656309971574,0.4581912866666666
-0.8550820739531145,-0.8210505587564667,-0.03403151519664782,0.3234683624161074
-0.3139104880416291,-0.18557933339418192,-0.12833115464744715,0.3989209285714286
-1.178149884227408,-0.6081886118689612,-0.5699612723584468,0.4509778670886076
2.1651726457947125,1.209164505652682,0.9560081401420304,0.4770338545454546
0.3560962976844609,0.8102704815111972,-0.4541741838267363,0.2853974074074074
-1.10268855016143,-1.1383255735558755,0.03563702339444541,0.3972289517241379
-1.2387527176439466,-0.6010632709842756,-0.637689446659671,0.4770338545454546
-1.062048377094578,-1.0554669459281447,-0.0065814311664333935,0.3859531132075471
-0.8033177304598195,-0.452973014696261,-0.35034471576355847,0.37639671875
-0.6810776990928421,-0.510744292741891,-0.17033340635095107,0.3794539181286549
-0.2907921251024896,-1.1351799304881716,0.8443878053856819,0.4142846265822784
0.5779203860679595,0.6588008242777064,-0.08088043820974689,0.4581912866666666
0.3461690635884118,0.04730360031727701,0.29886546327113483,0.3754729428571428
-0.5364046764107138,-0.7956113398902191,0.2592066634795054,0.3608544807692307
0.0017883085141371,0.36936978054899267,-0.3675814720348556,0.3818871419753086
-1.026397667852302,-1.02279971025026,-0.003597957602041957,0.3960697315436241
-0.4711367871900263,-0.37872164948943393,-0.09241513770059234,0.4095118375
-0.1421657392346406,0.02112350072530237,-0.16328923995994296,0.2730334219653179
-0.4341442409938583,-0.10681204050052535,-0.32733220049333295,0.3279570604026846
-0.7909140909325885,0.3606768752888512,-1.1515909662214396,0.4489242193548386
-0.6173566515758194,-0.13969179639175766,-0.47766485518406177,0.5528236513157895
-0.7418129768908215,-0.4064396728094133,-0.3353733040814082,0.4770338545454546
-0.0811862265465564,-0.3389218624208704,0.25773563587431403,0.4707778461538461
-0.4544270000426179,1.2884153153646958,-1.7428423154073136,0.4489242193548386
2.1651726457947125,2.3630902818900825,-0.19791763609537005,0.3859531132075471
0.0054568176903757,1.3949250079424198,-1.389468190252044,0.4862467272727273
-0.4658079980032438,0.3647496770152542,-0.830557675018498,0.3279570604026846
0.0722418262063148,1.0134548286254574,-0.9412130024191426,0.3385222580645161
2.1651726457947125,2.3241511391689005,-0.158978493374188,0.2853974074074074
0.0014299166611383,-0.05221825143205943,0.05364816809319773,0.3385222580645161
-0.2907921251024896,-0.3694799480570591,0.0786878229545695,0.4142846265822784
-0.8252571750505323,-0.48300189665808446,-0.34225527839244785,0.3425733024691358
0.9340110902257408,0.9487460507304601,-0.014734960504719341,0.3330391923076923
-0.320720476004251,-0.021899419181463153,-0.29882105682278787,0.4707778461538461
0.2186758821744767,0.12468005058998484,0.09399583158449186,0.3385222580645161
-0.2907921251024896,-0.9796255373390935,0.688833412236604,0.3993076298701298
0.3006153410178823,-0.07068543912604776,0.37130078014393003,0.3448446496815286
2.1651726457947125,2.254643180561887,-0.08947053476717448,0.4577306518518518
0.1269741239598144,-0.00830016807823976,0.13527429203805416,0.3960697315436241
-0.2907921251024896,-0.3762412749527303,0.08544914985024071,0.3448446496815286
-0.5141975249271872,0.42124474203044904,-0.9354422669576362,0.3924679037433155
0.0835270998988676,0.7750329499621621,-0.6915058500632945,0.4509778670886076
-0.4543074721758682,-0.5550990166047042,0.10079154442883598,0.4509778670886076
2.1651726457947125,2.272857372043982,-0.1076847262492695,0.3385222580645161
-0.650138642098434,-0.42595650304265353,-0.22418213905578044,0.3547797567567567
-1.0151234897490595,-1.0101391264576545,-0.004984363291405058,0.3841937837837837
2.1651726457947125,0.2938358674395977,1.8713367783551147,0.2308548911564625
-0.7969192245680808,-0.5124250439803534,-0.28449418058772746,0.3818871419753086
-0.2907921251024896,-0.4586909918329522,0.16789886673046261,0.3913449937106918
-0.4509770288518017,0.5129575829383429,-0.9639346117901446,0.3279570604026846
0.0835240477897503,-0.447878569732028,0.5314026175217783,0.4056208709677419
2.0547405429389247,1.0916118899116019,0.9631286530273229,0.3989209285714286
-0.9309650370058062,-0.9447392466055667,0.0137742095997605,0.4108178661971831
-0.4050485168690366,-0.05104547193156011,-0.3540030449374765,0.32182454
0.4775052005970169,1.7531393502582981,-1.2756341496612813,0.3989209285714286
-0.9276579716332148,-0.9625431336920529,0.03488516205883807,0.3385222580645161
0.328589975229328,-0.03953990328470448,0.36812987851403245,0.3608544807692307
-0.4929226006355589,-0.34630522632259453,-0.1466173743129644,0.3385222580645161
-5.660666643237015e-05,-0.4201339021511715,0.42007729548473915,0.3683428963414634
-0.7880101133007611,-0.781274842565667,-0.006735270735094057,0.3330391923076923
-0.799974567241227,0.0808592019784424,-0.8808337692196694,0.3062974840764331
2.1651726457947125,0.2606954176053731,1.9044772281893394,0.4509778670886076
-1.1427773838827426,0.5507951091000672,-1.6935724929828098,0.4050421041666666
0.3526824657000034,-0.04370451137651953,0.39638697707652293,0.4151807791411043
-0.6572613317930289,-0.2148379781055691,-0.44242335368745983,0.2308548911564625
-0.4282210816847035,-0.3999227587152143,-0.028298322969489198,0.4077540532544379
-0.2907921251024896,-0.4554174534975334,0.1646253283950438,0.4108178661971831
-0.5216179101505952,0.25574092792680825,-0.7773588380774035,0.3234683624161074
2.1651726457947125,1.2542804401999244,0.9108922055947881,0.4095118375
-0.5311703148210363,-0.4719101762292821,-0.05926013859175416,0.3818871419753086
-0.2907921251024896,-0.4116822668432636,0.120890141740774,0.3279570604026846
1.7118974981997996,1.0051980757856787,0.706699422414121,0.32182454
-0.7534958880274131,-0.3252377286010176,-0.4282581594263955,0.3425733024691358
-0.5842818511175427,-0.5319589091739891,-0.05232294194355358,0.4108178661971831
0.16128879541399,0.29688486274615716,-0.13559606733216717,0.3972289517241379
-1.1363180577442156,-1.0830725966824202,-0.053245461061795396,0.4077540532544379
-1.049299795753877,-0.007212750306813984,-1.042087045447063,0.4050421041666666
2.1651726457947125,2.166483076944507,-0.0013104311497946775,0.4707778461538461
0.121291419267504,1.4830383066830486,-1.3617468874155445,0.4862467272727273
-1.1514649632928071,0.4074676413108355,-1.5589326046036427,0.4142846265822784
-1.1152654391922348,-1.1721909426944086,0.056925503502173846,0.4489242193548386
-0.5149488029333834,-0.615832256407976,0.1008834534745926,0.4108178661971831
-0.2907921251024896,-0.5214784201214471,0.2306862950189575,0.3547797567567567
2.1651726457947125,2.5712656951827153,-0.40609304938800284,0.3999173558282208
0.0761166094674263,0.8394528140627533,-0.763336204595327,0.3330391923076923
2.1651726457947125,2.264219200158655,-0.09904655436394272,0.3801381595092024
2.1651726457947125,0.8455181323211733,1.3196545134735391,0.32182454
-0.5572032430888046,-0.4035713636387485,-0.15363187945005613,0.4581912866666666
-0.6242133723841814,-0.35007954982618655,-0.27413382255799484,0.2308548911564625
0.1935478919786413,-0.02907037804957986,0.22261827002822115,0.38214178
0.3450207392268063,0.9826672104459404,-0.6376464712191341,0.2560125510204081
-1.1223675673221296,0.09137564524886115,-1.2137432125709908,0.5642011216216216
0.0828797528638035,-0.05482931447068811,0.13770906733449162,0.4108178661971831
-1.237623647519046,-1.0312975303998968,-0.20632611711914928,0.3960697315436241
-0.2907921251024896,-0.36080436628757445,0.07001224118508487,0.3496421194968553
-0.4651794695345322,-0.3817027326513504,-0.0834767368831818,0.3972289517241379
-0.2692940593067547,0.38456485583535244,-0.6538589151421071,0.5263955251396648
-0.6942130679149139,0.005161763536215266,-0.6993748314511291,0.3999173558282208
0.3384903306396077,0.7247098001141716,-0.3862194694745639,0.3999173558282208
-0.8296162405537731,-0.5639031015225777,-0.2657131390311954,0.3425733024691358
-0.101587417254131,-0.3411317535141143,0.23954433625998328,0.3427241592356688
-1.1866323811191355,-1.165779088059224,-0.02085329305991146,0.3913449937106918
-1.1415695424029209,-1.1583322410309385,0.016762698628017603,0.3794539181286549
-0.0767422851532222,-0.24061885502024302,0.16387656986702082,0.3672524791666667
2.1651726457947125,1.65368267155633,0.5114899742383825,0.3547797567567567
0.1565385314502881,1.662468838952366,-1.505930307502078,0.3279570604026846
0.0987353210677213,0.2045911792073314,-0.10585585813961008,0.4509778670886076
0.632752008896875,0.09784285212535479,0.5349091567715202,0.4699289935064935
-1.1922988843573503,-0.2538137092663882,-0.9384851750909622,0.3683428963414634
-0.9563334933470916,-0.5019086620431229,-0.4544248313039687,0.4509778670886076
-0.9163922789400358,-0.9409499217991253,0.024557642859089457,0.1728005125
-0.9447775367176324,-0.80031598374691,-0.14446155297072238,0.4489242193548386
2.1651726457947125,0.38307758715437795,1.7820950586403346,0.4707778461538461
-0.2907921251024896,-0.31129688953459345,0.02050476443210386,0.4699289935064935
0.3981271383609392,0.6038195063377173,-0.2056923679767781,0.3989209285714286
0.1858213256182707,-0.13311739580610352,0.3189387214243742,0.3608544807692307
-1.174897610671075,-0.5690774197910741,-0.6058201908800008,0.3279570604026846
1.8848910952602929,1.5000727114815606,0.38481838377873223,0.4236190132450331
0.1408199084190948,-0.12277310424873387,0.2635930126678287,0.4077540532544379
-0.9167792635169788,-0.16560961841822217,-0.7511696450987566,0.3913449937106918
2.1651726457947125,2.3696197764599347,-0.20444713066522224,0.3794539181286549
0.8262920404526308,0.8876673575807178,-0.06137531712808697,0.4056208709677419
-0.1905035225293398,-0.4851436815661071,0.2946401590367673,0.3448446496815286
0.2780327480230015,0.7700122481096408,-0.49197950008663927,0.3234683624161074
-0.3595006932996439,-0.5079390094187218,0.14843831611907793,0.3336369019607843
0.1431262237391981,-0.0878954098396943,0.23102163357889238,0.3385222580645161
-0.7248333395600587,-0.4163772124948979,-0.3084561270651608,0.3581031125827814
-1.129749362143757,-0.8421962241316581,-0.28755313801209903,0.3999173558282208
2.1651726457947125,1.5500294957390222,0.6151431500556903,0.3581031125827814
0.4099762056206114,-0.43927908200225774,0.8492552876228692,0.3448446496815286
-0.6022188713739288,-0.5071684631171951,-0.09505040825673372,0.3427241592356688
2.1651726457947125,0.30574759366027027,1.8594250521344422,0.4707778461538461
0.5763261324797404,0.06068451311119576,0.5156416193685447,0.3924679037433155
-0.0519363760615495,-0.5193360375485665,0.467399661487017,0.3571249225352113
-1.1724902841675076,-1.1711778632322423,-0.0013124209352652905,0.4151807791411043
-0.5061453107261038,0.4024987866879809,-0.9086440974140847,0.451932013245033
-0.0912567334745749,-0.5920432756862545,0.5007865422116796,0.32182454
0.8480392493134252,0.14609616945140663,0.7019430798620185,0.4509778670886076
-0.2907921251024896,-1.2453282079496717,0.954536082847182,0.3913449937106918
0.5511657100589863,0.842194857721366,-0.29102914766237975,0.3801381595092024
-0.7159894667289481,-0.4359147895443132,-0.28007467718463497,0.4489242193548386
-0.4760616037462573,-0.31978729091242425,-0.15627431283383303,0.4770338545454546
-1.2701978738667234,0.4442524697991321,-1.7144503436658556,0.3672524791666667
1.0841856952873117,0.0601947321887197,1.023990963098592,0.3999173558282208
-1.1656611408923296,-1.2709168263524548,0.1052556854601252,0.3993076298701298
2.1651726457947125,-0.08305782411365505,2.2482304699083677,0.4077540532544379
-0.2632230284010107,-0.3994447246580749,0.1362216962570642,0.3425733024691358
-0.3770721363313983,0.47175782803623356,-0.8488299643676318,0.4151807791411043
-0.1039087106491819,-0.16628498846343054,0.062376277814248635,0.4077540532544379
0.0147709031110728,1.3294447283451687,-1.314673825234096,0.3978908843930636
-0.2858725415822568,-0.27050011213265174,-0.01537242944960504,0.4581912866666666
2.1651726457947125,0.2046024882516902,1.9605701575430223,0.3754729428571428
-0.3769275715825249,-0.8416828265127932,0.46475525493026837,0.4509778670886076
-0.2998747763466965,0.13542357260428478,-0.4352983489509813,0.3691574802631578
-0.2907921251024896,-0.05682589747332391,-0.2339662276291657,0.3062974840764331
-0.4968755276359033,-0.5836038129953918,0.08672828535948846,0.4151807791411043
-0.8537212290626522,-0.42224493860103207,-0.43147629046162017,0.5528236513157895
1.6368859689130626,0.35238006055732396,1.2845059083557386,0.3978908843930636
0.1198328217083092,1.0749115934862767,-0.9550787717779675,0.4103113666666667
-0.1990151033190618,-0.14158102429208852,-0.057434079026973284,0.3672524791666667
-0.48109179848995,-0.02705961934181022,-0.45403217914813976,0.5528236513157895
2.1651726457947125,-0.4235951810137073,2.5887678268084198,0.3571249225352113
2.0365029465870865,0.9633632962247811,1.0731396503623054,0.4236190132450331
-0.8619711101156541,-0.43819341959290176,-0.4237776905227523,0.32182454
-0.2907921251024896,-0.2182232440444361,-0.07256888105805348,0.2308548911564625
-0.1942501825759074,0.047489839301644896,-0.24174002187755228,0.3972289517241379
0.3243178496723202,0.07466687478887113,0.24965097488344906,0.4236190132450331
0.5094399499536436,-0.5283724895366086,1.0378124394902524,0.4707778461538461
-1.1328730837878211,-1.1509688053192513,0.01809572153143013,0.3993076298701298
-0.2496264103809384,-0.4235097388438636,0.1738833284629252,0.4270410310559006
1.5490436747804688,0.2422800062222907,1.306763668558178,0.345568697368421
-0.9815487012057348,-0.8182045329845019,-0.16334416822123288,0.32182454
-0.5578353038271022,0.4402025182586414,-0.9980378220857435,0.4707778461538461
-0.2907921251024896,-0.12393222496036126,-0.16685990014212831,0.3794539181286549
-0.4296012435258988,0.39891992633700013,-0.8285211698628989,0.3496421194968553
-1.126279492500941,-0.023676159442354683,-1.1026033330585863,0.4707778461538461
-0.4582884739052618,0.02959432904987417,-0.487882802955136,0.3999173558282208
-0.029105160967794,0.5843844356109404,-0.6134895965787345,0.3336369019607843
-0.2907921251024896,0.33309774110303364,-0.6238898662055232,0.5263955251396648
-0.8391982170872656,-0.3200985635951529,-0.5190996534921127,0.4862467272727273
-1.070568633258839,-0.07706931655361701,-0.9934993167052221,0.4050421041666666
-0.6388021259342223,-0.5189389738992135,-0.11986315203500875,0.4077540532544379
-0.917514369980066,-0.4086076948649239,-0.5089066751151421,0.4862467272727273
-1.139616437045624,-0.8799045409321034,-0.25971189611352075,0.3062974840764331
-0.2907921251024896,0.028543417826911083,-0.3193355429294007,0.2853974074074074
-0.318136745596381,-0.3494305678124478,0.0312938222160668,0.4151807791411043
-0.420658536080313,-0.009904054529343877,-0.4107544815509691,0.4103113666666667
-1.200792471410832,-1.2118654471057937,0.011072975694961684,0.4577306518518518
-1.12279627138619,-0.49405716529047344,-0.6287391060957166,0.4103113666666667
-0.8843393051225521,-0.9399733338744076,0.055634028751855524,0.3234683624161074
-1.1416799141404046,-1.013848564375701,-0.12783134976470367,0.3993076298701298
-0.5226434477345479,-0.4751842898578437,-0.04745915787670413,0.4151807791411043
2.1651726457947125,2.2440640331853747,-0.07889138739066226,0.2853974074074074
-1.1186134315098504,-1.1174808105659175,-0.0011326209439328494,0.3427241592356688
-1.241543728413579,-0.6661898818888319,-0.5753538465247472,0.4770338545454546
-0.8541865707174521,-0.5053007945409167,-0.3488857761765354,0.3924679037433155
-0.8773850701410036,-0.9705057448922646,0.09312067475126096,0.3691574802631578
-0.4219467650195113,-0.5195299349678694,0.09758316994835808,0.3336369019607843
1.858946280400233,-0.012700136657042848,1.871646417057276,0.4770338545454546
-1.1540545572444196,-1.1638459294105574,0.00979137216613779,0.4577306518518518
-0.3359713450893135,-0.25539107956556256,-0.08058026552375092,0.4095118375
-0.3037018196928344,0.3188662074462305,-0.6225680271390649,0.4103113666666667
-1.0749345675922817,-1.0560883942749277,-0.018846173317353943,0.345568697368421
-0.1636195019075348,0.2616355070008878,-0.4252550089084226,0.38214178
0.0198176784454683,0.12672105151195645,-0.10690337306648814,0.3279570604026846
-1.1561970905021757,-1.214617034933137,0.058419944430961435,0.3581031125827814
-0.2907921251024896,-0.6585397860489768,0.3677476609464872,0.5263955251396648
-0.815327244607825,0.05902021316870496,-0.87434745777653,0.3818871419753086
0.1435212630872362,-0.14899545741769488,0.29251672050493105,0.3972289517241379
-0.7620632589472257,-0.5289697900164375,-0.2330934689307882,0.3999173558282208
0.7423410673852752,0.7136163646481142,0.02872470273716099,0.3989209285714286
2.1651726457947125,-0.09812494318097592,2.2632975889756883,0.38214178
-0.4219644327061926,-0.4937375723535969,0.07177313964740428,0.3972289517241379
1.8080166598299496,1.1805585019485636,0.627458157881386,0.4236190132450331
-0.4613568324134205,-0.20739001519982941,-0.2539668172135911,0.4142846265822784
2.1651726457947125,0.1882344911165829,1.9769381546781295,0.4142846265822784
2.1651726457947125,2.6290781020935587,-0.4639054562988463,0.4095118375
-0.3369082974247012,0.1184313959772156,-0.45533969340191677,0.451932013245033
2.1651726457947125,0.5264191924698847,1.6387534533248278,0.3581031125827814
0.3876125329171366,-0.07963405416310582,0.4672465870802424,0.4770338545454546
-0.9188112488199436,-0.5651198801067313,-0.3536913687132123,0.3571249225352113
-1.0639098090425405,-1.33199685336581,0.26808704432326946,0.5263955251396648
-0.2907921251024896,-0.36531051042263984,0.07451838532015026,0.2560125510204081
-0.6383301032347504,0.33306016400443256,-0.971390267239183,0.3754729428571428
-0.614166665489291,-0.5294457853083652,-0.08472088018092583,0.3336369019607843
-0.522809567409804,-0.889042484509522,0.36623291709971795,0.3571249225352113
-0.2907921251024896,0.36544699389386526,-0.6562391189963548,0.2560125510204081
-0.9946793329991572,-0.9162189119849297,-0.07846042101422757,0.3989209285714286
-0.5707455633587246,-0.055808602154317516,-0.5149369612044071,0.4236190132450331
-0.0690631251309982,0.09592726645541857,-0.16499039158641676,0.3960697315436241
-0.2907921251024896,-1.1703304714692149,0.8795383463667252,0.4581912866666666
-0.8797890113547988,-1.2118755748606655,0.33208656350586674,0.3672524791666667
-0.2907921251024896,-0.0023893993652022247,-0.28840272573728737,0.3547797567567567
-0.4063052152707966,-0.3252902616564592,-0.08101495361433741,0.3571249225352113
0.0294098516539946,-0.10032691236233286,0.12973676401632747,0.3581031125827814
-0.1285100547420062,-0.0022273063760133785,-0.12628274836599282,0.4270410310559006
-0.7134396046695106,-0.5606471537961151,-0.15279245087339555,0.3062974840764331
-0.8671635689886621,-1.0509163518407276,0.18375278285206553,0.4862467272727273
0.5013364318742406,-0.38051588725861624,0.8818523191328569,0.3794539181286549
-0.2907921251024896,-0.3560961437213122,0.06530401861882262,0.3691574802631578
-0.7172425258946813,-0.503624999954206,-0.21361752594047534,0.3683428963414634
-1.1855822055982668,-1.1432147077296066,-0.04236749786866012,0.4509778670886076
2.1651726457947125,2.1274281226466947,0.037744523148017795,0.4108178661971831
-0.8842560523491583,-0.5159302617430908,-0.3683257906060675,0.37639671875
0.8123585074600574,0.5322894594752101,0.28006904798484733,0.3608544807692307
-0.2040807534762344,-0.6292800625159276,0.4251993090396932,0.4770338545454546
0.061322040995865,0.24318901655205014,-0.18186697555618514,0.5263955251396648
-0.4989978777128396,0.16124997001013647,-0.6602478477229761,0.4581912866666666
0.8534513764505824,0.06053362864962066,0.7929177478009618,0.4095118375
-0.2907921251024896,0.08543950396795008,-0.37623162907043967,0.3336369019607843
0.7561945007374327,0.4124449992191066,0.34374950151832606,0.4770338545454546
-0.0848944967336121,-0.38575089415000646,0.30085639741639436,0.4770338545454546
-0.9128996412129268,-0.9377268662062843,0.024827224993357544,0.3336369019607843
-0.2907921251024896,-0.3461229117579849,0.05533078665549529,0.5642011216216216
0.5123980506237696,0.3954326958749988,0.11696535474877084,0.3691574802631578
0.6895181336777506,-0.12207743673062126,0.8115955704083718,0.4151807791411043
-0.7538879537083906,0.11571498776239156,-0.8696029414707821,0.3683428963414634
-0.326346586337303,-0.13791496980345613,-0.18843161653384688,0.3978908843930636
2.1651726457947125,1.0459366690647012,1.1192359767300113,0.32182454
1.824315907399672,-0.20574147952855698,2.030057386928229,0.3691574802631578
0.0311164465488143,-0.1256588844428272,0.15677533099164148,0.3336369019607843
-0.9572524816591392,-1.0003627169830125,0.04311023532387326,0.3972289517241379
2.1651726457947125,1.8054802060905246,0.35969243970418785,0.3924679037433155
-0.2642023600479884,0.21380401758156667,-0.4780063776295551,0.4151807791411043
0.207659906005333,-0.09689129522732125,0.3045512012326542,0.3683428963414634
-0.2986693929160723,-0.24280427877043978,-0.05586511414563253,0.3425733024691358
2.1651726457947125,1.561622525661352,0.6035501201333604,0.2730334219653179
0.2668855656287803,0.004898193658760236,0.2619873719700201,0.2308548911564625
-0.3782201493018088,-0.19936042690233666,-0.17885972239947215,0.345568697368421
-0.0446634741861669,-0.06684722658408021,0.022183752397913307,0.3993076298701298
0.5125612338721335,0.3880469946984991,0.12451423917363436,0.3913449937106918
2.1651726457947125,2.215692459794392,-0.05051981399967964,0.3672524791666667
-0.704702571900556,-0.42625645839784826,-0.2784461135027077,0.3672524791666667
2.1651726457947125,2.379739234479553,-0.21456658868484046,0.4581912866666666
-0.7520592898995888,-0.45822331783252296,-0.29383597206706585,0.4509778670886076
-0.5554293548135919,-0.4074098885057297,-0.14801946630786222,0.3581031125827814
-1.12386226181613,-1.119690355209994,-0.004171906606136089,0.3062974840764331
2.1651726457947125,1.9677959887073466,0.19737665708736585,0.3581031125827814
2.1651726457947125,2.2021489246996353,-0.03697627890492283,0.3989209285714286
-0.2907921251024896,-0.24010899239899752,-0.05068313270349206,0.2560125510204081
2.1651726457947125,2.253718063443416,-0.0885454176487035,0.3448446496815286
-0.7179336966844614,0.54890092681583,-1.2668346235002914,0.3754729428571428
-0.5730394444243168,-0.4995753875692711,-0.07346405685504565,0.345568697368421
-0.8721191055144112,-0.6210401196660831,-0.2510789858483281,0.451932013245033
0.0036083955952287,0.892680012269702,-0.8890716166744732,0.4108178661971831
-0.8703521625305971,-0.9229013321557015,0.052549169625104364,0.4505385
2.1651726457947125,2.337884037301809,-0.17271139150709658,0.4103113666666667
-0.4815009906866517,-0.567071559083839,0.0855705683971873,0.4699289935064935
2.1651726457947125,1.210818720919626,0.9543539248750865,0.4056208709677419
2.1651726457947125,2.1954102935347244,-0.03023764774001192,0.3427241592356688
-0.4996083316262221,-0.4040147596339696,-0.09559357199225249,0.4108178661971831
2.1651726457947125,1.613009879095803,0.5521627666989095,0.3989209285714286
-0.881964148181865,-0.6983085691644251,-0.1836555790174399,0.4862467272727273
-0.2907921251024896,-0.5358881385518867,0.24509601344939708,0.3818871419753086
-0.2907921251024896,-0.27590530923404694,-0.014886815868442649,0.4770338545454546
-0.2907921251024896,-1.0018673751383553,0.7110752500358657,0.4142846265822784
0.2681944240365604,0.04672687599546668,0.22146754804109373,0.32182454
-0.3894276678998643,-0.4790616048878285,0.08963393698796418,0.4108178661971831
-0.2907921251024896,-0.14389693496333733,-0.14689519013915225,0.2730334219653179
0.0062824092448719,1.7977833429071919,-1.79150093366232,0.3972289517241379
0.1882072861695015,-0.3480170102665463,0.5362242964360477,0.4077540532544379
0.1989613145982507,0.3047521401355062,-0.10579082553725552,0.3672524791666667
-0.8757695734137689,-0.6169352991236391,-0.25883427429012984,0.3818871419753086
-1.185696017614197,-1.3860288080233043,0.20033279040910723,0.3608544807692307
-0.5734917587551158,0.04288473071137611,-0.6163764894664919,0.3841937837837837
0.1996881527535326,-0.2854521038971894,0.485140256650722,0.4699289935064935
1.821438144469336,0.4577780601198722,1.3636600843494637,0.3913449937106918
-0.9100933275073037,-0.41482183697654856,-0.4952714905307551,0.4151807791411043
2.1651726457947125,1.5939309182904484,0.571241727504264,0.4135580243902439
-0.2907921251024896,0.27423394630229153,-0.5650260714047811,0.3672524791666667
0.0862562186972071,-0.1966366680966282,0.2828928867938353,0.4505385
0.9137664377735106,0.3327121099502474,0.5810543278232632,0.2308548911564625
2.1651726457947125,1.8606396803787104,0.30453296541600205,0.3427241592356688
-0.7312037013926476,0.5836942899120703,-1.3148979913047179,0.3794539181286549
-0.3460893851305196,-0.06599975730791521,-0.2800896278226044,0.4505385
-0.5100641348441893,0.098977831053505,-0.6090419658976943,0.4050421041666666
2.1651726457947125,-0.1281909914442628,2.293363637238975,0.4770338545454546
-0.7027975213753582,-0.4015676573312002,-0.301229864044158,0.3496421194968553
2.1651726457947125,1.0588794500882175,1.106293195706495,0.5642011216216216
-0.4197634769534669,-0.49397628165731094,0.07421280470384406,0.4135580243902439
1.615047351682004,0.023586571561536568,1.5914607801204674,0.4151807791411043
-1.2067394073789668,-0.7357395590340047,-0.4709998483449621,0.4056208709677419
-0.6198954374583748,-0.7733141075423092,0.1534186700839344,0.4056208709677419
-0.2907921251024896,-0.32221320122709635,0.03142107612460676,0.4577306518518518
-0.6251034203313515,-0.5056365497450852,-0.11946687058626626,0.3972289517241379
0.1616093227315539,-0.4548745711459611,0.616483893877515,0.4056208709677419
2.1651726457947125,1.9209524635017468,0.24422018229296572,0.4142846265822784
-0.6920054338907201,-0.4770028847326921,-0.21500254915802802,0.3385222580645161
-0.0134637677070208,-0.4119780049878665,0.39851423728084573,0.4270410310559006
-1.0932558834081347,-1.093521495959077,0.00026561255094237346,0.3859531132075471
-0.9942128824589188,-0.966257478584301,-0.027955403874617812,0.3279570604026846
0.7799486999340658,0.6439926180239963,0.13595608191006947,0.3427241592356688
-1.2913418853065666,0.9977267378688252,-2.2890686231753916,0.4056208709677419
0.6447071472488437,0.389709230662938,0.2549979165859057,0.3913449937106918
0.0020141752854579,0.4101661195555394,-0.4081519442700815,0.4095118375
-0.2497211113367259,0.6144510129455101,-0.864172124282236,0.5642011216216216
-0.3042199801876964,0.16747855671215345,-0.47169853689984986,0.3841937837837837
1.2272806052209997,1.3917815337503028,-0.1645009285293031,0.2853974074074074
-0.5285190790807511,-0.6310431231297671,0.10252404404901594,0.3924679037433155
2.1651726457947125,1.746143512184287,0.4190291336104255,0.38214178
-0.1789267106132572,-0.4668905980406775,0.2879638874274203,0.3448446496815286
-0.8637276591307766,-0.44618649665212196,-0.4175411624786547,0.3672524791666667
0.4290782572081751,-0.21101785275469484,0.6400961099628699,0.3960697315436241
-0.7815294928377957,-0.7420036048138436,-0.03952588802395207,0.4581912866666666
-0.2907921251024896,-0.4711421024730888,0.1803499773705992,0.4135580243902439
-0.9917931983601228,-0.5162674514362765,-0.4755257469238463,0.4095118375
-0.1098270501297386,1.9327002991088944,-2.042527349238633,0.4577306518518518
0.1148734260710709,0.286317272854813,-0.1714438467837421,0.3794539181286549
0.4787989383079281,-0.5400635030237507,1.0188624413316787,0.3978908843930636
0.1530933254163337,-0.041292785676683305,0.194386111093017,0.3859531132075471
-0.2907921251024896,-0.605464764893127,0.31467263979063737,0.3691574802631578
-0.6701632764666356,2.3443911287411634,-3.0145544052077993,0.37639671875
0.6218304547784285,0.8806340266627756,-0.2588035718843471,0.4577306518518518
0.5889472050686754,-0.38434678629792474,0.9732939913666001,0.3330391923076923
0.2580029844158668,0.34429230211055317,-0.0862893176946864,0.3960697315436241
-1.0310002828284637,-0.6196861849058672,-0.41131409792259643,0.4699289935064935
-0.5936709639884908,-0.5744584445189906,-0.0192125194695002,0.3913449937106918
-0.4107417383433598,-0.22717405978933605,-0.18356767855402376,0.37639671875
0.2267892332430141,0.04826877093214095,0.17852046231087315,0.4505385
-0.6677253068509184,-0.4117377606298586,-0.25598754622105974,0.32182454
-0.2907921251024896,0.2335770835803333,-0.5243692086828229,0.3841937837837837
1.2114620897960808,1.0660856732925938,0.14537641650348698,0.3978908843930636
-0.4827539230773435,-0.15717946896487345,-0.32557445411247005,0.3496421194968553
-0.2678975422967266,-0.06136101449797088,-0.2065365277987557,0.2308548911564625
0.1997896603405176,-0.8121288717499436,1.0119185320904611,0.4707778461538461
-0.826270402777983,0.4791664064685833,-1.3054368092465662,0.3234683624161074
0.3685284940820696,0.4109865136601243,-0.04245801957805467,0.3427241592356688
-0.2331666192569137,-0.1286553523930294,-0.10451126686388432,0.4862467272727273
-0.2907921251024896,-0.4229055989235514,0.1321134738210618,0.345568697368421
0.0279409437184008,0.5399283279153899,-0.5119873841969891,0.3859531132075471
-0.5140733812604213,0.07304170565042459,-0.5871150869108459,0.2560125510204081
-1.182915863225219,-0.9924424504823705,-0.19047341274284857,0.4509778670886076
0.5711810415161945,0.9379798897031366,-0.3667988481869421,0.451932013245033
-0.4149993834174564,-0.32118145921638447,-0.09381792420107193,0.3972289517241379
0.0245151271346562,0.2046305997602276,-0.1801154726255714,0.5263955251396648
1.3070803747273785,-0.30123937996709554,1.608319754694474,0.38214178
0.1894952163950088,0.7058289695150443,-0.5163337531200355,0.3547797567567567
2.1651726457947125,1.1466136335304302,1.0185590122642822,0.1728005125
-0.6684728826297391,-1.0734320093604826,0.4049591267307434,0.4489242193548386
-0.9913983223141848,-1.0690991282736508,0.07770080595946605,0.3496421194968553
-0.2183362653605935,0.04164415270945451,-0.259980418070048,0.3385222580645161
-1.2152821516923826,0.6890731815573838,-1.9043553332497665,0.4699289935064935
-0.2907921251024896,-0.6677064115578968,0.3769142864554072,0.4770338545454546
0.447725731926626,0.35085870274544034,0.09686702918118567,0.4489242193548386
0.356054884240216,0.7192568676874407,-0.3632019834472247,0.4707778461538461
-0.2423230583291719,-0.65253192770825,0.4102088693790781,0.3608544807692307
-0.3191817213596999,0.160619689950402,-0.4798014113101019,0.4056208709677419
-0.5242854265793764,-0.2209645304219306,-0.3033208961574458,0.3279570604026846
2.1651726457947125,2.0507073975722805,0.11446524822243198,0.3924679037433155
1.6728366647468498,0.7854064302152026,0.8874302345316472,0.4142846265822784
-0.8629083932546651,-0.7859430572305418,-0.07696533602412325,0.4103113666666667
-0.2907921251024896,-0.6381384059759005,0.34734628087341096,0.4862467272727273
-1.1718239331575933,-1.0899186110423322,-0.08190532211526103,0.3427241592356688
-1.1520983507319114,-0.8099576467280558,-0.34214070400385554,0.3818871419753086
-0.1448296524790472,-0.19173775144908456,0.046908098970037365,0.3859531132075471
1.2058045812470402,0.6367577795557878,0.5690468016912523,0.3672524791666667
-1.075248065035724,-1.0198173562983408,-0.055430708737383094,0.3425733024691358
1.105015601151763,1.6578304102056018,-0.552814809053839,0.3234683624161074
2.1651726457947125,1.1976905545582848,0.9674820912364277,0.3062974840764331
-1.1581886392022052,-1.1710027322913645,0.012814093089159373,0.3754729428571428
-1.061854824885091,-1.229304585303866,0.16744976041877502,0.4135580243902439
-0.5542101128901029,-0.1852597883202585,-0.36895032456984445,0.3279570604026846
0.2933461298808872,-0.21017025694704514,0.5035163868279323,0.3581031125827814
-0.9524236892731884,-0.8786762998848476,-0.0737473893883408,0.3385222580645161
2.1651726457947125,1.9831679088477239,0.1820047369469886,0.4489242193548386
-1.1513780792068269,-1.2648822892470692,0.11350421004024236,0.37639671875
-0.7620770750496861,-0.8646443631847572,0.1025672881350711,0.3818871419753086
-0.4011311593797091,0.05359133275459911,-0.4547224921343082,0.4509778670886076
1.672024703093972,0.9172416806755346,0.7547830224184375,0.4581912866666666
-0.2907921251024896,-0.5369456171067902,0.24615349200430064,0.3448446496815286
0.1561195708404888,-0.6758573738436175,0.8319769446841063,0.4151807791411043
-1.169293186793511,-1.0817734738454052,-0.08751971294810579,0.3425733024691358
0.0835147650835294,-0.2726670376794709,0.3561818027630003,0.4489242193548386
0.3112758558183395,0.6736455496702666,-0.3623696938519271,0.3794539181286549
-1.1570729250259826,-1.2340487911522977,0.07697586612631513,0.4862467272727273
-0.2907921251024896,-0.45063806258122213,0.15984593747873255,0.4707778461538461
0.8748656855421345,0.2674414867568552,0.6074241987852793,0.4699289935064935
-0.6924046825662985,-0.28795558349684414,-0.40444909906945437,0.5642011216216216
-0.6090163842763233,0.04792392209772135,-0.6569403063740447,0.5528236513157895
0.2284413548834838,-0.17901950763744828,0.40746086252093205,0.4135580243902439
-0.8785867172734602,-0.42112193860289276,-0.4574647786705674,0.3841937837837837
1.3358386704407827,1.0297883365939968,0.3060503338467859,0.38214178
-0.2907921251024896,-0.3698007630150133,0.07900863791252372,0.4077540532544379
-0.1332536590543243,-0.04584410500536872,-0.08740955404895556,0.1728005125
-0.7739878567955935,-0.2908572855836048,-0.48313057121198866,0.3279570604026846
-0.7979419691394067,0.08152367208752534,-0.879465641226932,0.37639671875
0.286098938776207,-0.09533601154705511,0.38143495032326213,0.4699289935064935
2.1651726457947125,1.0102415473935904,1.154931098401122,0.4770338545454546
-0.5626034747653758,-0.31493783574128237,-0.2476656390240934,0.3425733024691358
-0.8239498426973111,-0.21674693095835174,-0.6072029117389593,0.4050421041666666
-0.911159779358776,-0.18345346395546241,-0.7277063154033137,0.3841937837837837
-0.5980408786620555,-0.5902797342883295,-0.007761144373725992,0.4577306518518518
-0.9155573935865025,-1.1391092355741674,0.22355184198766498,0.4577306518518518
-0.8240367418378278,0.0645753564435536,-0.8886120982813814,0.3683428963414634
-0.4371678166148801,-0.22997867368312153,-0.20718914293175855,0.3999173558282208
-0.7700629256860695,-0.054851777560133964,-0.7152111481259356,0.3999173558282208
-1.106143897881744,0.44703152743383917,-1.5531754253155832,0.4142846265822784
0.5805133029122538,1.100212361538157,-0.5196990586259032,0.3581031125827814
-0.2907921251024896,-0.5829795717620581,0.2921874466595685,0.1728005125
-0.5460952488406831,-0.3460919829662938,-0.20000326587438927,0.4142846265822784
2.1651726457947125,-0.13054468522709536,2.295717331021808,0.4050421041666666
-0.8425316431903487,-0.5923796131522271,-0.2501520300381216,0.4577306518518518
0.0492908027560311,0.6607344881375756,-0.6114436853815445,0.3794539181286549
1.6043979562411774,0.47939739144625343,1.125000564794924,0.4699289935064935
-0.125906807316541,-0.003372128450592874,-0.12253467886594813,0.4050421041666666
-0.5707111324460467,-0.04651517140367672,-0.52419596104237,0.2560125510204081
-0.5298979929801345,-0.10844505211137953,-0.42145294086875495,0.3999173558282208
-0.2907921251024896,-0.2875237736840583,-0.0032683514184312923,0.4135580243902439
2.113756487327475,2.4592174525673625,-0.3454609652398877,0.37639671875
-0.1968822356677687,-0.3078276066001476,0.11094537093237888,0.4489242193548386
-0.959489905044814,-1.0614434110620528,0.10195350601723874,0.4577306518518518
-0.0186866581363284,-0.1264364832476958,0.1077498251113674,0.3234683624161074
-0.5603102117281095,-0.357540302978957,-0.20276990874915246,0.3234683624161074
0.0020793226021062,0.4014846239058233,-0.3994053013037171,0.4509778670886076
2.1651726457947125,2.3638808295203364,-0.19870818372562393,0.3924679037433155
-1.152681683977664,-1.0578139462129537,-0.09486773776471025,0.4236190132450331
-0.5388841561366449,-0.09758342035068321,-0.44130073578596163,0.4103113666666667
1.1737283604525457,0.4841048311524303,0.6896235293001154,0.4095118375
1.1313707479953792,0.035426857499641626,1.0959438904957375,0.4236190132450331
-1.1426031521895368,-1.0569499557249529,-0.08565319646458391,0.3972289517241379
-0.7961268805604872,-0.2946817883461581,-0.5014450922143291,0.4270410310559006
-0.7918876860089513,-0.5407114078454122,-0.25117627816353916,0.3913449937106918
-1.1799185092386986,-1.1696852223838363,-0.010233286854862245,0.3425733024691358
-1.0385428063355715,-1.123289938305902,0.08474713197033057,0.4581912866666666
-0.7054656281004249,-0.34187697899539155,-0.36358864910503336,0.3234683624161074
-0.8567379009903356,-0.8559166083665705,-0.0008212926237651796,0.3993076298701298
-0.8643963602330174,-0.9318777013298385,0.06748134109682113,0.38214178
-1.1427773838827426,-1.0677506394629073,-0.07502674441983537,0.5642011216216216
0.1098264443310612,-0.3463733714464888,0.45619981577755,0.3859531132075471
1.4463628576848366,1.690647318949254,-0.24428446126441727,0.4862467272727273
0.8536824699191492,0.6067595456596925,0.24692292425945672,0.3993076298701298
-0.8338938942949214,0.3147831612126141,-1.1486770555075356,0.3818871419753086
-0.2907921251024896,0.23684089651150225,-0.5276330216139918,0.2730334219653179
-0.4096649749269722,-0.33919918560683,-0.07046578932014219,0.3425733024691358
-0.2907921251024896,0.054794480088014866,-0.34558660519050444,0.5528236513157895
-0.7177255641567186,-0.09499913342572035,-0.6227264307309983,0.3794539181286549
-1.001584121752912,-0.7924954585679798,-0.20908866318493224,0.38214178
-1.1347886007811872,-1.0907969516672262,-0.04399164911396092,0.32182454
-0.0307946004263333,-0.567499895537904,0.5367052951115707,0.4077540532544379
-0.665747578175452,-0.42516105090872597,-0.24058652726672608,0.5263955251396648
-1.1464460380579349,-0.6708227599067058,-0.47562327815122907,0.3547797567567567
-0.8792532889511804,-0.8317878864593313,-0.04746540249184905,0.3999173558282208
-0.5980408786620555,0.37867077224649626,-0.9767116509085517,0.3972289517241379
-0.2528710424528105,-0.18185807252270608,-0.07101296993010442,0.3385222580645161
0.1379109251539994,0.3447363401866509,-0.2068254150326515,0.3989209285714286
2.1651726457947125,2.430462298683313,-0.2652896528886006,0.5263955251396648
2.1651726457947125,2.15110752717856,0.01406511861615245,0.4135580243902439
0.1216715950343036,0.6530080081212402,-0.5313364130869366,0.4103113666666667
0.4320846250982117,-0.610644999324044,1.0427296244222557,0.4135580243902439
2.1651726457947125,0.6696616318300965,1.495511013964616,0.2730334219653179
0.4741460760045634,1.2505800399206974,-0.7764339639161341,0.3279570604026846
1.042583339195604,0.4768663137505003,0.5657170254451038,0.4770338545454546
-0.8360089805581683,-1.0350109892831705,0.19900200872500218,0.2853974074074074
0.3662045942714055,0.6673233424932397,-0.30111874822183415,0.3993076298701298
0.6547637021874045,1.1438906411965917,-0.48912693900918713,0.5263955251396648
-1.1280062093680057,-0.4885641730096656,-0.6394420363583401,0.5642011216216216
2.1651726457947125,0.34053339426501816,1.8246392515296943,0.4135580243902439
2.1651726457947125,1.3877716720367692,0.7774009737579433,0.3801381595092024
0.2431873364243275,0.5941457030618572,-0.3509583666375297,0.3571249225352113
0.661220133576334,0.30455860590476524,0.3566615276715688,0.4270410310559006
0.0519790805786713,-0.1496828580753782,0.20166193865404952,0.38214178
-0.3658103437535108,-0.7225978249131161,0.3567874811596053,0.3683428963414634
-0.381451416511133,-0.3038909835257578,-0.07756043298537524,0.2730334219653179
-0.2830153225473496,1.2843802291506523,-1.5673955516980018,0.3989209285714286
1.8577962814195677,2.1703965613224554,-0.31260027990288775,0.3691574802631578
-0.2907921251024896,0.08682440485681245,-0.37761652995930206,0.3279570604026846
-1.0965857221737234,-0.5391262625085358,-0.5574594596651876,0.2853974074074074
1.0635266687085698,0.40371413879687257,0.6598125299116973,0.3794539181286549
-0.0413856397310006,-0.49158603041712606,0.45020039068612544,0.3691574802631578
-0.520528964841263,-0.366402040024397,-0.15412692481686596,0.3062974840764331
-1.173961974815256,-1.0439771730999516,-0.12998480171530447,0.3581031125827814
-0.2907921251024896,-0.13889216016779654,-0.15189996493469304,0.451932013245033
0.1715240120411031,1.2091132953758603,-1.0375892833347573,0.2730334219653179
-0.858598878964799,-0.8757014602381279,0.017102581273328865,0.3859531132075471
-0.556625028860747,-0.45801749634721006,-0.09860753251353699,0.3385222580645161
-0.229754768528647,-0.18096398804152283,-0.04879078048712418,0.3672524791666667
2.1651726457947125,1.707108646581238,0.4580639992134745,0.3794539181286549
0.3559302449622737,0.8546451752795645,-0.4987149303172908,0.345568697368421
0.1554440480525147,-0.568368928754329,0.7238129768068436,0.3691574802631578
2.1651726457947125,2.1487873220189586,0.016385323775753857,0.3978908843930636
-0.1205649187024529,-0.5925983058194771,0.47203338711702425,0.4077540532544379
-0.6017031659569744,-0.6620402041725164,0.06033703821554204,0.5642011216216216
-0.763112547042806,-0.41353837293906565,-0.3495741741037403,0.4142846265822784
-0.7629516976437163,0.23785441836972257,-1.000806116013439,0.4108178661971831
2.1651726457947125,1.9161992050745358,0.2489734407201767,0.4707778461538461
-1.182178793333681,-0.7707629001108862,-0.4114158932227947,0.4509778670886076
2.1651726457947125,1.464028750870086,0.7011438949246265,0.345568697368421
-0.3830441365175253,-0.039387024268336845,-0.34365711224918843,0.5528236513157895
-0.2907921251024896,-0.25847141009038616,-0.03232071501210343,0.2730334219653179
-0.2907921251024896,-0.35237287596183753,0.061580750859347944,0.345568697368421
-0.2036696568807106,-0.28280802779469133,0.07913837091398074,0.4581912866666666
1.312797736942753,1.2049169346863333,0.10788080225641972,0.4236190132450331
-1.0014463751242235,1.3693084039515457,-2.370754779075769,0.37639671875
-0.2936103425883109,0.07561968664226015,-0.3692300292305711,0.3672524791666667
-1.1856975906943723,-0.7634200505569954,-0.42227754013737695,0.2308548911564625
-0.975711713665298,-0.47237959029959264,-0.5033321233657053,0.3234683624161074
0.1826734815363022,0.15748533320693017,0.025188148329372023,0.4505385
-1.0937277626933413,-1.1638048126493121,0.07007704995597086,0.4505385
-1.178149884227408,-1.134791922186267,-0.04335796204114106,0.3234683624161074
0.0348510451387262,0.7264713506545613,-0.6916203055158351,0.5642011216216216
-1.0932558834081347,-0.4094753288569066,-0.6837805545512281,0.2308548911564625
-0.612708793717207,-0.6433916657531433,0.030682872035936337,0.4862467272727273
2.1651726457947125,0.9803171787552603,1.1848554670394522,0.4577306518518518
2.1651726457947125,2.358885439213376,-0.19371279341866332,0.3330391923076923
-0.8617740601035456,-0.4953275662905918,-0.3664464938129538,0.4699289935064935
-0.7427489146297074,0.2060322285002505,-0.9487811431299579,0.5263955251396648
-0.7121618204090204,-0.6969744480659201,-0.015187372343100303,0.3571249225352113
-0.8392448691139167,-0.9366403683180873,0.09739549920417057,0.3972289517241379
2.1651726457947125,0.4317499304348099,1.7334227153599024,0.2853974074074074
0.3088633608548104,1.98407130062222,-1.6752079397674096,0.3818871419753086
-1.124629970144988,-1.0208717675073347,-0.10375820263765334,0.3547797567567567
-0.7868841381904059,-0.5838507313412997,-0.2030334068491062,0.4770338545454546
2.0133724073014103,-0.10953926017641691,2.122911667477827,0.4151807791411043
-0.6878705771789642,-0.2918290703510368,-0.3960415068279274,0.3818871419753086
-0.9131406730523808,-0.9623378802569563,0.049197207204575544,0.32182454
-1.078640542358747,-1.21391621493756,0.1352756725788129,0.3571249225352113
-1.2081418463681075,-1.0943623706305403,-0.11377947573756719,0.3448446496815286
0.2183946697780537,0.3244235624111763,-0.10602889263312262,0.4862467272727273
-1.085490380074715,-1.0988420655419355,0.013351685467220431,0.3794539181286549
-0.4739172700848302,0.2863282724925239,-0.7602455425773541,0.3960697315436241
-0.851164610685862,-1.1618241802546063,0.3106595695687443,0.3608544807692307
-0.2907921251024896,-0.2614960769194493,-0.02929604818304027,0.3425733024691358
2.1651726457947125,1.5736046860754613,0.5915679597192511,0.3989209285714286
-0.1416489657379639,0.016439274112007102,-0.158088239849971,0.4151807791411043
-0.6747110600885731,-0.5296390150315874,-0.14507204505698568,0.3385222580645161
-1.1676112361743594,-0.9675626300470868,-0.2000486061272726,0.3427241592356688
-0.3609162974806429,-0.5088021185280247,0.1478858210473818,0.3330391923076923
1.492321007691378,2.016278329711623,-0.5239573220202451,0.4505385
0.293232480810502,0.40932452303281835,-0.11609204222231634,0.4770338545454546
-0.8769699278369769,-0.26014081249279253,-0.6168291153441844,0.4577306518518518
-1.1711913595746368,0.15959644557001507,-1.3307878051446518,0.2730334219653179
2.1651726457947125,1.3851236572859544,0.780048988508758,0.4581912866666666
-1.0617865555349666,-0.7349907451384218,-0.3267958103965448,0.3279570604026846
-0.7871229712752388,-0.23100024914838174,-0.556122722126857,0.4135580243902439
0.3210793689631512,0.7297370915693155,-0.40865772260616434,0.3978908843930636
1.8527462606441167,0.9320251678654117,0.9207210927787051,0.4135580243902439
-1.1148421784918892,0.3545144373399045,-1.4693566158317937,0.4108178661971831
0.3096695562241728,0.08318018028502121,0.22648937593915158,0.4505385
-0.879462979623414,-0.772821656621456,-0.10664132300195805,0.4095118375
-0.623047301101494,-0.0583864384059826,-0.5646608626955114,0.3672524791666667
-1.2705186474131112,-0.23558186849582202,-1.0349367789172892,0.5528236513157895
1.6581590656632377,0.7990191454123008,0.8591399202509369,0.37639671875
-0.3117746566275755,-0.1680894401352523,-0.1436852164923232,0.3989209285714286
2.1651726457947125,1.351124002152899,0.8140486436418135,0.4489242193548386
2.1651726457947125,0.381971823354297,1.7832008224404154,0.345568697368421
2.1651726457947125,2.256496969400614,-0.09132432360590137,0.4050421041666666
0.0079318903989364,0.5869910917016856,-0.5790592013027492,0.4862467272727273
0.3461690635884118,1.6003702297465345,-1.2542011661581227,0.3960697315436241
0.6116252355030987,-0.3051897596085091,0.9168149951116078,0.4077540532544379
-0.590633174904489,-0.051519424986661566,-0.5391137499178273,0.4505385
-0.2907921251024896,1.0956741346295464,-1.386466259732036,0.1728005125
0.7962091190818678,-0.3349345936599879,1.1311437127418555,0.3801381595092024
2.1651726457947125,1.5633821975389977,0.6017904482557148,0.4770338545454546
-1.023119998204689,-0.9204283563241519,-0.10269164188053714,0.4077540532544379
2.002939981797215,1.890610193461402,0.1123297883358132,0.4489242193548386
-1.136926400100435,0.6367423196710762,-1.7736687197715113,0.3496421194968553
2.1651726457947125,1.0917873006268202,1.0733853451678923,0.3859531132075471
-0.8851941016848245,-0.725824938859716,-0.1593691628251085,0.3062974840764331
-0.6943760281184397,-0.37578065313362063,-0.31859537498481905,0.1728005125
0.1694756470858758,-0.14992977164666424,0.31940541873254,0.3448446496815286
0.0583575964234421,0.21235309549864814,-0.15399549907520604,0.3448446496815286
-0.2907921251024896,-0.2805376104343728,-0.010254514668116776,0.3547797567567567
1.119360123377247,1.3579313093957759,-0.2385711860185289,0.3581031125827814
-0.6333518616952916,-0.4291827363158093,-0.20416912537948229,0.38214178
-1.094997914700178,-1.072313716436325,-0.02268419826385304,0.4077540532544379
-0.2907921251024896,-0.8845993462143442,0.5938072211118546,0.3818871419753086
-1.0658781432912807,-0.9973298328658036,-0.06854831042547715,0.4056208709677419
0.3996495936969103,0.37190172678058714,0.02774786691632314,0.3754729428571428
2.1651726457947125,2.2386879152194172,-0.07351526942470477,0.2853974074074074
-0.6625515853290022,-0.9601619539662598,0.29761036863725765,0.37639671875
0.5543958937378798,0.5231681252853762,0.031227768452503635,0.3571249225352113
0.0075620903769163,0.049748017364314036,-0.04218592698739774,0.4108178661971831
-0.4547007358809852,-0.49971212629747097,0.045011390416485775,0.2853974074074074
-0.1127492576163206,-0.18497655135026422,0.07222729373394363,0.5528236513157895
0.6991221397516862,0.005085094385920469,0.6940370453657658,0.4142846265822784
2.1651726457947125,1.5857739313962702,0.5793987143984423,0.3794539181286549
-0.6529302554456844,-0.6738670623547888,0.020936806909104377,0.3425733024691358
0.9537937752201276,0.22623665378042576,0.7275571214397019,0.3571249225352113
0.0434780454915185,0.7618228095974935,-0.718344764105975,0.38214178
0.437408676860173,0.9554123363698533,-0.5180036595096804,0.3978908843930636
2.1651726457947125,1.006422358331138,1.1587502874635744,0.3581031125827814
2.1651726457947125,2.1660383430450456,-0.0008656972503331417,0.345568697368421
1.5219053331255143,0.9373996921289671,0.5845056409965472,0.3330391923076923
-0.0278392963343821,-0.4241794261431796,0.3963401298087975,0.4270410310559006
-0.3649088919952115,0.12245627985667129,-0.4873651718518828,0.2730334219653179
2.1651726457947125,0.6041341474211839,1.5610384983735286,0.4509778670886076
1.752142137971359,0.18284053091853725,1.5693016070528218,0.4135580243902439
-0.8405963385939089,-0.6441855408380969,-0.19641079775581205,0.3841937837837837
1.10942771369014,0.14662301077091278,0.9628047029192273,0.2308548911564625
-0.6214026302678997,-0.21895827286010258,-0.40244435740779705,0.3581031125827814
2.092181174329752,0.9073925615547497,1.1847886127750025,0.4056208709677419
1.2734132309627009,0.6321976077592053,0.6412156232034956,0.4142846265822784
-1.1413136939286108,-1.4046901651195662,0.2633764711909554,0.4862467272727273
-0.2448104389133747,0.8428585668282421,-1.0876690057416167,0.3841937837837837
-0.2907921251024896,0.14569609589887833,-0.4364882210013679,0.3999173558282208
-0.0727523822312476,0.6113077231452295,-0.6840601053764771,0.3754729428571428
-0.947334175259578,-0.5343506815305932,-0.4129834937289848,0.2730334219653179
-1.1432407268497833,-1.4244854865688386,0.28124475971905527,0.4770338545454546
-0.4787773782829929,0.028035656073889394,-0.5068130343568823,0.3672524791666667
2.1651726457947125,1.6048548916516867,0.5603177541430258,0.5263955251396648
-0.4496089518414103,-0.1748031837234324,-0.2748057681179779,0.4050421041666666
-1.0814494329651692,-0.8558803878520189,-0.22556904511315023,0.5263955251396648
-0.6271589845242318,-0.16310426041435053,-0.46405472410988124,0.37639671875
-0.8351099862548085,-0.9854997578666932,0.15038977161188471,0.3801381595092024
0.4290406771242387,0.5546721479128034,-0.12563147078856468,0.38214178
-0.8590950832110387,-0.8328409271017281,-0.02625415610931059,0.2730334219653179
2.1651726457947125,1.7355614756554016,0.4296111701393108,0.3794539181286549
-0.3864016241272591,-0.36465253197451175,-0.02174909215274734,0.5642011216216216
-0.7782915509225516,-0.3053767807940879,-0.4729147701284637,0.3571249225352113
-0.0304366110840904,0.07740515049345059,-0.107841761577541,0.2730334219653179
-0.8489183047276897,-0.42118973611799204,-0.42772856860969766,0.3672524791666667
-0.6852525608573694,0.04770564734134043,-0.7329582081987098,0.2308548911564625
0.4501337885751967,0.38683104955587433,0.06330273901932237,0.3794539181286549
2.1651726457947125,2.3093656027926,-0.14419295699788748,0.4135580243902439
-0.117489341544213,0.9176034521577872,-1.0350927937020002,0.4577306518518518
-0.9979060113085444,-0.7618591547082261,-0.23604685660031832,0.3279570604026846
0.1728392432717361,-0.21152619263475286,0.384365435906489,0.4581912866666666
-0.8625385544077885,-1.016626283118881,0.15408772871109255,0.38214178
-0.4807114900055291,0.0765011226191937,-0.5572126126247228,0.3999173558282208
-0.2907921251024896,-0.1582654147564011,-0.13252671034608848,0.3448446496815286
-0.1767232423376833,1.2759830871706888,-1.452706329508372,0.3999173558282208
0.7572794870999309,-0.510059611009619,1.26733909810955,0.4135580243902439
-0.1028039382682979,-0.08861821060752927,-0.01418572766076863,0.3581031125827814
-0.8316444538238552,-0.7100902308701917,-0.12155422295366347,0.4770338545454546
0.7988781140245672,0.035200840782962775,0.7636772732416044,0.3978908843930636
-1.1472793384857496,-0.9933133634118609,-0.15396597507388865,0.3794539181286549
-0.8916983799551687,-0.11046941209816867,-0.781228967857,0.4236190132450331
2.1651726457947125,-0.5775306442689343,2.7427032900636465,0.3279570604026846
0.0503791712389259,0.5730685266594426,-0.5226893554205168,0.3972289517241379
-0.2907921251024896,-0.6029160842020278,0.3121239590995382,0.2308548911564625
-1.0932558834081347,-1.067771615446765,-0.025484267961369822,0.3427241592356688
-0.9334582817676264,-1.0039368204772978,0.07047853870967147,0.3818871419753086
-0.2907921251024896,-0.12662197350445276,-0.16417015159803683,0.4505385
-1.1504482805493117,-0.6109321392647239,-0.5395161412845878,0.4509778670886076
0.2330634948402978,-0.06611358407396388,0.2991770789142617,0.3336369019607843
0.689752825180456,-0.11042230607592401,0.8001751312563801,0.37639671875
0.3499421304798921,0.21506192226358148,0.1348802082163106,0.3913449937106918
-0.7713250464940454,-0.6164084215604007,-0.15491662493364478,0.4151807791411043
2.1651726457947125,1.056118195381027,1.1090544504136854,0.3859531132075471
0.9070409263596022,0.4422758365140714,0.46476508984553083,0.3794539181286549
-1.1517475807924762,0.8448200726586266,-1.9965676534511028,0.4142846265822784
-0.8356657862594072,-0.49081379302002986,-0.3448519932393774,0.37639671875
-0.3179586650921583,-0.10386806103263803,-0.2140906040595203,0.3608544807692307
-0.5474715250268651,-0.2748285283065187,-0.2726429967203464,0.4270410310559006
2.1651726457947125,0.5094558376032039,1.6557168081915086,0.32182454
-0.2754231951756076,-0.3838135786980409,0.1083903835224333,0.3978908843930636
2.1651726457947125,0.9926542231693576,1.1725184226253549,0.2730334219653179
2.1651726457947125,2.147995271340856,0.017177374453856586,0.4236190132450331
-1.15942547318314,-0.8327303546751244,-0.3266951185080156,0.4236190132450331
-1.174730443913213,-0.9218346015083831,-0.25289584240482976,0.4505385
-0.1560781483359715,0.6551747113455464,-0.8112528596815178,0.4236190132450331
0.1425734841633288,-0.06351503606631886,0.20608852022964766,0.4056208709677419
0.2429693871505027,0.8229293481729636,-0.5799599610224608,0.3999173558282208
-1.1888953278861554,-0.366392947677157,-0.8225023802089984,0.3279570604026846
-0.3943087700448522,1.253747099822337,-1.6480558698671892,0.37639671875
0.4209521620786194,0.5228093830107923,-0.10185722093217286,0.3336369019607843
1.6348304376024587,1.2569153825275805,0.3779150550748782,0.3547797567567567
-0.2907921251024896,-0.2610658444698482,-0.029726280632641378,0.3754729428571428
-0.9197636020646582,-0.836567852459132,-0.08319574960552623,0.3427241592356688
-0.4371882404701916,0.4419637423826442,-0.8791519828528358,0.3999173558282208
2.1651726457947125,1.0965535156997215,1.068619130094991,0.3062974840764331
1.453720369222726,0.8474927343445531,0.606227634878173,0.4236190132450331
-0.5177012768636907,-0.6452512119018308,0.12754993503814005,0.3571249225352113
2.1651726457947125,2.1969131565521294,-0.031740510757416907,0.3794539181286549
0.5318746903681916,0.960141148704013,-0.42826645833582144,0.3062974840764331
-1.087000535973508,-1.2258665844977816,0.13886604852427364,0.3571249225352113
0.697440527067254,0.9274888911499753,-0.23004836408272133,0.4135580243902439
0.193601601017196,-0.187109432534397,0.38071103355159297,0.4707778461538461
-0.7847275350820213,-0.5966077351278205,-0.1881197999542008,0.3425733024691358
-0.2907921251024896,-0.22649272546421592,-0.06429939963827366,0.4142846265822784
0.5963011914680751,0.11165814285100142,0.48464304861707375,0.38214178
-0.5115149179106093,-0.29682718605708563,-0.2146877318535237,0.4236190132450331
-0.900591059592459,-0.3119659001684305,-0.5886251594240285,0.4050421041666666
-0.2644787470694053,-0.8670899608434808,0.6026112137740756,0.3608544807692307
-0.132538774200741,0.27393348135089074,-0.40647225555163174,0.4236190132450331
-0.2021221816980117,0.13043435557674082,-0.33255653727475254,0.3608544807692307
-1.1235160418725416,-1.2492448822550948,0.12572884038255316,0.3581031125827814
0.1118324402751704,0.4772787021279495,-0.36544626185277906,0.4509778670886076
-1.134308382867645,-0.3766502276282863,-0.7576581552393586,0.2730334219653179
-0.3843165082760996,-0.17919311707166238,-0.2051233912044372,0.4236190132450331
-0.2907921251024896,-0.26607080911810843,-0.024721315984381154,0.3427241592356688
0.3725805306402599,-0.06794034867119135,0.4405208793114513,0.4699289935064935
-0.2907921251024896,-0.15240604737150226,-0.13838607773098732,0.3683428963414634
0.945674542582022,1.1190995778164543,-0.1734250352344323,0.2730334219653179
-0.2907921251024896,-0.5628147824220462,0.2720226573195566,0.4862467272727273
0.0074680803451033,-0.13685729934848911,0.1443253796935924,0.3754729428571428
-0.2820492999026673,1.276698130829167,-1.5587474307318343,0.3841937837837837
0.9999915474861334,0.5039491652930664,0.49604238219306696,0.2853974074074074
0.9583252254626926,0.8749862253541374,0.08333900010855522,0.4489242193548386
-1.0868233011776616,-1.1556629884175262,0.06883968723986467,0.3234683624161074
2.1651726457947125,-0.15970277800651086,2.3248754238012235,0.4142846265822784
0.3282259252477709,-0.23250691333639545,0.5607328385841663,0.2853974074074074
-0.2907921251024896,-0.5658589581372795,0.2750668330347899,0.3425733024691358
1.8769616749679583,0.7407405724910937,1.1362211024768647,0.32182454
0.5450144432296573,-0.11576781272623701,0.6607822559558943,0.4489242193548386
1.7159739250874038,-0.32912354859381654,2.04509747368122,0.4108178661971831
0.1458352772178894,0.2864573884307906,-0.14062211121290122,0.3581031125827814
-1.1143588967821554,-0.6308460021537637,-0.48351289462839164,0.4095118375
-0.5215221217026572,-0.6742158210150104,0.15269369931235321,0.5263955251396648
2.1651726457947125,0.9761900963917483,1.1889825494029642,0.32182454
-0.6777539277014916,-0.5507918335035346,-0.126962094197957,0.2560125510204081
-0.2947601367480504,-0.13031440733218336,-0.16444572941586705,0.4095118375
-1.117091958323894,-1.1729015274966226,0.0558095691727285,0.3571249225352113
-0.2907921251024896,-0.4234456318435618,0.13265350674107224,0.3448446496815286
0.1032559455141104,-0.09197247530293809,0.1952284208170485,0.4108178661971831
2.1651726457947125,1.6737481439271584,0.49142450186755404,0.4707778461538461
-0.6520104181370329,-0.4357275783070754,-0.21628283982995744,0.5642011216216216
2.1651726457947125,0.7426847415054337,1.4224879042892788,0.3672524791666667
-0.8288411458752246,-1.1107314798162682,0.28189033394104357,0.4135580243902439
-0.3394510573086267,-0.4438355958441196,0.1043845385354929,0.2730334219653179
-0.8425601727248582,-0.8664900588518072,0.023929886126949018,0.3841937837837837
-0.7842417204465812,0.593497106959136,-1.3777388274057172,0.4707778461538461
1.0071070914262958,0.14886347108868417,0.8582436203376117,0.3999173558282208
-0.0862657763984822,-0.658044606837495,0.5717788304390128,0.4077540532544379
-0.8245762274793103,0.8228696509118156,-1.6474458783911259,0.3683428963414634
1.7097967188961265,1.3989709055854036,0.3108258133107229,0.4236190132450331
-0.2022856284007582,-0.3307772440899534,0.1284916156891952,0.3547797567567567
-0.895169881509703,-0.03508715692035037,-0.8600827245893526,0.3913449937106918
-0.9141687909045942,-0.12863217060517435,-0.7855366202994198,0.3818871419753086
-0.8303379161916734,-0.0932245911263536,-0.7371133250653198,0.3279570604026846
-0.0879974018366739,-0.15575454608948924,0.06775714425281534,0.32182454
-1.1694428072121763,-0.6831470541987503,-0.486295753013426,0.4699289935064935
-0.5864710286765955,-0.4820843938308949,-0.1043866348457006,0.32182454
0.6846201653020452,-0.5357983437935896,1.2204185090956348,0.4077540532544379
0.292396076929678,0.10973690137442041,0.1826591755552576,0.3913449937106918
0.3250398901846363,-0.47088146657079205,0.7959213567554284,0.3608544807692307
0.868800219268356,0.3447727728836704,0.5240274463846857,0.4707778461538461
0.7993447337302512,0.2696571999072494,0.5296875338230018,0.32182454
2.1651726457947125,1.2121348633595106,0.9530377824352019,0.3972289517241379
-0.7356237979854171,-0.3091861247762823,-0.4264376732091348,0.3859531132075471
-0.7689369890043987,-0.21815883550106674,-0.5507781535033319,0.4056208709677419
-1.1469041756021656,-0.9043617454139055,-0.24254243018826016,0.3999173558282208
2.1651726457947125,0.8804840611818456,1.2846885846128668,0.3960697315436241
-1.1377990319697635,-1.123479201860706,-0.014319830109057463,0.3913449937106918
-1.106509657741669,-1.2585700603636734,0.15206040262200426,0.4770338545454546
-0.5465713275491297,-0.010607790385257512,-0.5359635371638722,0.4142846265822784
-0.3119166537856923,-0.24977517256541545,-0.06214148122027682,0.4577306518518518
-0.7124872582785714,0.10828769057913215,-0.8207749488577035,0.3999173558282208
-0.2907921251024896,-0.20633513018017455,-0.08445699492231504,0.3547797567567567
-0.6920563162420278,-0.568729186348061,-0.12332712989396677,0.3571249225352113
-1.2909457133027695,-0.9604385318074903,-0.33050718149527925,0.3448446496815286
-0.1829031940009473,-0.12776809333903838,-0.05513510066190891,0.4142846265822784
-0.3009118758144079,0.35517888774763184,-0.6560907635620398,0.2730334219653179
-0.9978106365037952,-0.9701083801858797,-0.027702256317915452,0.4056208709677419
0.6724815323592501,0.045519019908131425,0.6269625124511187,0.3989209285714286
-0.7251092384975669,0.07194249690747526,-0.7970517354050421,0.3989209285714286
-0.9794278373680708,-0.9410195990491164,-0.03840823831895446,0.2560125510204081
0.02669189658655,0.4552675450628943,-0.4285756484763443,0.4108178661971831
2.1651726457947125,1.554440283686696,0.6107323621080165,0.3062974840764331
0.74892493423415,0.7225159318293667,0.026409002404783277,0.3960697315436241
2.1651726457947125,1.7449941053702147,0.42017854042449776,0.4505385
-0.3186868074456766,-0.1291275188844113,-0.18955928856126533,0.3999173558282208
0.3930086218230643,-0.12243602235586387,0.5154446441789282,0.3691574802631578
-0.6364515613706707,-0.5125007526737606,-0.12395080869691011,0.3859531132075471
-0.3277759983011503,0.2041027458007964,-0.5318787441019467,0.3234683624161074
-0.2907921251024896,-0.10347816181152049,-0.1873139632909691,0.4135580243902439
2.1651726457947125,2.5617490629291284,-0.39657641713441594,0.4581912866666666
0.1473880230729267,0.6653854104673922,-0.5179973873944654,0.37639671875
-0.9199306317470072,-0.679850100492438,-0.24008053125456918,0.3818871419753086
-0.2907921251024896,0.07187458685956682,-0.3626667119620564,0.2560125510204081
0.2563920717948881,1.179467940145805,-0.9230758683509169,0.3279570604026846
-1.0659452089123886,-0.8726473012410427,-0.19329790767134591,0.4103113666666667
0.3186862004584831,0.6256750489774059,-0.3069888485189228,0.3989209285714286
-0.2907921251024896,0.1715667985941401,-0.4623589236966297,0.2560125510204081
-0.1940085453856316,0.09306397866799798,-0.2870725240536296,0.4270410310559006
-0.965282750308244,-0.9394783832963709,-0.025804367011873053,0.2853974074074074
-0.7283780580587869,-0.4735555959182254,-0.2548224621405615,0.4581912866666666
-0.2907921251024896,0.07121033980258168,-0.36200246490507126,0.1728005125
0.530754240668773,-0.08585417407769172,0.6166084147464647,0.3683428963414634
2.1651726457947125,1.1492393993745214,1.0159332464201911,0.32182454
-0.1944263372880197,-0.2276724713097908,0.033246134021771095,0.3581031125827814
2.1651726457947125,1.839360989407994,0.3258116563867184,0.3989209285714286
0.1425419627378467,0.7230565918297507,-0.580514629091904,0.5642011216216216
-1.158001212247686,-1.2292003705300996,0.07119915828241363,0.2853974074074074
-1.134137943095156,-1.1524261312032726,0.01828818810811672,0.3801381595092024
0.5541175753779445,0.43239891403802494,0.12171866133991954,0.3496421194968553
2.1651726457947125,2.0077318553292316,0.15744079046548087,0.4270410310559006
-0.5409989211043964,-0.5538451918544379,0.012846270750041522,0.4108178661971831
-0.7309806030712893,-0.4695046120212204,-0.2614759910500689,0.3279570604026846
-0.8668860703086025,-1.0557426268358656,0.18885655652726308,0.3924679037433155
1.6070771268617945,1.1247650182150895,0.48231210864670504,0.3336369019607843
0.1052481978552358,0.1838197883157186,-0.0785715904604828,0.3608544807692307
-0.2907921251024896,-0.11570811077168607,-0.1750840143308035,0.3062974840764331
-0.4654222667164351,-0.17604632368617615,-0.28937594303025893,0.2853974074074074
-0.2907921251024896,-0.13548558858537016,-0.15530653651711943,0.3683428963414634
2.1651726457947125,0.10207043673680948,2.063102209057903,0.3571249225352113
-0.2899070978431235,-0.4330878413039649,0.14318074346084136,0.4489242193548386
-1.1275459551956095,-1.0563773729090955,-0.07116858228651401,0.451932013245033
-0.2907921251024896,0.031248385378608294,-0.3220405104810979,0.3425733024691358
-0.2553428705126602,-0.19948981296636564,-0.05585305754629455,0.4707778461538461
-0.6598849032384609,-0.6846799870552981,0.02479508381683715,0.1728005125
0.03449270914598,1.4048261052366422,-1.3703333960906623,0.4577306518518518
-0.8170080308774577,0.963742512965807,-1.7807505438432647,0.3547797567567567
-0.1621644120552615,-0.04771864806881057,-0.11444576398645093,0.3062974840764331
-0.8202184214068696,-0.32721007629558446,-0.49300834511128516,0.37639671875
-0.4989978777128396,0.045967912841819863,-0.5449657905546594,0.3336369019607843
1.6915690185247705,0.11506682175440225,1.5765021967703683,0.4270410310559006
2.1651726457947125,0.6622245758098806,1.5029480699848319,0.4151807791411043
-0.3119166537856923,-0.11471417819829258,-0.1972024755873997,0.3972289517241379
-0.9872502390039102,-0.641752964292072,-0.3454972747118382,0.3859531132075471
-0.7641538819854099,-0.46391383749750015,-0.30024004448790975,0.3279570604026846
2.1651726457947125,0.9921444476681344,1.1730281981265782,0.3427241592356688
-0.5539756614676319,-0.13747040139122665,-0.4165052600764052,0.3924679037433155
-0.4152995669064535,1.283878183974305,-1.6991777508807584,0.3801381595092024
2.1651726457947125,2.090830974017989,0.07434167177672357,0.4236190132450331
-0.4081127223060796,-0.3826144271104379,-0.025498295195641674,0.4270410310559006
2.1651726457947125,1.910325033607828,0.25484761218688456,0.3978908843930636
-0.2144841078787908,0.32839895058355867,-0.5428830584623494,0.3581031125827814
-0.2907921251024896,-0.15108376846712987,-0.13970835663535972,0.3547797567567567
-1.1419943554636462,-1.0977036291035958,-0.04429072636005049,0.3385222580645161
2.1651726457947125,2.3875119741787447,-0.22233932838403225,0.3989209285714286
0.3817671279101352,0.8116231842854864,-0.42985605637535124,0.3972289517241379
2.1651726457947125,0.49059372622755726,1.6745789195671552,0.3691574802631578
-1.1592845507208176,-0.4338945757358843,-0.7253899749849333,0.4489242193548386
-1.1222190036130495,-0.8049446860022127,-0.3172743176108368,0.5528236513157895
0.0816346761677748,1.6204910711196916,-1.5388563949519167,0.4577306518518518
1.4881964803722771,0.22329182263381964,1.2649046577384575,0.32182454
1.8853926973500843,0.9990358817919556,0.8863568155581287,0.4236190132450331
0.4294267899246872,2.4940236033565917,-2.0645968134319044,0.5642011216216216
-0.2907921251024896,-0.3753883355635519,0.0845962104610623,0.3818871419753086
1.2558821340878128,0.4357508315488318,0.8201313025389809,0.3794539181286549
1.1256746217879243,1.2903217776318159,-0.16464715584389156,0.3978908843930636
-1.0856371910396156,-0.9898493947721801,-0.0957877962674355,0.2853974074074074
0.1721822811421399,-0.1357490621497932,0.3079313432919331,0.4505385
-0.4583963990825361,0.606413544707751,-1.0648099437902872,0.3801381595092024
-0.1299418758278087,-0.1925348540968992,0.0625929782690905,0.3427241592356688
1.6694725194665925,0.9102337424050283,0.7592387770615642,0.4135580243902439
-0.1663167716461451,-0.22801069804008736,0.06169392639394225,0.3448446496815286
0.0777836786775993,-0.24552064235233367,0.323304321029933,0.4489242193548386
-1.125269244383131,-1.1714756456852602,0.046206401302129274,0.4581912866666666
0.2290324930346492,0.32015197190077543,-0.09111947886612623,0.3672524791666667
0.3328637060752946,0.5569884194082786,-0.224124713332984,0.3754729428571428
-0.2907921251024896,-0.0918686823959773,-0.1989234427065123,0.4707778461538461
-0.2788113714572715,0.34290498671666686,-0.6217163581739383,0.3425733024691358
0.6278598789079896,0.925220796910478,-0.29736091800248843,0.4108178661971831
-0.2907921251024896,-0.7574267316848081,0.46663460658231853,0.345568697368421
-0.7361963540849165,-0.3979196352064184,-0.3382767188784981,0.3279570604026846
-0.5951534665663949,-0.7826991243527189,0.18754565778632404,0.3794539181286549
-0.8861586580969206,-0.8093283777152206,-0.07683028038170003,0.4108178661971831
1.3976374632671706,1.3422111127038845,0.05542635056328615,0.3691574802631578
-1.204996705011166,-0.752689474568266,-0.4523072304429001,0.5528236513157895
-0.8320621447023824,-0.5607407505672376,-0.2713213941351448,0.4135580243902439
-0.2907921251024896,-0.5642178350252844,0.27342570992279486,0.38214178
-0.3339262093320893,-0.4400127956047202,0.1060865862726309,0.3913449937106918
-0.2907921251024896,0.22697769138552742,-0.517769816488017,0.5528236513157895
2.1651726457947125,2.16962627706648,-0.004453631271767566,0.3427241592356688
-0.282627014161656,-0.42033371154223537,0.1377066973805794,0.38214178
2.1651726457947125,2.253360561449902,-0.08818791565518946,0.4707778461538461
0.8763309482991216,-0.025898623323824338,0.9022295716229459,0.2730334219653179
-0.9347870818893894,0.29189549659487596,-1.2266825784842654,0.3336369019607843
-0.7644200453920968,-0.026796336655271286,-0.7376237087368256,0.4151807791411043
-0.8033739294394181,-0.9488823301366455,0.14550840069722737,0.3571249225352113
-0.7346951458496811,-0.3316578304401103,-0.4030373154095708,0.2560125510204081
0.5660359505526485,-0.7070871568414794,1.2731231073941278,0.3608544807692307
-1.1407965238637583,-1.2222670906597488,0.08147056679599052,0.3960697315436241
0.2464920650159716,-0.13554571712102542,0.382037782136997,0.3794539181286549
-0.2907921251024896,-0.6538603245481659,0.3630681994456763,0.3547797567567567
2.1651726457947125,2.004128702718558,0.16104394307615433,0.3581031125827814
-0.8215183655483922,-0.992317839808593,0.1707994742602008,0.37639671875
0.036550958592702,1.5891657553804193,-1.5526147967877173,0.38214178
-0.4699944351213782,1.4316915765519231,-1.9016860116733012,0.4236190132450331
0.6404967353857276,-0.033224731333924944,0.6737214667196525,0.4095118375
0.3965440132443068,0.695181689411916,-0.2986376761676092,0.2560125510204081
2.1651726457947125,1.0352926143990375,1.129880031395675,0.4103113666666667
1.6715308909342912,1.4051528034250804,0.26637808750921077,0.4103113666666667
-1.1262702170446677,-1.179933474842054,0.05366325779738634,0.38214178
-0.5171006404887343,-0.13634069347858352,-0.38075994701015076,0.2308548911564625
-0.8947578459865301,1.4881092164027463,-2.3828670623892765,0.3425733024691358
-0.2907921251024896,-1.1688289340212075,0.8780368089187178,0.3672524791666667
-0.3744866766327317,0.5671575709687764,-0.9416442476015081,0.3425733024691358
-0.5938559632405878,-0.4790254296951372,-0.11483053354545059,0.2730334219653179
2.1651726457947125,2.2011294904769136,-0.03595684468220117,0.2853974074074074
0.3399839862517627,-0.018738918041080348,0.35872290429284304,0.4270410310559006
-0.5142177201912528,-0.41995193506818274,-0.09426578512307004,0.4699289935064935
0.2173363850124392,0.05391621458634937,0.16342017042608983,0.3691574802631578
-0.2907921251024896,-0.1784325680446032,-0.11235955705788639,0.3448446496815286
0.1167141287547239,-0.20791459864923995,0.32462872740396387,0.4135580243902439
-1.100545448277997,-1.1961953412345723,0.09564989295657522,0.4862467272727273
2.1651726457947125,2.3030387026944004,-0.1378660568996879,0.4707778461538461
2.1651726457947125,2.2872759399393248,-0.1221032941446123,0.3754729428571428
2.1651726457947125,-0.3297968137294067,2.4949694595241194,0.3279570604026846
-0.7846852096498236,-0.16442819522025992,-0.6202570144295636,0.4699289935064935
-0.2309153084578175,0.07887529043551186,-0.3097905988933294,0.4577306518518518
-0.791411663556929,0.5324896038753086,-1.3239012674322377,0.5263955251396648
-1.119703873953185,-1.1186556525297733,-0.001048221423411766,0.345568697368421
-0.5912928100065948,-0.6165587975394282,0.02526598753283338,0.4103113666666667
0.4203319694650398,-0.1650565961295732,0.585388565594613,0.4270410310559006
0.3024589377380232,-0.04645016214744889,0.3489090998854721,0.2730334219653179
-0.2511722188680171,-0.21494178147311405,-0.03623043739490306,0.4862467272727273
2.1651726457947125,2.0505468471973307,0.11462579859738176,0.3336369019607843
-0.9291122574544066,-0.8996207174330144,-0.029491540021392204,0.3336369019607843
-0.2907921251024896,-0.4800757086183482,0.1892835835158586,0.3978908843930636
2.1651726457947125,2.2903332595522277,-0.1251606137575152,0.3385222580645161
-0.56765532110142,-0.3696747910114799,-0.19798053008994015,0.38214178
0.2153818090250468,-0.28508135598235795,0.5004631650074047,0.3062974840764331
-1.0055752726166989,-0.36980265855472594,-0.6357726140619729,0.3547797567567567
-0.7220411438399627,-0.5815162217928345,-0.1405249220471282,0.3754729428571428
-1.0730855036984883,-0.7963657854492838,-0.2767197182492045,0.5263955251396648
-1.1005029322474482,-1.288297028688786,0.18779409644133782,0.4135580243902439
-0.4236088297849323,0.7797884286648304,-1.2033972584497628,0.37639671875
-0.2907921251024896,-0.3833873152288896,0.0925951901264,0.3448446496815286
-0.2907921251024896,-0.4533900368217113,0.16259791171922172,0.3801381595092024
1.1004706850227888,1.5754804763651626,-0.47500979134237387,0.4108178661971831
2.1651726457947125,1.4066020949097002,0.7585705508850122,0.1728005125
-0.0253981208948103,0.24787790946657862,-0.2732760303613889,0.3924679037433155
0.8751054579507885,0.8144690177114572,0.060636440239331346,0.4103113666666667
-0.5713978249074958,-0.11425218785402007,-0.4571456370534757,0.2560125510204081
-0.5861663121875311,0.23115130581135113,-0.8173176179988823,0.3989209285714286
-0.2907921251024896,0.13156524306986045,-0.42235736817235003,0.4103113666666667
-0.1427759918926452,0.8015329472137758,-0.944308939106421,0.3754729428571428
-0.3902438151099621,0.02861736848146898,-0.4188611835914311,0.3999173558282208
-0.915356989978382,0.8626443561815975,-1.7780013461599795,0.4142846265822784
-0.6915825210690111,-0.217754510160557,-0.47382801090845406,0.3913449937106918
1.4018837556363266,0.706567797137865,0.6953159584984616,0.3754729428571428
2.1651726457947125,1.9343990241987112,0.23077362159600123,0.38214178
-1.178149884227408,-0.6495246146222826,-0.5286252696051255,0.3279570604026846
-0.3537348095219323,-0.08631592914444162,-0.2674188803774907,0.4270410310559006
-0.6014429047208001,0.3391642799874998,-0.9406071847083,0.1728005125
2.1651726457947125,0.22313078096757988,1.9420418648271327,0.4707778461538461
-0.4729584030988805,-0.13933248945222182,-0.33362591364665867,0.5263955251396648
-0.1326571341524232,-0.17059388962990313,0.03793675547747993,0.4699289935064935
0.326082786044935,0.7101461043842332,-0.3840633183392982,0.2560125510204081
2.1651726457947125,1.3356954823303904,0.8294771634643221,0.4236190132450331
-0.2907921251024896,-0.30009886638429584,0.009306741281806252,0.2560125510204081
-0.2907921251024896,0.14007127227622934,-0.4308633973787189,0.2560125510204081
2.1651726457947125,0.7631465443871064,1.402026101407606,0.2308548911564625
-0.3097372390933292,-0.3422426181580535,0.03250537906472434,0.3993076298701298
-0.1028258739159762,-0.5106422703243445,0.4078163964083683,0.3571249225352113
-1.1929462242217015,-1.023137345328721,-0.16980887889298057,0.4050421041666666
-1.0751825225375018,-0.9542723797712116,-0.1209101427662902,0.4077540532544379
-1.1642367007682786,-1.1045132949600813,-0.05972340580819724,0.4077540532544379
-0.0393174804377755,-0.18556281246025402,0.14624533202247852,0.3672524791666667
-0.8270646472226789,-0.575104878635121,-0.25195976858755786,0.3913449937106918
2.1651726457947125,0.07278859691486891,2.0923840488798437,0.3913449937106918
-1.1240189009764836,-1.0280390158709811,-0.09597988510550248,0.3336369019607843
2.1651726457947125,1.7644134011767127,0.4007592446179997,0.4707778461538461
0.2886902859870221,0.9669296833725654,-0.6782393973855432,0.4142846265822784
-0.2395591687025752,-0.6764024710860137,0.4368433023834385,0.3608544807692307
-0.5007986597283581,-0.6123510672100844,0.11155240748172623,0.4108178661971831
2.1651726457947125,1.9342054847606762,0.23096716103403625,0.3960697315436241
0.7037323042211693,1.4089133402853278,-0.7051810360641585,0.3234683624161074
2.1651726457947125,1.4984607983976737,0.6667118473970388,0.2560125510204081
-1.121631614754494,-1.0496220559243588,-0.07200955883013527,0.3989209285714286
-1.070683998665196,0.5114148386174757,-1.5820988372826716,0.4862467272727273
-1.124216214522209,0.32776383214682975,-1.4519800466690387,0.1728005125
1.77499432324162,1.416535332411845,0.35845899082977506,0.3801381595092024
2.1651726457947125,-0.03136353107009779,2.1965361768648104,0.3581031125827814
-0.3092003614521478,-0.18718660534493456,-0.12201375610721324,0.37639671875
0.1869020772982205,-0.376756226098285,0.5636583033965055,0.3754729428571428
-1.167916851181528,-1.2354738356160047,0.06755698443447655,0.3336369019607843
0.0086892084435025,1.4433273109671019,-1.4346381025235995,0.1728005125
1.77326119551919,0.13349812523713858,1.6397630702820514,0.4056208709677419
-0.5593961933938496,-0.42072068771983095,-0.13867550567401865,0.3972289517241379
2.1651726457947125,0.7936475578584644,1.3715250879362482,0.3978908843930636
-0.4356749834558048,-0.39164772691967864,-0.04402725653612616,0.4699289935064935
0.0592444912376341,-0.06894964635475051,0.12819413759238463,0.451932013245033
-0.6298286240387814,-0.5974074439236982,-0.032421180115083215,0.1728005125
1.1757757611251154,-0.11807975395135865,1.2938555150764741,0.4095118375
-1.0330170574638973,-0.6159944120808676,-0.4170226453830297,0.5263955251396648
0.4254751465216354,-0.40074117249749525,0.8262163190191306,0.3794539181286549
2.1651726457947125,1.132947903799224,1.0322247419954884,0.3859531132075471
-0.2907921251024896,0.06396081279088178,-0.35475293789337137,0.3279570604026846
-0.4683533920348226,-0.5940619534464577,0.1257085614116351,0.3608544807692307
0.2512792783577797,0.4489483804445231,-0.19766910208674343,0.4103113666666667
0.1892326680578567,-0.07292893463447668,0.2621616026923334,0.3924679037433155
0.434634960583194,0.4331351276042214,0.001499832978972604,0.3989209285714286
0.4119453920353317,0.16602509330255827,0.24592029873277343,0.3993076298701298
-0.3716562400137971,0.16614302740611434,-0.5377992674199115,0.2730334219653179
-0.2648962390695866,-0.2313753052607514,-0.033520933808835196,0.4699289935064935
-0.0562174028111384,0.20696531613984376,-0.26318271895098216,0.345568697368421
-0.6271473699495964,-0.2744275241699344,-0.35271984577966203,0.5263955251396648
-0.0961861194786977,-0.4556269622777572,0.35944084279905947,0.3691574802631578
-0.9122095375916732,0.22458001674883665,-1.1367895543405098,0.3818871419753086
0.3015364151755297,-0.17725818186524966,0.47879459704077937,0.3330391923076923
2.1651726457947125,0.42319751775350584,1.7419751280412066,0.4151807791411043
-0.7840700080111477,-0.15218486356743952,-0.6318851444437081,0.3279570604026846
-0.2631266845199233,0.39120757540565276,-0.6543342599255761,0.2853974074074074
1.7678694886717965,1.9646988368190268,-0.1968293481472303,0.3581031125827814
-1.1138926875106672,-1.2691805768798936,0.15528788936922644,0.3571249225352113
2.1651726457947125,0.646599748715417,1.5185728970792955,0.345568697368421
0.1138472863056724,1.5465377988410562,-1.432690512535384,0.3978908843930636
2.1651726457947125,2.0470220785378985,0.11815056725681394,0.38214178
2.1651726457947125,2.2173320730083153,-0.05215942721360278,0.4270410310559006
0.0219797574432894,0.9114567183716249,-0.8894769609283355,0.4050421041666666
-0.2907921251024896,0.020525912615500817,-0.3113180377179904,0.2560125510204081
1.1592065916649066,1.9164958228817683,-0.7572892312168618,0.3672524791666667
-0.2907921251024896,0.21279145173452418,-0.5035835768370138,0.4505385
-0.2386050137864386,0.3701626275221583,-0.608767641308597,0.3794539181286549
-0.1028258739159762,-0.08126493057441542,-0.02156094334156078,0.3330391923076923
0.4087613576408164,0.8786879889186701,-0.46992663127785367,0.4077540532544379
2.1651726457947125,1.0464733489453668,1.1186992968493457,0.4236190132450331
-0.6120606642424353,-0.3879454224339916,-0.22411524180844372,0.3754729428571428
-0.7066174304560517,-0.3406340806949833,-0.36598334976106844,0.4236190132450331
0.2197045534789794,-0.8434161360564585,1.063120689535438,0.4707778461538461
-0.0387180405022706,-0.32593545392005424,0.2872174134177836,0.4489242193548386
0.4978220027060627,0.27300217342254934,0.22481982928351335,0.4505385
2.1651726457947125,2.242415158044132,-0.07724251224941936,0.32182454
2.1651726457947125,2.387609369270804,-0.22243672347609156,0.4095118375
-0.2907921251024896,-1.0824633028339181,0.7916711777314285,0.345568697368421
2.1651726457947125,1.4758922568062722,0.6892803889884402,0.32182454
-0.7066337044096237,0.2764093529805476,-0.9830430573901713,0.4270410310559006
-0.0946292118367604,0.4264828536700022,-0.5211120655067626,0.3859531132075471
-0.8112455941923512,-0.30429003770625757,-0.5069555564860937,0.3608544807692307
-0.2907921251024896,-0.32198117734986986,0.031189052247380278,0.3425733024691358
-1.202279961952733,-0.8012457883591144,-0.4010341735936185,0.4505385
2.1651726457947125,1.4642337770140237,0.7009388687806888,0.4095118375
2.1651726457947125,1.6602721041897623,0.5049005416049501,0.3608544807692307
1.3602523807376847,1.3616816803673206,-0.001429299629635894,0.4108178661971831
-0.2907921251024896,0.06879382034422934,-0.35958594544671896,0.2560125510204081
-0.9854175580506072,-0.4686580134826282,-0.5167595445679789,0.4509778670886076
0.1193170842014224,0.6126723123709934,-0.493355228169571,0.345568697368421
-0.4885630529909895,0.020828118167816802,-0.5093911711588063,0.4108178661971831
0.2240865236666197,-0.15706123341951622,0.3811477570861359,0.4142846265822784
0.1783760869403765,0.3639425032885201,-0.18556641634814364,0.3960697315436241
-0.2907921251024896,-0.10992455300365378,-0.1808675720988358,0.3754729428571428
-1.1531743212100332,-1.41183825714938,0.2586639359393468,0.4056208709677419
2.1651726457947125,0.24267131993822033,1.922501325856492,0.5642011216216216
-0.2907921251024896,-0.3584897197216327,0.0676975946191431,0.3989209285714286
-0.0265045025263736,0.20952673840328084,-0.23603124092965444,0.3279570604026846
2.1651726457947125,2.1063406395090167,0.05883200628569574,0.4707778461538461
-0.1767186225759471,-0.2569045460168337,0.08018592344088663,0.3581031125827814
0.8565528165095743,1.1310600213748498,-0.2745072048652756,0.3448446496815286
-0.2907921251024896,-0.677527754102281,0.38673562899979147,0.4707778461538461
-0.9628503655292644,-1.0492363299517227,0.08638596442245827,0.2308548911564625
-1.0744748068124992,-1.02812933209613,-0.046345474716369184,0.4103113666666667
-0.2907921251024896,-0.17311791037427526,-0.11767421472821432,0.451932013245033
-0.2907495278962971,-0.36240166423307724,0.07165213633678014,0.3972289517241379
-0.5565448254232664,0.20913776876169407,-0.7656825941849605,0.3999173558282208
-0.5991346136909137,-0.149948408307056,-0.4491862053838577,0.3427241592356688
2.1651726457947125,2.206571980133241,-0.041399334338528604,0.3993076298701298
2.1651726457947125,1.6278284226657809,0.5373442231289316,0.4236190132450331
-0.3447362125070829,-0.4434077825876647,0.0986715700805818,0.2730334219653179
-1.237218963482427,-0.8180201816059625,-0.41919878187646464,0.4770338545454546
-1.1533613586482383,-1.0054056895337489,-0.14795566911448943,0.4050421041666666
-0.3888725287101679,-0.3901841318792903,0.0013116031691223773,0.2308548911564625
-0.7711054907427453,-0.8659912993272908,0.09488580858454554,0.3691574802631578
-0.4989978777128396,-0.38055803802528415,-0.11843983968755545,0.3330391923076923
-0.4178542143275248,0.07258063545092688,-0.49043484977845164,0.4050421041666666
0.0655563099408777,-0.14527924197180342,0.2108355519126811,0.4581912866666666
-0.2907921251024896,-0.40273938699489187,0.11194726189240228,0.32182454
-0.5280345706244077,-0.40157065058761315,-0.12646392003679457,0.2730334219653179
2.1651726457947125,2.256864502109895,-0.09169185631518273,0.4056208709677419
2.1651726457947125,1.5351523304027799,0.6300203153919326,0.4770338545454546
-0.4005340754791107,0.3055849580849997,-0.7061190335641103,0.3972289517241379
0.6027259901071893,1.459823843416565,-0.8570978533093756,0.4577306518518518
-0.3654776812912986,-0.09529017230021147,-0.2701875089910871,0.3672524791666667
2.1651726457947125,2.043407070153189,0.12176557564152368,0.3801381595092024
1.7226587060576015,0.960109371892057,0.7625493341655445,0.3581031125827814
2.1651726457947125,2.4669222967100026,-0.30174965091529016,0.4581912866666666
-1.0324170458521909,-1.1554185042781417,0.1230014584259509,0.3754729428571428
-0.9442403631359644,-0.9519597871578005,0.007719424021836119,0.3427241592356688
-1.1152654391922348,-0.5431305737038757,-0.572134865488359,0.4095118375
-0.5271707421327929,-0.32812437956218143,-0.19904636257061148,0.3683428963414634
1.5226199434318992,-0.09247435988226987,1.6150943033141691,0.3427241592356688
-0.2817422626380047,-0.5046482239643372,0.22290596132633245,0.3336369019607843
-0.365269143479596,-0.04260476026854786,-0.3226643832110481,0.345568697368421
-0.2563425253872609,0.026386297827345515,-0.2827288232146064,0.3989209285714286
-0.8097210177514718,-0.5516984880264495,-0.25802252972502226,0.3547797567567567
0.1780051831831539,-0.3000754628629428,0.4780806460460967,0.4489242193548386
-0.8669837310654305,-0.4589406600561851,-0.40804307100924536,0.3924679037433155
-0.520366094964954,-0.6745933287011452,0.15422723373619118,0.3496421194968553
-1.008751277000869,-1.183675798657098,0.17492452165622896,0.5642011216216216
-0.5169821165218423,-0.14021730026205917,-0.3767648162597832,0.37639671875
-0.2907921251024896,0.1986284226914767,-0.48942054779396627,0.3336369019607843
-1.0248774441532282,-0.9924531072971344,-0.032424336856093805,0.4135580243902439
2.1651726457947125,2.340670298812664,-0.17549765301795173,0.3924679037433155
-0.920565522777717,-0.9658561052191889,0.04529058244147188,0.4707778461538461
-0.4215724815189242,-0.28936631704489174,-0.13220616447403244,0.4862467272727273
0.3813022275909475,0.39712789924660247,-0.01582567165565496,0.3754729428571428
2.1651726457947125,1.9210938491662415,0.24407879662847098,0.4135580243902439
-0.0136871730616819,-0.10219610799567234,0.08850893493399045,0.3794539181286549
-0.2907921251024896,-0.5720161443364434,0.28122401923395385,0.2308548911564625
-1.0742095749250449,-0.8937692680128173,-0.18044030691222757,0.3924679037433155
-0.2907921251024896,0.8632175720787,-1.1540096971811895,0.4103113666666667
-0.585770627475299,-0.4559923846861057,-0.12977824278919325,0.4103113666666667
2.1651726457947125,2.143847911732264,0.021324734062448503,0.38214178
-0.4272639237847783,-0.23953985957985538,-0.1877240642049229,0.3913449937106918
-0.8562160461915383,-1.0569357054816042,0.20071965929006585,0.37639671875
-0.321255843437754,-0.3114303188884984,-0.00982552454925556,0.3993076298701298
-0.2907921251024896,-0.5090459991993238,0.21825387409683422,0.3608544807692307
-0.4643481592371609,0.378599951935481,-0.8429481111726419,0.4151807791411043
-1.1421737358082134,-0.43532895453955417,-0.7068447812686591,0.3818871419753086
0.4535954797224012,-0.4783271427812659,0.9319226225036672,0.4509778670886076
2.1651726457947125,-0.21269857023285182,2.377871216027564,0.3385222580645161
-0.2907921251024896,-0.4435491900002945,0.15275706489780494,0.3330391923076923
-0.1451662029733046,-0.2629338509420562,0.11776764796875158,0.4505385
0.06163517217829,-0.49905045878846477,0.5606856309667547,0.2560125510204081
-0.3484525162700316,-0.3027077443050872,-0.04574477196494442,0.3427241592356688
-0.6926956728839473,-1.004306351710804,0.31161067882685667,0.3859531132075471
-0.6434611138491094,-0.22188101390623982,-0.4215800999428696,0.5263955251396648
0.1146472685094995,-0.5353758237577515,0.650023092267251,0.4077540532544379
-0.3441729601109208,-0.09902609115678263,-0.24514686895413818,0.2853974074074074
0.022384354440919,0.3288207476756108,-0.3064363932346918,0.3571249225352113
-0.3626066806208953,-0.21294325799440417,-0.14966342262649113,0.2308548911564625
2.1651726457947125,1.4385070543782021,0.7266655914165103,0.4270410310559006
-0.0147876509380447,0.3695600603332122,-0.3843477112712569,0.4103113666666667
-1.1224852058445929,-1.2279662644862868,0.10548105864169388,0.3989209285714286
-0.9261677347873666,-1.0506206854261742,0.12445295063880757,0.3608544807692307
-0.1842017448055325,-0.215447888084224,0.03124614327869149,0.4699289935064935
-0.4822660301235716,-0.8373271883688737,0.35506115824530204,0.32182454
2.1651726457947125,2.259040144988571,-0.09386749919385862,0.4050421041666666
0.1107566518380842,-0.0009299396597742642,0.11168659149785846,0.4699289935064935
0.1974228654023145,0.10740265210479477,0.09002021329751972,0.4142846265822784
-0.2380253527382232,-0.2796208372774552,0.04159548453923198,0.3801381595092024
-0.7368091759183656,0.45320024405904086,-1.1900094199774065,0.3794539181286549
1.7273075987174882,0.500590456343494,1.2267171423739942,0.3913449937106918
-0.2907921251024896,0.11116005128593544,-0.401952176388425,0.3672524791666667
0.7873719391805895,-0.11773436794495533,0.9051063071255447,0.3960697315436241
-0.6190972645720894,0.15868145236966177,-0.7777787169417512,0.5642011216216216
-0.3357958618887476,0.05711308131291458,-0.3929089432016622,0.3818871419753086
2.1651726457947125,2.115531236246575,0.04964140954813745,0.3581031125827814
-1.1178920288740777,-0.9648866122484807,-0.15300541662559697,0.4862467272727273
-0.2907921251024896,-0.39600230591467456,0.10521018081218497,0.4108178661971831
-0.76706315089052,-0.8718530383302596,0.1047898874397396,0.37639671875
-0.5035235684068132,-0.6091639588074284,0.10564039040061513,0.3427241592356688
-0.2907921251024896,0.20367264219909378,-0.4944647673015834,0.3683428963414634
-1.1000313390380458,-1.1360974949596347,0.036066155921588905,0.4077540532544379
-0.626338878763472,-0.32923251871585235,-0.2971063600476197,0.3581031125827814
-0.7655135894660492,-0.4605994485845381,-0.3049141408815111,0.4108178661971831
-0.6637636208837421,-0.5855572535363399,-0.07820636734740216,0.3960697315436241
0.2130598219328171,0.5714037915950133,-0.35834396966219617,0.3841937837837837
-1.1152654391922348,-0.5975333545586347,-0.5177320846336001,0.3960697315436241
2.1651726457947125,1.6654909642784517,0.4996816815162608,0.4050421041666666
-0.3611330419954042,-0.174055425730288,-0.18707761626511618,0.2853974074074074
-0.151514196538387,0.27630708748213584,-0.42782128402052283,0.3960697315436241
-0.4884332908128658,-0.20204397373906874,-0.28638931707379706,0.3427241592356688
-0.4899252365466526,0.653263984940092,-1.1431892214867445,0.3924679037433155
-0.7427145617629142,-0.18253646558375114,-0.560178096179163,0.3859531132075471
-0.7019315194841306,-0.0018254627392755574,-0.700106056744855,0.37639671875
1.141084612565968,1.9207886085872123,-0.7797039960212444,0.4151807791411043
-0.821019506949727,-0.44653763052893913,-0.3744818764207879,0.4056208709677419
0.3441866050153919,0.714483568308377,-0.3702969632929851,0.38214178
1.4430320376011947,1.6165491266294865,-0.17351708902829177,0.2853974074074074
-0.3366212569419301,0.7418737540591873,-1.0784950110011176,0.3989209285714286
1.1662209306934952,0.7225996300623374,0.4436213006311578,0.3993076298701298
-0.2907921251024896,-0.2341738682157668,-0.056618256886722784,0.3672524791666667
2.1651726457947125,0.5696424719393084,1.595530173855404,0.345568697368421
-0.6196791917241664,0.5159804493101474,-1.1356596410343138,0.5263955251396648
-0.477197141260268,-0.5208168299142674,0.043619688653999344,0.4509778670886076
-0.1512468965142213,0.1053610138507989,-0.2566079103650202,0.3062974840764331
-0.2907921251024896,-0.5883095923337196,0.29751746723123,0.3571249225352113
-0.5771484857759615,0.9243630735134359,-1.5015115592893973,0.4050421041666666
0.3428401978212643,0.6492460794648895,-0.30640588164362526,0.3818871419753086
-0.9619917189674592,0.4987595066767591,-1.4607512256442183,0.3547797567567567
0.4448773570355317,-0.1818935625936034,0.6267709196291351,0.4489242193548386
-0.5555945593315192,-0.08952879991348278,-0.46606575941803646,0.3427241592356688
-0.6642070379836797,-0.7023328675686056,0.03812582958492583,0.3754729428571428
-0.6158358716512525,-0.708772102426181,0.09293623077492852,0.3571249225352113
-0.2727514131628615,-0.5736664059929858,0.3009149928301243,0.3571249225352113
-1.1592845507208176,-1.321346926961792,0.1620623762409743,0.3608544807692307
-0.2980115164214912,-0.5458623346508746,0.24785081822938343,0.3818871419753086
-0.2301157957178149,-0.48916584729375656,0.25905005157594163,0.4135580243902439
0.1637684744144389,0.2340766174683688,-0.0703081430539299,0.3496421194968553
-0.6118736999771995,-0.49688391601053294,-0.11498978396666659,0.2308548911564625
2.1651726457947125,0.32852781872134795,1.8366448270733646,0.3571249225352113
-0.7566544022099598,-0.20648109186047126,-0.5501733103494886,0.4103113666666667
-0.2907921251024896,-0.4283279535160877,0.13753582841359813,0.4707778461538461
-1.1955569419060874,-1.085256271765943,-0.11030067014014433,0.3608544807692307
0.3046471058508103,-0.5200969614925895,0.8247440673433999,0.3608544807692307
1.90868009024402,0.9742145230789956,0.9344655671650244,0.4103113666666667
0.6550995019357149,1.0045379598755904,-0.3494384579398755,0.3234683624161074
2.1651726457947125,0.8407254199102191,1.3244472258844935,0.3859531132075471
0.7044266804386322,0.2627144707334576,0.4417122097051746,0.4135580243902439
-0.6313190869007577,-0.5389481291705369,-0.09237095773022075,0.3972289517241379
2.1651726457947125,2.077111310875187,0.08806133491952561,0.3978908843930636
-0.4538643581475135,0.1691728837817781,-0.6230372419292917,0.3448446496815286
-0.923362742315376,0.6510323181076613,-1.5743950604230372,0.3818871419753086
-1.1471338611942823,-1.0835352907953055,-0.06359857039897676,0.3989209285714286
2.1651726457947125,-0.055110738003729294,2.2202833837984417,0.3581031125827814
-0.973568545145734,-1.084207173294805,0.1106386281490711,0.3496421194968553
-0.2980983933763759,-0.411992388590209,0.11389399521383309,0.32182454
-0.4771719518519227,-0.29416379125122377,-0.1830081606006989,0.4505385
1.694089597134375,1.3513126883833748,0.3427769087510002,0.3993076298701298
2.1651726457947125,1.9748185992436973,0.19035404655101518,0.4103113666666667
-0.2907921251024896,-0.34881421882114266,0.05802209371865308,0.4108178661971831
-0.6635421603374476,-0.5087821170939272,-0.15476004324352044,0.3859531132075471
0.6402862325608863,0.21923845705488246,0.4210477755060039,0.3571249225352113
-0.0469413094932615,-0.16773747073680081,0.12079616124353931,0.3754729428571428
2.1651726457947125,1.397297796086274,0.7678748497084384,0.3496421194968553
-0.8171613292381548,-0.9286831378881981,0.11152180865004335,0.4581912866666666
-0.729690493503589,-0.2979353867172288,-0.43175510678636025,0.37639671875
-0.4837192595521153,-0.2804728239932558,-0.20324643555885952,0.3336369019607843
-0.206087629318364,0.0739187441052327,-0.2800063734235967,0.4135580243902439
0.1551815840999993,0.5333280250877565,-0.3781464409877572,0.5528236513157895
-0.2907921251024896,-0.38854891412711146,0.09775678902462187,0.3496421194968553
-0.5454877210537206,0.7580178200475899,-1.3035055411013103,0.451932013245033
0.0357705484743786,0.5131365767393874,-0.4773660282650088,0.3972289517241379
-0.7021096958619781,-0.5984428791148401,-0.10366681674713807,0.4509778670886076
-0.5873243708914418,-0.1912618260582971,-0.39606254483314474,0.2560125510204081
-0.2907921251024896,-0.38190160377552423,0.09110947867303465,0.2730334219653179
-0.5315304514155398,-0.17129106285142728,-0.36023938856411253,0.3425733024691358
-0.2238896353443723,-0.21358990210618164,-0.010299733238190667,0.3924679037433155
-0.7111658229943589,0.2672638455290052,-0.9784296685233641,0.4077540532544379
-0.2907921251024896,-0.5023138058664331,0.21152168076394356,0.4489242193548386
-0.9038857956168856,-0.8353748233341405,-0.06851097228274516,0.4699289935064935
0.2700418945265542,1.3118119210524357,-1.0417700265258816,0.451932013245033
-0.7969371565014889,-0.48408136562811555,-0.31285579087337334,0.3999173558282208
-0.6780902313805905,-0.30178683250989236,-0.3763033988706982,0.4056208709677419
2.1651726457947125,1.1495359247357313,1.0156367210589812,0.4707778461538461
-0.4264593416278153,1.091452323812144,-1.5179116654399594,0.4050421041666666
-0.7315336191752173,0.1375688723229709,-0.8691024914981882,0.4505385
-0.1011081517380857,0.7630902693066459,-0.8641984210447317,0.3234683624161074
-0.7808219118112742,-0.14534233464519883,-0.6354795771660754,0.4236190132450331
0.0406244597500579,0.4811715421061789,-0.440547082356121,0.3818871419753086
-0.242839459027993,-0.3476209113359137,0.10478145230792071,0.451932013245033
2.1651726457947125,0.31353362821976816,1.8516390175749442,0.3801381595092024
-0.4635622977920653,-0.5343813249788281,0.07081902718676275,0.4151807791411043
0.672249591874939,1.1793404390349929,-0.5070908471600538,0.3794539181286549
0.3490578179148211,0.354658769049928,-0.005600951135106891,0.4270410310559006
-1.0492823994450182,-1.0950994727921073,0.045817073347089066,0.5528236513157895
0.5440703700986734,-0.41170742872278165,0.9557777988214551,0.4270410310559006
0.2808709262390624,0.33151863820077293,-0.05064771196171053,0.3801381595092024
-0.1107091274923643,0.030542384137431888,-0.14125151162979618,0.3062974840764331
1.4122427312471897,1.1110282997088163,0.30121443153837335,0.2730334219653179
-1.0888717029768853,-0.7850471526379654,-0.30382455033891986,0.3754729428571428
0.6054389898552104,1.2403816101147858,-0.6349426202595754,0.3999173558282208
-0.0903339637007513,0.9918372809604368,-1.082171244661188,0.3672524791666667
-1.1102703949680477,-1.0944319982049786,-0.015838396763069085,0.4770338545454546
0.4914321317793189,0.19133778943758606,0.3000943423417328,0.4699289935064935
-0.2137540349790979,-0.1370669391939337,-0.0766870957851642,0.4505385
-0.513092937558629,-0.1600885018800175,-0.35300443567861145,0.4050421041666666
-0.140814970186751,0.31807697212911085,-0.45889194231586183,0.4577306518518518
-0.263346593656651,-0.3970154605194597,0.1336688668628087,0.3999173558282208
-0.0975878263419753,0.39456286332794294,-0.49215068966991826,0.3859531132075471
-0.9277297383897888,-0.06759482370894741,-0.8601349146808414,0.3841937837837837
2.1651726457947125,1.9408234601059358,0.2243491856887767,0.3754729428571428
-1.1031143638337852,-1.130717214342546,0.027602850508760657,0.4770338545454546
-0.964899078323511,-1.077248528770106,0.11234945044659495,0.4108178661971831
2.1651726457947125,1.2869453789933365,0.878227266801376,0.4056208709677419
0.9805515267123668,1.577864339866826,-0.5973128131544592,0.38214178
0.0213136021423451,-0.1090348414073862,0.1303484435497313,0.3859531132075471
-0.991344338451111,-0.27919780868999516,-0.7121465297611158,0.4142846265822784
-0.8347045030204064,-0.40802140838542167,-0.42668309463498477,0.4270410310559006
-1.2395609497731976,0.009859463186948664,-1.2494204129601463,0.5642011216216216
-1.0398607236123902,-0.8892342010180738,-0.15062652259431641,0.4505385
-0.3669405432459424,-0.15281865640945116,-0.21412188683649122,0.3425733024691358
-0.8266016501137976,-0.9136366752052952,0.08703502509149763,0.3794539181286549
-0.908494028668616,-0.599668735084467,-0.3088252935841489,0.4581912866666666
-0.0389786531430124,0.05331510458320079,-0.09229375772621319,0.3972289517241379
-0.2694561586285161,-0.43068480594880015,0.16122864732028408,0.3330391923076923
0.6287679867521246,-0.43724648051560155,1.0660144672677263,0.4056208709677419
-0.7323594690338603,-0.5812063226447356,-0.1511531463891247,0.3924679037433155
-1.1812941064653006,-1.0682260947832878,-0.11306801168201286,0.3993076298701298
-1.1922988843573503,-0.2696423864751659,-0.9226564978821844,0.3960697315436241
2.1651726457947125,0.9281143950844672,1.2370582507102452,0.3062974840764331
1.6275136133255312,0.8295044632521215,0.7980091500734098,0.3571249225352113
0.3539267991773527,-0.538168647868779,0.8920954470461318,0.4077540532544379
-1.1256793652070094,-0.7574464834010787,-0.3682328818059307,0.5642011216216216
-0.4530086801025328,0.9345713134299394,-1.3875799935324722,0.2560125510204081
-1.0837444215295982,-0.4103738844735862,-0.6733705370560119,0.4509778670886076
-0.769292833471413,-0.5333324561890065,-0.23596037728240649,0.3754729428571428
-1.1419376248212183,-1.2203820924181714,0.07844446759695312,0.38214178
-0.4627004774963379,0.7306188774613228,-1.1933193549576608,0.3448446496815286
0.6231804493100506,1.1077794935556589,-0.4845990442456083,0.4103113666666667
2.1651726457947125,1.0243986386142323,1.1407740071804802,0.4135580243902439
-0.2907921251024896,-0.9691856569768439,0.6783935318743544,0.3672524791666667
-0.5668345323401257,-0.711510225089486,0.14467569274936032,0.4489242193548386
-0.0360279184989528,-0.4565422504003949,0.4205143319014421,0.3683428963414634
-0.2907921251024896,0.34522606309930876,-0.6360181882017983,0.3859531132075471
-1.134578643881367,-0.9895656993578997,-0.14501294452346725,0.3999173558282208
0.0542215579305989,1.2470510186351733,-1.1928294607045744,0.4577306518518518
-0.2907921251024896,-0.9584534755721485,0.6676613504696589,0.345568697368421
2.1651726457947125,2.0551451010093027,0.11002754478540977,0.4581912866666666
0.2880565815310809,0.014382151556216721,0.27367442997486413,0.1728005125
-0.4060419482776295,0.12031550286893215,-0.5263574511465616,0.3279570604026846
0.709759875058097,0.33173489493259073,0.3780249801255063,0.3859531132075471
2.1651726457947125,2.4782427482101563,-0.31307010241544386,0.3234683624161074
-0.2907921251024896,-0.5403356829266648,0.2495435578241752,0.3496421194968553
0.5239052713618375,0.5883102407450125,-0.06440496938317497,0.3993076298701298
-0.5373872661762508,-0.1673636353902466,-0.3700236307860042,0.4142846265822784
-1.124648977447683,-1.0386437446240708,-0.08600523282361228,0.4270410310559006
-0.2907921251024896,-1.1477837782965763,0.8569916531940867,0.4142846265822784
-1.0759795654223812,-1.16285327882354,0.08687371340115879,0.3581031125827814
-0.5151416071701271,-0.3236662044989299,-0.19147540267119723,0.4056208709677419
1.3349576223330226,0.6747868481071839,0.6601707742258387,0.3330391923076923
-0.3621231824031615,0.8044989118604448,-1.1666220942636063,0.3989209285714286
-1.0844091109941283,-1.1249856609423299,0.04057654994820159,0.4270410310559006
-0.2907921251024896,-0.042895611993146475,-0.2478965131093431,0.3547797567567567
1.6601158903229234,-0.4733714885995513,2.133487378922475,0.2560125510204081
-0.8326164071634343,-0.42138717897974937,-0.41122922818368496,0.3496421194968553
-1.1675381341200466,-1.1177982805303182,-0.04973985358972843,0.3924679037433155
-0.2907921251024896,-0.2562065981167257,-0.03458552698576389,0.38214178
-1.1683814912157091,-1.146251805923817,-0.022129685291892187,0.3924679037433155
-1.1649598102715124,-0.8363473315180812,-0.32861247875343125,0.3924679037433155
-0.2807474323460663,0.22225269328943004,-0.5030001256354963,0.4151807791411043
-0.2907921251024896,-0.4801425954929561,0.18935047039046654,0.3993076298701298
1.4818621412714774,-0.32877001366437725,1.8106321549358546,0.345568697368421
-0.198573223366499,-0.2391652053972775,0.04059198203077852,0.3581031125827814
-0.0742458064789523,0.9985650202751915,-1.0728108267541439,0.4577306518518518
0.2580118554993759,-0.3472807200029196,0.6052925755022955,0.3496421194968553
-0.3371811438569201,-0.48066319006112207,0.14348204620420196,0.3683428963414634
-0.6512004500216783,-0.6453569055874862,-0.005843544434192105,0.5263955251396648
-0.8030598906269323,0.3306382758037274,-1.1336981664306598,0.3547797567567567
-1.0557997113781157,-0.9632363369798767,-0.09256337439823903,0.3978908843930636
-0.1127997410224205,-0.2627398334456079,0.1499400924231874,0.3913449937106918
-0.6304341717580688,-0.3706454689061886,-0.2597887028518802,0.5263955251396648
-0.8143969487544453,-0.5349621348579388,-0.2794348138965066,0.4862467272727273
-0.9108213153537404,1.2001302657337554,-2.110951581087496,0.3496421194968553
-0.378244469508778,-0.44157899474219325,0.06333452523341526,0.3859531132075471
-0.7614911663689709,-0.8967562729891677,0.13526510662019686,0.3062974840764331
-0.2003888039910472,0.03631109342364916,-0.23669989741469635,0.5263955251396648
-0.2907921251024896,-0.81297363437176,0.5221815092692703,0.4862467272727273
-0.310263415336344,-0.6152821398490333,0.30501872451268935,0.3608544807692307
-0.1246651515657651,-0.6353362473453221,0.510671095779557,0.3448446496815286
-0.2907921251024896,-0.500803163180499,0.21001103807800942,0.4577306518518518
-0.0546994147106821,-0.5892264793385035,0.5345270646278214,0.3581031125827814
-0.2907921251024896,-0.37563256275428136,0.08484043765179178,0.3801381595092024
1.7139805400905197,0.75301035532245,0.9609701847680697,0.2308548911564625
0.5837968046079344,-0.1255253649228258,0.7093221695307601,0.4699289935064935
-0.2079327318882914,0.35981971236265264,-0.5677524442509441,0.4862467272727273
-0.1505574407530455,0.4746966589963607,-0.6252540997494063,0.4050421041666666
-1.1270774617548167,-1.1561665472389766,0.029089085484159893,0.3978908843930636
-0.2907921251024896,-0.6724379157926865,0.38164579069019694,0.4489242193548386
2.1651726457947125,2.075916504966023,0.08925614082868938,0.3989209285714286
1.7208230323813651,1.2446710523379543,0.47615198004341086,0.4077540532544379
-0.9569860215196212,-0.5335668882183727,-0.4234191333012485,0.4505385
-0.8481151373009523,-0.9911937100728492,0.14307857277189684,0.3571249225352113
-0.9934452096270724,-1.1824232674348705,0.18897805780779808,0.4770338545454546
0.3788570381366331,-0.14720462872751763,0.5260616668641507,0.3801381595092024
-0.2907921251024896,-0.4795502530756148,0.1887581279731252,0.3999173558282208
2.1651726457947125,1.5931362836617569,0.5720363621329556,0.5528236513157895
-0.9175830606591164,-0.4265113446397344,-0.49107171601938204,0.3978908843930636
-0.724605481628247,1.742979808142194,-2.467585289770441,0.4699289935064935
-0.5054128461360239,0.1932960223217242,-0.698708868457748,0.451932013245033
-1.1273515905958118,-1.0752607746700618,-0.052090815925750045,0.3496421194968553
0.0519022477725988,0.7868100743156341,-0.7349078265430353,0.3581031125827814
-1.151168070012302,-1.1540863078580526,0.0029182378457506264,0.4577306518518518
2.1651726457947125,1.5648589978918745,0.6003136479028379,0.3571249225352113
2.1651726457947125,1.8218489574660781,0.34332368832863436,0.5263955251396648
0.1219187730862246,-0.003967221239339224,0.12588599432556383,0.3581031125827814
0.0214633820994765,0.013641587598967924,0.007821794500508576,0.3427241592356688
-1.1416769060856142,-1.0004513269403406,-0.14122557914527367,0.3385222580645161
-0.3955496195856004,-0.31563497666977447,-0.07991464291582595,0.3960697315436241
-0.2907921251024896,-0.13657211108227368,-0.1542200140202159,0.3818871419753086
-0.2907921251024896,0.6169488581482533,-0.9077409832507428,0.3993076298701298
-0.0953509302612373,-0.5011321376666197,0.40578120740538237,0.3581031125827814
-0.2907921251024896,-1.0601698811997908,0.7693777560973012,0.5263955251396648
2.1651726457947125,2.1013326684535776,0.06383997734113489,0.345568697368421
2.1651726457947125,0.9590230607384258,1.2061495850562867,0.4236190132450331
2.1651726457947125,2.1261990022643147,0.038973643530397784,0.4577306518518518
-1.0990853041029165,-1.1588583256185283,0.05977302151561181,0.4707778461538461
-0.6195719657904788,-0.6120509022049768,-0.007521063585501975,0.3818871419753086
-0.961198548822386,-0.7099098221076233,-0.25128872671476266,0.3608544807692307
1.878895417458188,1.2556944632739155,0.6232009541842725,0.4103113666666667
0.6675085777351818,0.6264409815477182,0.041067596187463584,0.4077540532544379
2.1651726457947125,0.4837917369379961,1.6813809088567164,0.2308548911564625
2.1651726457947125,1.2439344110671795,0.921238234727533,0.3427241592356688
1.8780341450683409,1.0449322222631632,0.8331019228051777,0.4135580243902439
2.1651726457947125,2.2060028179645643,-0.04083017216985185,0.2730334219653179
-1.117997982263672,-1.1726251863203243,0.05462720405665222,0.4135580243902439
-0.414494438824469,-0.06299444729696997,-0.35149999152749906,0.3999173558282208
0.0873623024074237,0.8831349247824714,-0.7957726223750476,0.37639671875
0.7780019126882681,0.3221616711391148,0.4558402415491533,0.4581912866666666
-1.0838232166548398,-0.7657317878161671,-0.3180914288386727,0.3279570604026846
2.1651726457947125,1.13011767214437,1.0350549736503425,0.4135580243902439
-1.2913418853065666,-1.0433046148793075,-0.2480372704272591,0.4108178661971831
-0.8956052024385711,-0.7948581357053732,-0.10074706673319789,0.4077540532544379
-1.0991769323882596,-1.0072083680804247,-0.09196856430783495,0.4151807791411043
-0.2612946754347215,0.08518349104894848,-0.34647816648367,0.3330391923076923
1.222826600266425,0.46739486210706893,0.755431738159356,0.4056208709677419
-0.3248691797198838,-0.3085077859245416,-0.01636139379534224,0.4095118375
-0.8428029417785486,-0.87747560720273,0.03467266542418135,0.4505385
-0.3863604693833326,-0.30660194176179467,-0.07975852762153796,0.3999173558282208
-0.573016610258534,-0.5138438855879333,-0.05917272467060075,0.3794539181286549
-0.767631069004371,-0.05854670964980791,-0.709084359354563,0.3818871419753086
-0.5529711966687333,-0.5557360977820389,0.002764901113305629,0.3859531132075471
2.1651726457947125,1.8404871348404361,0.32468551095427634,0.3448446496815286
-0.8357440809401736,-0.5784270790554769,-0.25731700188469675,0.3448446496815286
2.1651726457947125,0.8761802182178692,1.2889924275768432,0.2308548911564625
0.2871681705666303,0.035859742701117414,0.2513084278655129,0.4581912866666666
-0.0901628419577753,-0.02756065084544028,-0.06260219111233502,0.3993076298701298
-1.178149884227408,-0.8496589966789047,-0.3284908875485034,0.32182454
2.1651726457947125,0.9828265292842521,1.1823461165104603,0.345568697368421
2.1651726457947125,2.3651267278682733,-0.1999540820735608,0.3989209285714286
-0.3999548767636238,-0.46073211379161133,0.06077723702798754,0.3841937837837837
0.2261068566793744,-0.4231573532974907,0.6492642099768651,0.4489242193548386
-0.4438948172393507,-0.45442857630715733,0.010533759067806625,0.3385222580645161
0.8876041355761823,-0.23930579287720302,1.1269099284533854,0.3062974840764331
2.1651726457947125,1.3030718557814374,0.8621007900132751,0.4509778670886076
-0.6277537789468203,-0.3349094180442181,-0.2928443609026022,0.3978908843930636
-0.4310812640861992,0.22012551095201038,-0.6512067750382096,0.3062974840764331
-0.2153490583295205,0.3195689458585619,-0.5349180041880823,0.4095118375
-0.2907921251024896,-0.4701019990804741,0.17930987397798454,0.3608544807692307
-0.2907921251024896,-0.5669188563710943,0.2761267312686047,0.3496421194968553
-0.8200338119880242,-0.09755574543874879,-0.7224780665492754,0.4236190132450331
2.1651726457947125,2.195654331152204,-0.030481685357491628,0.3859531132075471
0.0881126735759032,0.6849874430886231,-0.5968747695127199,0.4862467272727273
0.7988309541054072,-0.18080058764462786,0.979631541750035,0.32182454
-0.2907921251024896,-0.7337368909659675,0.4429447658634779,0.4509778670886076
-0.2907921251024896,-0.05757091000933783,-0.23322121509315175,0.3972289517241379
0.6239925666585255,0.41965291765884216,0.20433964899968338,0.3336369019607843
0.0118554955207637,-0.5535214477458971,0.5653769432666608,0.3859531132075471
-0.0634817778764833,-0.27420176317041706,0.21071998529393376,0.2308548911564625
-0.0481814597904228,0.08379831941875311,-0.13197977920917592,0.3978908843930636
-0.6233819095605887,-0.07844355579475265,-0.5449383537658361,0.3960697315436241
-1.1169879120270916,-0.6900423792090088,-0.4269455328180828,0.3547797567567567
-1.0974198534138475,-1.1922635994062545,0.09484374599240697,0.3993076298701298
-0.2907921251024896,-1.200424649969662,0.9096325248671724,0.3913449937106918
0.3204589196301129,-0.4851182913254821,0.805577210955595,0.4699289935064935
2.1651726457947125,2.0602735132651917,0.10489913252952077,0.2308548911564625
-0.0507621578977759,-0.29047767638915817,0.23971551849138228,0.4707778461538461
-0.6198858397954109,0.25164283443798363,-0.8715286742333945,0.4862467272727273
-1.1321379989953426,-0.7156925461076781,-0.41644545288766455,0.4103113666666667
2.1651726457947125,1.5778711071644822,0.5873015386302303,0.2560125510204081
-1.1698908819875111,-1.200244665542118,0.030353783554606828,0.3385222580645161
0.5127773353997325,0.6326322049947488,-0.11985486959501634,0.4077540532544379
-0.5928665482237694,-0.13630017034285571,-0.4565663778809137,0.5528236513157895
-1.1253767908199697,-1.2671706397961149,0.14179384897614522,0.4077540532544379
2.1651726457947125,1.805625680008948,0.3595469657857644,0.3330391923076923
1.29705887427623,-0.004212671015134674,1.3012715452913646,0.2730334219653179
-0.449371551314543,0.05484453171421222,-0.5042160830287552,0.3999173558282208
0.3746121818909911,-0.2543706026993369,0.628982784590328,0.4770338545454546
-1.0932558834081347,-0.6159027091853352,-0.47735317422279955,0.3385222580645161
-0.607833837784686,-0.28586546346201436,-0.32196837432267167,0.3924679037433155
0.5338791321295299,0.6199362597049844,-0.08605712757545458,0.3993076298701298
-0.2487839807239366,-0.49012858099806117,0.24134460027412458,0.4505385
2.1651726457947125,1.3940688951294307,0.7711037506652818,0.4862467272727273
0.7791949553609743,0.4223919487697716,0.3568030065912027,0.4699289935064935
-0.895169881509703,-0.4895938366644839,-0.4055760448452191,0.3425733024691358
-0.3781329665021372,-0.25881183873955527,-0.11932112776258191,0.3425733024691358
-0.8736721758343198,-0.7181151660649119,-0.1555570097694079,0.5528236513157895
-0.2907921251024896,0.23367134505360643,-0.524463470156096,0.3336369019607843
-0.1202704127544425,0.35118516547491246,-0.47145557822935497,0.5528236513157895
-1.1411277200933845,-1.2548789109590581,0.11375119086567365,0.4770338545454546
0.3090255778396572,0.08866954560960932,0.22035603223004785,0.3581031125827814
2.1651726457947125,1.2121465972745498,0.9530260485201627,0.3571249225352113
1.6582141771506858,2.0888416136396106,-0.4306274364889249,0.3989209285714286
-1.060402711473082,-0.850279090970597,-0.21012362050248512,0.3999173558282208
-0.5063477843329443,-0.6572929469586279,0.1509451626256837,0.4509778670886076
0.024340448163258,-0.5410627733959539,0.5654032215592119,0.3608544807692307
0.8221537683420302,0.9256034457323066,-0.10344967739027633,0.451932013245033
2.0622541268338823,1.5730610886136036,0.4891930382202787,0.3608544807692307
-0.3652420564073523,0.9622069176237732,-1.3274489740311255,0.4050421041666666
-0.6023212243919698,-0.5405504010572576,-0.06177082333471218,0.3859531132075471
-0.3378554226648023,-0.4225953979552146,0.08473997529041233,0.4509778670886076
-0.6894686645236641,-0.32861084244319755,-0.3608578220804665,0.3993076298701298
-0.3071214682746518,-0.3673910009647473,0.060269532690095495,0.451932013245033
2.1651726457947125,0.7471592677038396,1.418013378090873,0.4707778461538461
-1.062191228003363,-0.22712029140347553,-0.8350709365998874,0.1728005125
0.4202583733842382,-0.1672820953368582,0.5875404687210964,0.4270410310559006
0.7344206433668028,2.133371700660115,-1.3989510572933124,0.4505385
2.1651726457947125,1.5579276453583488,0.6072450004363636,0.3571249225352113
-0.2907921251024896,-0.9047525617892956,0.6139604366868061,0.1728005125
-0.6228016288993594,-0.3936491604736736,-0.22915246842568582,0.4770338545454546
-0.2907921251024896,-0.42070313153531735,0.12991100643282777,0.4135580243902439
-1.1662349367328806,-0.2682460163267907,-0.8979889204060899,0.4050421041666666
-0.7366142002628691,-0.289744683585833,-0.44686951667703606,0.32182454
0.061512142547199,0.7985601055832787,-0.7370479630360798,0.3496421194968553
2.1651726457947125,1.203704328031911,0.9614683177628014,0.4505385
-0.5626786848509205,-0.5035391314714927,-0.05913955337942789,0.2308548911564625
1.088011118289954,0.7011247629872435,0.3868863553027104,0.3608544807692307
-0.9475795491441936,-0.9899158726474833,0.04233632350328964,0.3801381595092024
-0.7079162629389315,-0.5390835685985178,-0.1688326943404137,0.4236190132450331
-0.2907921251024896,0.30653401592692586,-0.5973261410294155,0.3841937837837837
0.8729310984131937,0.3594613442970302,0.5134697541161635,0.4142846265822784
0.4074142302059859,0.029606430724591997,0.37780779948139387,0.3754729428571428
-1.1572872421552594,-1.0488271564522968,-0.1084600857029625,0.3972289517241379
2.1651726457947125,2.1531095002047893,0.012063145589923163,0.3993076298701298
1.0771654849896268,0.5110363441409291,0.5661291408486977,0.4056208709677419
-0.3218856875936903,-0.2653440627052816,-0.05654162488840869,0.4699289935064935
-0.6183573915655385,-0.4929575887192948,-0.1253998028462437,0.3978908843930636
-0.2907921251024896,-0.08537677914881162,-0.20541534595367797,0.4151807791411043
-0.6079941844415028,-0.7488317767064383,0.14083759226493553,0.4862467272727273
-0.3345221360142645,-0.584552141534942,0.25003000552067745,0.3978908843930636
0.369380990469688,-0.141781764663496,0.511162755133184,0.4707778461538461
-0.5964362960773534,-0.6631147713903026,0.06667847531294924,0.3672524791666667
2.1651726457947125,0.5813322479342571,1.5838403978604554,0.3385222580645161
-1.0872697679700676,-1.0428055533605312,-0.04446421460953642,0.3754729428571428
-0.3781739897169585,-0.4307903193731919,0.05261632965623342,0.4505385
1.6673766471493576,2.296605917058856,-0.6292292699094983,0.2853974074074074
-1.0398247907720286,-0.094754579171356,-0.9450702116006726,0.3924679037433155
-0.2907921251024896,-0.4632120409690017,0.17241991586651212,0.4770338545454546
0.8317411050827339,0.4125080644548761,0.4192330406278578,0.3672524791666667
-0.7676218215574582,-0.23325372141987666,-0.5343681001375815,0.3913449937106918
0.0390454869121974,0.7590880151637139,-0.7200425282515165,0.3978908843930636
-0.2317548052534752,-0.12080398895801575,-0.11095081629545944,0.2560125510204081
0.2430598260878734,0.43195518806975075,-0.18889536198187734,0.3691574802631578
0.5273908536617309,0.5474634100468769,-0.020072556385146045,0.37639671875
0.740309416134544,0.6044857752507324,0.1358236408838116,0.345568697368421
-0.6778476457545377,-0.5424984004581557,-0.13534924529638204,0.5528236513157895
-1.1217261957493987,-1.2006980251751018,0.07897182942570313,0.3978908843930636
2.1651726457947125,2.289308880692695,-0.12413623489798242,0.3999173558282208
2.1651726457947125,1.3429532450837174,0.8222194007109951,0.4135580243902439
-0.5798113281674417,-0.016198988043157968,-0.5636123401242837,0.38214178
1.9789997168534503,0.6885273360450338,1.2904723808084166,0.3859531132075471
0.3566639428358012,0.6878043030560596,-0.33114036022025833,0.3425733024691358
-0.763112547042806,-0.39441825465934094,-0.368694292383465,0.4142846265822784
-0.8820784263733922,-0.546169431839695,-0.33590899453369716,0.4151807791411043
-0.4804953389564295,-0.4412967636117091,-0.03919857534472038,0.3794539181286549
-0.2907921251024896,-0.6461414075744727,0.3553492824719831,0.4862467272727273
0.0314899432518018,-0.17074471506412925,0.20223465831593104,0.3993076298701298
-1.1354856857454916,-0.988575948184126,-0.1469097375613656,0.3672524791666667
2.1651726457947125,1.969329926413704,0.1958427193810084,0.4236190132450331
-0.0926671311631,-0.061445808259197356,-0.03122132290390265,0.3972289517241379
-0.4284466988676618,-0.6902977520104978,0.261851053142836,0.4056208709677419
0.2124523698147073,0.4454533352225993,-0.23300096540789197,0.5642011216216216
0.4672948643640863,0.17585233965659064,0.29144252470749565,0.3972289517241379
-0.815676047909816,-0.4328377443436443,-0.38283830356617166,0.3960697315436241
2.0498587451158983,1.4744779646270536,0.5753807804888447,0.3754729428571428
0.5304779301085529,0.9298939005753873,-0.3994159704668344,0.3330391923076923
0.310088906271052,-0.17653981032691773,0.48662871659796975,0.4135580243902439
-0.9224006825792476,-0.9141042552836813,-0.008296427295566233,0.4270410310559006
-0.2907921251024896,-0.38935990959116884,0.09856778448867926,0.345568697368421
-0.8198242857271723,-0.5692939044582859,-0.2505303812688864,0.3972289517241379
0.0381636741924701,-0.04907088018780478,0.08723455438027489,0.3496421194968553
1.6999071976016342,0.6432805941630279,1.0566266034386063,0.3993076298701298
-0.2821436740165517,-0.16374505875285916,-0.11839861526369255,0.451932013245033
0.7400932829131845,1.1372347682860622,-0.39714148537287763,0.2853974074074074
-0.6127110269387923,-0.2785540009126769,-0.3341570260261154,0.3581031125827814
-1.1370633646063537,-1.1577943749419037,0.020731010335550026,0.451932013245033
1.2089988784773138,1.153313196029415,0.05568568244789884,0.3581031125827814
-0.3932003869523255,0.23168488133499035,-0.6248852682873158,0.5528236513157895
-0.7825712730777319,-0.4129761529787447,-0.3695951200989872,0.2730334219653179
0.2813998836095439,0.820891810588027,-0.539491926978483,0.37639671875
-0.297280373461216,-0.07929444478345392,-0.21798592867776206,0.4270410310559006
-0.6954734241727849,-0.48899946136675226,-0.20647396280603264,0.3385222580645161
2.1651726457947125,2.1823396395003862,-0.01716699370567376,0.3571249225352113
-0.1484689697211859,0.27645062502872686,-0.42491959474991275,0.4135580243902439
0.0049038756706122,-0.14040899533021112,0.14531287100082332,0.3794539181286549
-0.5702198110197538,-0.5350423768243461,-0.03517743419540775,0.3794539181286549
1.5171728885823712,0.5886062712215201,0.9285666173608511,0.4270410310559006
-0.2907921251024896,-1.1518568052961737,0.8610646801936841,0.3608544807692307
0.5516560810686418,0.0007369636153280656,0.5509191174533138,0.3913449937106918
-0.4876933710580186,-0.17042697726281428,-0.31726639379520427,0.3425733024691358
2.1651726457947125,2.1295033986868064,0.03566924710790609,0.3581031125827814
-0.8139038294995992,-0.6114243255532108,-0.20247950394638836,0.3571249225352113
-0.0585475447078942,-0.2509324465378775,0.1923849018299833,0.3859531132075471
-0.4179626949379485,-0.16713797484748918,-0.2508247200904593,0.4056208709677419
0.2227412182268344,-0.21510404158026394,0.4378452598070983,0.3972289517241379
-1.1542054224355212,-1.2623142428078007,0.10810882037227953,0.3385222580645161
-0.0505748422279727,0.2113955737678999,-0.2619704159958726,0.37639671875
0.0079369106905686,0.9757777660297087,-0.9678408553391401,0.4103113666666667
-0.2907921251024896,-0.30908595122575744,0.018293826123267853,0.3427241592356688
-1.098288148150547,-0.8612979769244422,-0.23699017122610488,0.3571249225352113
-0.0871248547877715,0.4567457251016167,-0.5438705798893883,0.3924679037433155
2.1651726457947125,1.7611831975964873,0.40398944819822513,0.3279570604026846
-0.6729856125566086,1.0148623609226741,-1.6878479734792826,0.451932013245033
0.044342581546332,0.5956587244381017,-0.5513161428917698,0.4095118375
-1.2858248233261516,0.5845093182540404,-1.870334141580192,0.4142846265822784
-1.2913418853065666,-0.5903238509265637,-0.7010180343800029,0.3425733024691358
-0.8857940915070707,-0.857876727501877,-0.027917364005193623,0.3818871419753086
-0.3719353879579085,-0.3847300212252083,0.012794633267299793,0.3330391923076923
0.9758506856023104,0.47470945529455305,0.5011412303077574,0.1728005125
-0.4235365438449475,-0.504514105979656,0.08097756213470847,0.4707778461538461
-0.9081591275176448,-1.2040632495291916,0.2959041220115468,0.3672524791666667
0.2616521092921317,0.6229511194645814,-0.3612990101724497,0.3385222580645161
1.38190328691928,-0.13974565865832128,1.5216489455776012,0.3794539181286549
-0.3122095564256035,-0.2676875509675367,-0.04452200545806678,0.3547797567567567
2.1651726457947125,1.0732946641907612,1.0918779816039512,0.2853974074074074
0.5531411666880105,0.22780299788447997,0.3253381688035305,0.3581031125827814
-1.0994230939816705,-1.1365589117697428,0.03713581778807229,0.32182454
0.2119702589913309,-0.6104393640583721,0.822409623049703,0.4135580243902439
-0.4220712751453807,-0.0023914992453971332,-0.41967977589998356,0.2853974074074074
2.1651726457947125,2.008738317318193,0.15643432847651928,0.3754729428571428
-0.2907921251024896,-0.14239604659370353,-0.14839607850878606,0.2560125510204081
-0.8531516387067735,-0.40875725372083205,-0.4443943849859414,0.3279570604026846
-0.5020929714925026,-0.2063790411133894,-0.29571393037911325,0.4236190132450331
-0.2907921251024896,-0.07893026940666498,-0.2118618556958246,0.3993076298701298
0.2355710461259019,0.25657655919136224,-0.021005513065460335,0.3279570604026846
-0.9511693956354914,-0.9300226553036344,-0.02114674033185704,0.3234683624161074
-0.113145275509208,0.2545648274329824,-0.3677101029421904,0.4151807791411043
-0.2907921251024896,-0.07676088964158627,-0.2140312354609033,0.3336369019607843
1.1769843971278908,0.4631034895082039,0.7138809076196869,0.1728005125
-0.4789680641880323,-0.2952157599902074,-0.1837523041978249,0.4236190132450331
2.1651726457947125,1.2372605895998656,0.9279120561948468,0.3427241592356688
-1.1476652332331272,-1.241222407969915,0.09355717473678782,0.3801381595092024
-0.7027260166865649,-0.6365790532609074,-0.06614696342565751,0.5642011216216216
0.8043932870845998,0.5796250273447336,0.22476825973986614,0.4151807791411043
0.542895862333165,0.6948301112864832,-0.1519342489533182,0.5263955251396648
-0.7857021819950541,-0.42133421779746616,-0.364367964197588,0.3279570604026846
-0.5947774145539828,-0.7390677322094426,0.14429031765545974,0.4770338545454546
-0.2330429462424885,0.032405704195717366,-0.26544865043820587,0.3385222580645161
-0.4769883217702708,0.14194287929389743,-0.6189312010641682,0.1728005125
-1.1887344475856494,-0.913275490041775,-0.2754589575438744,0.3547797567567567
-0.2256160269542219,0.2501636271844105,-0.4757796541386324,0.37639671875
-0.2907921251024896,-0.5493431532269544,0.2585510281244648,0.3448446496815286
-0.4931301000804396,-0.5099849757754458,0.016854875695006155,0.3279570604026846
-0.9983993381971372,-0.07313175034580588,-0.9252675878513313,0.3234683624161074
-0.2907921251024896,0.3966005467883817,-0.6873926718908713,0.3841937837837837
0.3229112049211872,0.3473689489362549,-0.02445774401506773,0.3913449937106918
1.137676508832513,0.9457533745383785,0.19192313429413443,0.3924679037433155
-1.1698468645046851,-0.6440197243369602,-0.5258271401677249,0.2730334219653179
-1.0063474047210028,-0.9385469437443311,-0.0678004609766717,0.32182454
2.1651726457947125,0.6094665829729659,1.5557060628217467,0.3859531132075471
0.0854781032071297,-0.3572141399291723,0.44269224313630195,0.4270410310559006
-0.0090651662186611,-0.09384863050756298,0.08478346428890188,0.3841937837837837
-0.9180598195156592,-0.8023308486936234,-0.11572897082203581,0.3496421194968553
-0.2907921251024896,0.29522560743563614,-0.5860177325381257,0.3279570604026846
1.6415135459344568,0.4574508282414846,1.184062717692972,0.3993076298701298
0.6222436423697882,0.3784117868340861,0.24383185553570214,0.4135580243902439
-1.0335885185439782,-1.0372973024593506,0.003708783915372438,0.3683428963414634
0.7377566937132388,0.741135882894861,-0.0033791891816221664,0.4270410310559006
0.493306948041875,-0.38663420646262914,0.8799411545045042,0.3794539181286549
-0.3664616406234527,-0.07937260382846424,-0.2870890367949885,0.3062974840764331
-0.5883473083985334,-0.16228614061573196,-0.42606116778280145,0.4577306518518518
0.2017040030800643,0.4654764727821912,-0.26377246970212687,0.3818871419753086
-0.3452075236816359,-0.2625669094208693,-0.08264061426076658,0.4056208709677419
-1.094213440253268,-0.4975571865223288,-0.5966562537309392,0.37639671875
-0.3724613740383614,-0.36301741157730655,-0.009443962461054833,0.4056208709677419
-0.8208876307977911,0.7380293162782885,-1.5589169470760798,0.3801381595092024
-0.4771538071741488,0.2780818670659156,-0.7552356742400643,0.451932013245033
-0.80904553299601,0.6055376395707731,-1.414583172566783,0.3683428963414634
-0.5210755744477176,-0.3256074202207893,-0.19546815422692826,0.345568697368421
-0.5233242289135284,-0.3449580067285113,-0.17836622218501708,0.3336369019607843
-1.0245709100270104,-0.9601025150493826,-0.0644683949776278,0.3683428963414634
2.1651726457947125,1.088572938862451,1.0765997069322615,0.32182454
-0.7698572858725746,-0.010782015121622232,-0.7590752707509524,0.5642011216216216
-0.0653666367031635,-0.2972715888691313,0.2319049521659678,0.3683428963414634
0.9459614226151314,1.6784053849546055,-0.7324439623394741,0.3999173558282208
-0.7782666673589931,-0.5216485944163837,-0.2566180729426094,0.3683428963414634
-0.1711818799311677,0.07569769926681749,-0.2468795791979852,0.3924679037433155
-0.1339273816367132,-0.20236302134486867,0.06843563970815547,0.3801381595092024
-0.2907921251024896,0.37488305411434947,-0.665675179216839,0.2730334219653179
-0.2907921251024896,-0.39923498695712534,0.10844286185463575,0.4577306518518518
-1.1201037786896018,-1.190034374355948,0.0699305956663463,0.3960697315436241
-0.4193797752558337,-0.026034540548469386,-0.3933452347073643,0.4270410310559006
-0.9140352150162931,-0.6266188285040627,-0.28741638651223045,0.3683428963414634
-0.2907921251024896,-0.23020761457422784,-0.06058451052826175,0.3448446496815286
2.1651726457947125,0.9909703769792821,1.1742022688154303,0.3913449937106918
2.1651726457947125,1.4284231335293323,0.7367495122653802,0.3571249225352113
0.2638274315276957,0.07826319368747776,0.18556423784021797,0.32182454
0.1428621905493758,0.10208781095773325,0.04077437959164254,0.2730334219653179
1.154692923998904,0.20133745362450706,0.953355470374397,0.4270410310559006
0.1434622279122625,0.6334513366413206,-0.4899891087290581,0.2560125510204081
-0.8188829311284785,-0.7329635130213629,-0.08591941810711567,0.4509778670886076
-0.847252723935735,-0.9133713337660573,0.06611860983032225,0.3924679037433155
-0.5721154587986135,-0.2694444237873649,-0.3026710350112486,0.5528236513157895
0.4462257827260188,-0.01052414393537986,0.4567499266613987,0.3608544807692307
1.3037824000760554,0.4618782680993007,0.8419041319767546,0.32182454
-0.7241204577521265,0.07485707251069774,-0.7989775302628243,0.3754729428571428
2.1651726457947125,0.6490062451638993,1.516166400630813,0.345568697368421
1.7419430427228646,1.056260777214839,0.6856822655080257,0.3330391923076923
1.8408924492246996,0.20079644853751152,1.640096000687188,0.3913449937106918
1.8199962083199328,0.522209239973063,1.2977869683468697,0.2308548911564625
-0.3069374966927328,-0.4427629758469725,0.1358254791542397,0.5642011216216216
-0.4195391996242255,0.03379397303571134,-0.45333317265993683,0.451932013245033
-0.3056590349781161,0.34193409929282087,-0.6475931342709369,0.3841937837837837
-0.7143087493932444,0.419267278957826,-1.1335760283510705,0.2560125510204081
-0.6970838796112714,-0.4368066340746299,-0.2602772455366415,0.3385222580645161
-1.2245783997855462,0.446842241038403,-1.6714206408239491,0.3330391923076923
-0.1585037981908866,-0.5200843531756627,0.3615805549847761,0.4077540532544379
-0.4878262519021561,0.006286441934243556,-0.49411269383639966,0.3999173558282208
-0.9433029286988652,-0.16719795652172992,-0.7761049721771354,0.4270410310559006
0.1039500749164148,0.5869321277292721,-0.4829820528128573,0.5528236513157895
-1.1166923147440622,-1.114148745317013,-0.0025435694270492526,0.32182454
-0.6271215894526214,-0.09338352604819845,-0.533738063404423,0.4050421041666666
0.4557992158102494,1.8742455323450231,-1.4184463165347738,0.3924679037433155
0.2626917466376993,0.5546566819620626,-0.29196493532436335,0.3859531132075471
-0.8851568884561638,-1.0299620939373968,0.144805205481233,0.4699289935064935
0.1478290033188691,-0.7115884502109786,0.8594174535298478,0.3571249225352113
-0.5758155428835546,-0.2487460287071232,-0.32706951417643143,0.3336369019607843
2.1651726457947125,1.001405694959363,1.1637669508353494,0.4095118375
-0.6070447879473039,-0.1876520547562491,-0.41939273319105475,0.3924679037433155
-1.127434776019965,-1.05836491039432,-0.06906986562564499,0.3841937837837837
-0.2907921251024896,-0.6272303200767014,0.33643819497421185,0.3571249225352113
2.1651726457947125,1.754406041162493,0.41076660463221937,0.4770338545454546
-1.094450209678133,-0.973542360770244,-0.12090784890788897,0.37639671875
-0.1594218745149813,0.13232967041804758,-0.2917515449330289,0.4056208709677419
0.7216244476976533,-0.2784261471815693,1.0000505948792227,0.4707778461538461
-0.755396890467076,-0.5680954760551838,-0.1873014144118922,0.32182454
-0.499604573142422,0.8496300684382319,-1.349234641580654,0.3330391923076923
-0.2907921251024896,-1.189620900660305,0.8988287755578153,0.3672524791666667
-0.6210314012534618,-0.5063618368718813,-0.11466956438158049,0.3818871419753086
-0.8881093904235322,-0.8314360188074169,-0.0566733716161153,0.2308548911564625
-0.8368597179420896,-0.7033286866216129,-0.13353103132047672,0.5528236513157895
2.1651726457947125,-0.0980467536991217,2.2632193994938343,0.4707778461538461
1.7295438886550607,1.5053053098012392,0.22423857885382148,0.4103113666666667
0.9909507379481074,0.37709895376346386,0.6138517841846436,0.3972289517241379
-0.2907921251024896,-0.32457262407289295,0.03378049897040336,0.4142846265822784
-0.2616330772407528,-0.07973547867872578,-0.18189759856202703,0.4770338545454546
0.6730182760942941,0.4047863260230616,0.2682319500712325,0.2730334219653179
-0.1028258739159762,-0.26857702460262695,0.16575115068665075,0.3385222580645161
1.328161547931174,0.05574983438621013,1.2724117135449637,0.5263955251396648
-0.1061068012859762,-0.2693242644019737,0.1632174631159975,0.1728005125
1.6634584224395137,1.5539749888802126,0.10948343355930112,0.3062974840764331
0.1902328684613065,0.45622458032367214,-0.26599171186236564,0.451932013245033
0.6068387590412176,0.4159229795767686,0.19091577946444904,0.4151807791411043
2.1651726457947125,1.76837817323101,0.3967944725637025,0.3496421194968553
-0.2907921251024896,-0.35882481245705933,0.06803268735456974,0.4489242193548386
-0.8054342536389238,0.4770268477941296,-1.2824611014330536,0.3062974840764331
-1.1536944160939382,-1.047242896262041,-0.10645151983189716,0.3336369019607843
-1.0780184986314796,0.21163884462745108,-1.2896573432589307,0.4108178661971831
-1.1506080198744466,-0.9919102353572607,-0.15869778451718586,0.3960697315436241
-1.183660157313246,-1.0486794395945387,-0.13498071771870723,0.5642011216216216
0.1755956262312049,-0.24744671692932044,0.42304234316052536,0.3448446496815286
0.1432045104965245,-0.549772858536029,0.6929773690325535,0.32182454
-0.0475219229389739,0.39566863480962583,-0.4431905577485997,0.3960697315436241
-0.2907921251024896,-0.34080075342706595,0.050008628324576365,0.4581912866666666
0.0137618870881944,-0.13965405029486,0.1534159373830544,0.3330391923076923
-1.1914066050506036,-0.5373127588311719,-0.6540938462194317,0.4236190132450331
-0.2907921251024896,0.34684361953855425,-0.6376357446410439,0.4050421041666666
-1.093845760543812,-1.1312060381563613,0.03736027761254923,0.3279570604026846
1.807140207713606,1.4180102666135992,0.38912994110000687,0.3683428963414634
-0.6478579844619845,-0.16367409073490707,-0.48418389372707743,0.2730334219653179
-0.8441293165353045,-0.5515564844321406,-0.292572832103164,0.3913449937106918
-0.4458748136033666,-0.015599986912560019,-0.4302748266908066,0.3960697315436241
-0.2907921251024896,-0.1393421880353695,-0.1514499370671201,0.4108178661971831
0.2009481865273926,0.2650055324632516,-0.06405734593585899,0.4142846265822784
-1.1416580965519836,-1.1228392433070815,-0.018818853244902067,0.345568697368421
-0.7132071586697228,0.7647871031274087,-1.4779942617971316,0.3841937837837837
-1.1306074942762154,-0.7945511152298573,-0.3360563790463581,0.1728005125
-0.6828216874745843,-0.40422872420124717,-0.2785929632733371,0.2730334219653179
-0.4394426093209853,0.09041819685444083,-0.5298608061754261,0.2853974074074074
-0.7735228835807573,-0.5040111042059531,-0.2695117793748042,0.3547797567567567
-0.5927106097728388,-0.14277129140974823,-0.44993931836309065,0.2853974074074074
1.8475886502490788,1.0060686152760414,0.8415200349730374,0.3608544807692307
-0.5862861546148517,0.018847328256715867,-0.6051334828715675,0.4577306518518518
0.953632803007717,-0.4671309733119556,1.4207637763196725,0.4707778461538461
-1.0480255436441213,0.09916327265037855,-1.1471888162944999,0.3841937837837837
0.9540698825441096,0.4395036936413558,0.5145661889027539,0.4505385
-0.730986199397015,-0.3775416904843178,-0.35344450891269724,0.1728005125
-0.7501125109734031,-0.6111368280511535,-0.1389756829222496,0.3330391923076923
-0.8156514864340967,-0.2624322740919476,-0.5532192123421491,0.3999173558282208
-0.4836939675352208,-0.5240181067887223,0.04032413925350148,0.3794539181286549
-0.806443351669407,-0.8257854138223657,0.01934206215295875,0.3989209285714286
0.0099480885644874,-0.15080188535808997,0.16074997392257737,0.3496421194968553
-1.124954968105146,-1.0959563005683843,-0.028998667536761724,0.3691574802631578
-0.8360393483307753,-0.9008761713355,0.06483682300472471,0.3978908843930636
-1.1328730837878211,-1.2150835208873683,0.08221043709954712,0.345568697368421
-0.357724069852917,-0.26526639938038926,-0.09245767047252773,0.37639671875
-0.2314538222893745,0.19448256838717895,-0.4259363906765534,0.3425733024691358
-1.1401297719277763,-0.2634217144562855,-0.8767080574714908,0.5528236513157895
-0.343872256844255,0.11761744415371388,-0.4614897009979689,0.2560125510204081
0.6063142229502987,0.050655243052776966,0.5556589798975218,0.3999173558282208
0.949573174209246,-0.06783522267494409,1.01740839688419,0.3993076298701298
-0.6829846781833543,-0.24534439727115256,-0.43764028091220175,0.4577306518518518
-0.437855323209797,-0.5110920255627793,0.07323670235298235,0.3496421194968553
-1.0226231663823784,-1.0005821506418289,-0.022041015740549508,0.3683428963414634
-0.78905238043609,0.21313674984037134,-1.0021891302764614,0.451932013245033
1.2074771734911178,-0.36047067950919454,1.5679478530003124,0.32182454
0.1431642831912589,1.0160844134725366,-0.8729201302812777,0.4050421041666666
-1.1428747320598596,-1.1195937035048376,-0.02328102855502201,0.3581031125827814
-0.1859730845062448,-0.28958967973544086,0.10361659522919606,0.4142846265822784
0.2141117291215144,0.36626881857643456,-0.15215708945492015,0.3279570604026846
0.4254034643477842,-0.3977180847841215,0.8231215491319057,0.4077540532544379
-0.9146060419042304,-0.8897403311896668,-0.02486571071456367,0.4108178661971831
-0.3499240492413225,-0.18902349740346758,-0.1609005518378549,0.1728005125
-1.0189361731674276,-0.6633261796976151,-0.3556099934698125,0.5263955251396648
-0.4856590468347779,-0.09459555705412404,-0.39106348978065386,0.3841937837837837
-1.1568974176193072,-0.7736935943525265,-0.3832038232667807,0.451932013245033
-0.9106754507645224,-0.7568297620808522,-0.1538456886836702,0.4270410310559006
2.1651726457947125,1.2912552970139197,0.8739173487807927,0.3608544807692307
-1.1608272739391827,-1.1133140028566466,-0.04751327108253611,0.4505385
0.2870903378224204,0.3343173546967103,-0.04722701687428993,0.4108178661971831
2.1651726457947125,2.291671169587269,-0.12649852379255666,0.3924679037433155
2.138093419093869,2.252365407955682,-0.11427198886181289,0.1728005125
-0.2907921251024896,0.27276645330526567,-0.5635585784077553,0.2308548911564625
2.1651726457947125,1.5216800824650052,0.6434925633297073,0.4142846265822784
-0.2675837598075273,0.5113884369000343,-0.7789721967075616,0.3754729428571428
-0.4041479382738335,-0.16004505313618475,-0.24410288513764875,0.3427241592356688
-0.9109256797370444,-0.6988035272846111,-0.21212215245243327,0.3999173558282208
-1.116073000721135,-1.084588059651573,-0.03148494106956212,0.451932013245033
-0.1006550684374275,0.6560932467596764,-0.756748315197104,0.4577306518518518
-0.8301753703840637,1.196915137431946,-2.02709050781601,0.451932013245033
-0.2907921251024896,-0.22147672083721703,-0.06931540426527255,0.2730334219653179
-0.9329788279114104,-0.8840207067362265,-0.048958121175183944,0.3913449937106918
-0.4458528529968522,-0.37852656881971913,-0.06732628417713304,0.1728005125
-0.7093114107785145,-0.6569111467605984,-0.05240026401791609,0.3691574802631578
0.6332437011401635,-0.23335218303169541,0.8665958841718588,0.3972289517241379
-0.9908457951261268,-0.9981012440204601,0.007255448894333272,0.4056208709677419
-0.2907921251024896,-0.358544839697464,0.0677527145949744,0.4577306518518518
-0.0924280037224683,1.3196993321046182,-1.4121273358270865,0.38214178
-1.1731748321499,-0.2555356552560967,-0.9176391768938033,0.3608544807692307
-0.5559327765213966,-0.5598235080119238,0.0038907314905272106,0.3496421194968553
2.1651726457947125,2.0057078736746146,0.1594647721200979,0.4707778461538461
-0.4229078573036063,-0.07045644539684945,-0.3524514119067569,0.4236190132450331
-1.1095982570736742,-0.9482411272489574,-0.16135712982471684,0.3841937837837837
-0.7748425681808849,-0.486056766482283,-0.2887858016986019,0.3279570604026846
-0.2348832083828734,0.5435531367055443,-0.7784363450884177,0.3794539181286549
2.1651726457947125,1.5019351367366167,0.6632375090580958,0.4505385
2.1651726457947125,2.243143194690046,-0.07797054889533372,0.3234683624161074
-0.2907921251024896,-0.3105252982044776,0.019733173101988022,0.3427241592356688
-0.6346374271701083,-0.052060225150740595,-0.5825772020193677,0.5528236513157895
-0.2907921251024896,-0.13172168010059546,-0.15907044500189413,0.3972289517241379
-0.2697840753462949,-0.5156941106778379,0.245910035331543,0.3425733024691358
-0.2886014464477142,-0.6298023474580189,0.3412009010103047,0.2308548911564625
-0.5651272853461877,-1.0480518730261856,0.4829245876799979,0.3978908843930636
0.3857910869660723,0.2885671028383632,0.0972239841277091,0.3279570604026846
-0.3562398237220241,-0.23279892619567022,-0.1234408975263539,0.3427241592356688
-0.7420087619257218,-0.27912854171517776,-0.4628802202105441,0.3999173558282208
-1.0250462197655978,-0.9573763102888504,-0.06766990947674745,0.3336369019607843
-0.4846534565112164,-0.3581427325008842,-0.1265107240103322,0.4489242193548386
-1.1479596944137014,-0.22408616180907437,-0.923873532604627,0.2560125510204081
-0.2907921251024896,-0.477238371474641,0.1864462463721514,0.3279570604026846
-0.0613516747134327,0.1120722383551805,-0.1734239130686132,0.3581031125827814
-1.013462095702841,-0.9317013495800877,-0.08176074612275341,0.3972289517241379
-0.2907921251024896,0.05851105471496997,-0.34930317981745956,0.4135580243902439
0.4580220909676013,0.2431462654365702,0.21487582553103113,0.3385222580645161
-0.2907921251024896,-0.1654992312390555,-0.1252928938634341,0.3547797567567567
0.3858980807429656,0.2557771162958261,0.1301209644471395,0.3801381595092024
-0.1625538249685015,0.32377706691264757,-0.4863308918811491,0.3818871419753086
0.1311910377978568,-0.18029881276589516,0.31148985056375195,0.3978908843930636
2.1651726457947125,1.6256773280117647,0.5394953177829478,0.4103113666666667
0.2704561917956968,0.3156322168379198,-0.04517602504222301,0.4489242193548386
-0.0467434485170611,-0.4801647478099416,0.43342129929288054,0.5263955251396648
-0.2907921251024896,-0.1731710133941215,-0.11762111170836809,0.3448446496815286
2.1651726457947125,1.0997524230402884,1.065420222754424,0.32182454
1.096514165138542,0.8464179389846964,0.2500962261538455,0.4236190132450331
-0.3459623660473502,1.1986466098815118,-1.544608975928862,0.4707778461538461
-1.159571043812731,-0.7060845799675154,-0.4534864638452155,0.3547797567567567
-0.2907921251024896,-0.16223244947321414,-0.12855967562927545,0.3978908843930636
-0.1796592322521056,-0.3223659831786601,0.14270675092655452,0.4489242193548386
-1.1250420325286228,-1.076089765383521,-0.0489522671451017,0.3978908843930636
-0.9638017198262716,-0.6802902559111288,-0.2835114639151428,0.4095118375
0.0902924230336096,-0.006826333651999462,0.09711875668560906,0.3571249225352113
2.1651726457947125,2.1741429558977696,-0.008970310103057155,0.2308548911564625
-0.8566737365764288,-0.8610748325503581,0.004401095973929348,0.3989209285714286
-0.9948643377976624,-0.548124416461865,-0.4467399213357973,0.4108178661971831
-0.6745752725304436,-0.47712076471362846,-0.19745450781681512,0.3859531132075471
-0.2907921251024896,0.02308749506129526,-0.31387962016378484,0.2560125510204081
-0.6099284910806648,-0.6769079368791922,0.06697944579852733,0.3978908843930636
-0.6813627682237221,-0.30033904508728326,-0.38102372313643884,0.3913449937106918
-0.607865139334706,-0.5774497279084032,-0.030415411426302774,0.4135580243902439
-0.9268288408761224,-0.4580342752104197,-0.4687945656657027,0.5528236513157895
-0.2907921251024896,-0.1772413896401046,-0.11355073546238498,0.4142846265822784
-1.0980256798401398,-1.1276945768385476,0.0296688969984078,0.4707778461538461
-0.2907921251024896,-0.055817589041075893,-0.2349745360614137,0.2560125510204081
-1.0932558834081347,-0.9310812964122774,-0.1621745869958573,0.5528236513157895
-0.3357750121485319,-0.4610112901524345,0.12523627800390263,0.3972289517241379
1.5811869880961509,-0.1115185399856798,1.6927055280818306,0.345568697368421
-0.067290968127442,0.09344318961660582,-0.1607341577440478,0.3581031125827814
1.075660466372059,0.8003260078480388,0.2753344585240203,0.4581912866666666
-0.3104331718705948,-0.5177035741376586,0.20727040226706372,0.3336369019607843
-1.116286043563162,-0.9891251216445978,-0.12716092191856432,0.3754729428571428
-0.9075723515371787,-1.053149327723872,0.14557697618669319,0.4270410310559006
-0.2907921251024896,5.503529572917741e-05,-0.2908471603982188,0.3448446496815286
-0.9910335320060044,-1.1342584547335635,0.14322492272755905,0.4489242193548386
0.5264129644770188,0.4729434783652746,0.05346948611174418,0.345568697368421
-0.6926010733481927,-0.5995927420782041,-0.09300833126998853,0.4509778670886076
-0.895169881509703,0.07002395407024005,-0.9651938355799431,0.4236190132450331
-0.501716754672537,-1.2167549763800707,0.7150382217075337,0.5528236513157895
-0.346398291138524,-0.10292786718957499,-0.24347042394894902,0.4103113666666667
-1.228828052010232,-1.184394710954561,-0.04443334105567098,0.3672524791666667
-0.5010978769538378,-0.6402122523942044,0.13911437544036664,0.3859531132075471
-0.8189164714464918,-0.9106578824583765,0.09174141101188471,0.3581031125827814
-0.6730596531423981,-0.9510210225081804,0.2779613693657823,0.4135580243902439
0.4831966087920787,0.6031271167409825,-0.11993050794890381,0.3859531132075471
-0.9944722828133288,-0.7746995858276899,-0.21977269698563884,0.3547797567567567
-0.4641648504510042,-0.49879061625181875,0.034625765800814556,0.3672524791666667
1.601670826226297,0.19824693753786193,1.4034238886884352,0.3801381595092024
-0.2907921251024896,-0.8239391212464762,0.5331469961439865,0.4577306518518518
-1.1211525188793006,0.07109403131271168,-1.1922465501920123,0.4707778461538461
-1.1308671496069274,-1.1535765201063577,0.022709370499430337,0.4505385
-0.983957747491971,-0.5793877171318258,-0.40457003036014516,0.3234683624161074
0.2768389629239606,0.1269135431662099,0.1499254197577507,0.3062974840764331
-0.2907921251024896,-0.56591497315432,0.27512284805183046,0.3279570604026846
-0.2907921251024896,-0.0094112628166093,-0.2813808622858803,0.3683428963414634
-0.1606009576709615,-0.09504637542863921,-0.06555458224232229,0.4581912866666666
-0.0125417938427528,-0.3777473959299165,0.36520560208716374,0.4135580243902439
0.6886596895598395,0.9206963344042206,-0.23203664484438113,0.4581912866666666
2.1651726457947125,1.7487045197506408,0.4164681260440717,0.4236190132450331
-0.0227189673095895,0.649030252633361,-0.6717492199429504,0.4699289935064935
-0.2907921251024896,0.9154560027850228,-1.2062481278875123,0.4108178661971831
-1.111837534148155,-1.1547778084385851,0.042940274290430125,0.4707778461538461
-0.665807142636223,-0.5371827304715958,-0.12862441216462717,0.3960697315436241
-1.1594034301728486,-0.9282122345426039,-0.2311911956302447,0.3062974840764331
-0.8299310800298784,-0.9588883358085332,0.1289572557786548,0.4707778461538461
-0.2907921251024896,-1.2909352708489288,1.0001431457464391,0.3608544807692307
-0.7356006021145949,-0.544232161865515,-0.19136844024907984,0.3496421194968553
2.1651726457947125,1.541636507941316,0.6235361378533966,0.32182454
1.3717620830971842,1.4927001565923315,-0.12093807349514729,0.2730334219653179
-0.9605382621361856,-0.4724606013947553,-0.48807766074143033,0.3234683624161074
-0.8661172680299905,-0.8362453359145452,-0.029871932115445254,0.3841937837837837
-1.1811449080094365,-1.2096620918751357,0.028517183865699236,0.4509778670886076
-0.8997303275812257,1.7902277436930958,-2.6899580712743214,0.1728005125
-0.5023824111929286,-0.579396979406793,0.07701456821386443,0.3571249225352113
0.1771356755658645,-0.3971705270923848,0.5743062026582493,0.4236190132450331
0.7545977235335493,1.2385391681806954,-0.48394144464714617,0.3234683624161074
-0.5312739074612771,-0.6713435428973868,0.14006963543610973,0.3691574802631578
-0.71338778259821,-0.558721072996589,-0.154666709601621,0.3336369019607843
-0.2907921251024896,-0.03363561944475379,-0.2571565056577358,0.2730334219653179
-0.3731220443379132,-0.42345670822860043,0.05033466389068725,0.3234683624161074
-1.1200545786034737,-0.9677782356309339,-0.15227634297253978,0.2853974074074074
-0.6019763622090727,-0.3674243033284183,-0.2345520588806544,0.3385222580645161
0.1533703257120124,1.0920074904029005,-0.9386371646908881,0.3691574802631578
0.8207308963856215,0.5069716716663307,0.31375922471929074,0.4056208709677419
-1.1005108851231042,-1.1504050241375172,0.049894139014412975,0.3989209285714286
-0.895169881509703,-0.23058061059116194,-0.664589270918541,0.451932013245033
-0.2907921251024896,-0.34759485880744895,0.05680273370495936,0.4151807791411043
-0.8616678606515198,-0.9110383004154937,0.04937043976397393,0.3581031125827814
-0.6981144196591159,-0.06532566134511433,-0.6327887583140016,0.3547797567567567
-1.1477295339302036,-0.9911956377180824,-0.15653389621212122,0.2560125510204081
2.1651726457947125,1.1350965484202609,1.0300760973744516,0.3989209285714286
-0.3912287486290736,0.9018075205157057,-1.2930362691447792,0.451932013245033
-1.2498915285275554,0.3303260175836265,-1.5802175461111818,0.4151807791411043
1.157368971199443,0.9079863850418652,0.2493825861575778,0.3924679037433155
-0.2907921251024896,-0.11855418802109433,-0.17223793708139526,0.5528236513157895
-0.2907921251024896,0.6699819112513554,-0.9607740363538451,0.4862467272727273
-1.0842193749907023,-1.0502764889803564,-0.033942886010345896,0.3841937837837837
-0.2907921251024896,0.32671368669140716,-0.6175058117938967,0.4707778461538461
-0.6525145291841242,0.22836248041479595,-0.8808770095989202,0.4707778461538461
2.1651726457947125,0.7910741911589295,1.3740984546357828,0.3978908843930636
-0.6822261763768409,-0.33826546722185863,-0.3439607091549823,0.3547797567567567
2.1651726457947125,2.385572581733895,-0.2203999359391826,0.3960697315436241
0.455345261327355,0.31706865229773457,0.1382766090296204,0.4489242193548386
-0.3742444697471144,-0.48586549004818835,0.11162102030107396,0.1728005125
1.1123365991007506,0.21033474491024895,0.9020018541905016,0.4509778670886076
-0.8346575431681083,-0.9757268430661514,0.14106929989804318,0.4707778461538461
-0.2907921251024896,-1.0815925607907197,0.7908004356882301,0.3448446496815286
0.8399978311956176,0.022471023039458124,0.8175268081561594,0.3801381595092024
-0.4989978777128396,-0.15763361247800312,-0.3413642652348365,0.4108178661971831
0.3316454827100274,-0.188837849804716,0.5204833325147434,0.2853974074074074
-0.34673342373318,-0.45559224377462487,0.10885882004144487,0.4505385
0.0847290243517267,-0.32800512437422547,0.41273414872595215,0.3672524791666667
-0.2907921251024896,0.8668886290478248,-1.1576807541503145,0.4142846265822784
-0.6993733691102015,-0.6184780844360737,-0.08089528467412788,0.3448446496815286
-1.056407537482597,-0.3238804822721921,-0.7325270552104048,0.4707778461538461
0.2696754754364147,0.4203828334724395,-0.1507073580360248,0.4509778670886076
1.536111345298859,0.7668926945433397,0.7692186507555193,0.4135580243902439
2.1651726457947125,2.153797620402048,0.01137502539266455,0.4581912866666666
-0.2907921251024896,-0.6013913269615172,0.3105992018590276,0.1728005125
2.1651726457947125,2.1116721915122523,0.0535004542824602,0.3062974840764331
0.4107304271847959,-0.09004737782195751,0.5007778050067534,0.4236190132450331
0.8559635526481589,0.3156154781449998,0.5403480745031591,0.3448446496815286
-1.0536386830284483,-0.11921375291790058,-0.9344249301105477,0.4050421041666666
0.0645656842224157,-0.03324326911274853,0.09780895333516423,0.4108178661971831
0.8281794882633557,0.6899212112213379,0.13825827704201787,0.4095118375
-0.8915660616752765,-0.45523131959542257,-0.43633474207985395,0.37639671875
-0.2907921251024896,-0.6071143045504778,0.3163221794479882,0.3794539181286549
2.1651726457947125,1.4126811669798418,0.7524914788148707,0.4509778670886076
0.4834727430557572,0.3640817521615936,0.1193909908941636,0.3672524791666667
-0.2907921251024896,-0.001686764838813009,-0.28910536026367656,0.451932013245033
-1.0681789498792886,0.6923234445201636,-1.7605023943994522,0.4862467272727273
-0.8511614266514675,-0.982168481510731,0.13100705485926345,0.37639671875
-0.9769616462415772,-0.18472429329014714,-0.79223735295143,0.3425733024691358
-1.128555757936853,-1.1715543447370462,0.042998586800193195,0.3999173558282208
2.059612980009846,1.7725198146851031,0.28709316532474305,0.4505385
-0.3870892677976893,-0.7468428478245759,0.35975358002688657,0.3330391923076923
-0.9165418267403732,1.1982252309195334,-2.1147670576599067,0.37639671875
-1.0954433106792747,-0.8158824073750492,-0.27956090330422545,0.5263955251396648
-1.1596613191310643,-1.1565959496067006,-0.003065369524363648,0.4103113666666667
2.1651726457947125,1.5467754755772156,0.6183971702174968,0.3496421194968553
-0.6098988522645449,-0.5148307479291663,-0.0950681043353786,0.4581912866666666
0.7447536562415689,0.7938598229884866,-0.0491061667469177,0.4103113666666667
0.2097666900880681,-0.3365509715247973,0.5463176616128653,0.3385222580645161
-0.6572832511976551,-0.6663863864798504,0.009103135282195307,0.3859531132075471
0.2023693814877093,-0.04098813973786718,0.24335752122557647,0.3581031125827814
0.2076536983862056,-0.4804292661878281,0.6880829645740337,0.3581031125827814
1.3323041708027203,2.2793291255199217,-0.9470249547172014,0.4108178661971831
-0.2561184572368373,0.6196191754328996,-0.8757376326697368,0.4577306518518518
0.880058002189393,1.7981605980256932,-0.9181025958363002,0.37639671875
-1.168598418128061,0.24077120777422695,-1.409369625902288,0.4050421041666666
-0.2856419330282227,-0.35612559973416186,0.07048366670593914,0.3683428963414634
-1.2561265960797383,0.4636158547675966,-1.719742450847335,0.4236190132450331
-0.0378767755909601,-0.1612660304992565,0.1233892549082964,0.4108178661971831
0.3370169935010114,0.6033412170473015,-0.2663242235462901,0.3691574802631578
2.1651726457947125,1.312705547433365,0.8524670983613474,0.3972289517241379
-0.9860562086743988,-0.9867518471858584,0.0006956385114595953,0.3818871419753086
-0.4903225784463766,-0.5793083385675328,0.08898576012115622,0.3330391923076923
-0.445731053479833,-0.45820492214420183,0.012473868664368837,0.4050421041666666
-0.95105320472553,-0.6020692611571047,-0.3489839435684253,0.3818871419753086
-1.1570694572928162,-1.2255635413994208,0.06849408410660462,0.4862467272727273
0.2130552703126655,0.7250622962877274,-0.512007025975062,0.3448446496815286
-1.0047478103380003,-0.8785125693503896,-0.12623524098761074,0.4270410310559006
-0.2907921251024896,-0.15970677535727584,-0.13108534974521374,0.3571249225352113
1.1803020112139586,1.8023461087405144,-0.6220440975265558,0.3448446496815286
2.1651726457947125,1.5611142279411792,0.6040584178535333,0.4056208709677419
-1.1691579962665912,-0.40728219644089625,-0.761875799825695,0.3581031125827814
-0.6375713193537704,-0.45883498719684174,-0.1787363321569287,0.3547797567567567
-1.1724438456775663,-1.18224887477793,0.009805029100363738,0.3913449937106918
0.1718543184684088,0.9580218128671222,-0.7861674943987134,0.3999173558282208
-0.9717050395938864,-1.0589050071036716,0.0871999675097852,0.5642011216216216
-1.1188115450853202,-0.6901315951286655,-0.4286799499566547,0.4699289935064935
0.5092242877807965,0.566084304219441,-0.05686001643864447,0.3425733024691358
2.1651726457947125,2.0017826160921897,0.1633900297025228,0.3279570604026846
0.846281910727499,1.042619549015652,-0.19633763828815298,0.5263955251396648
-0.3963038585813528,-0.4067456340061331,0.010441775424780309,0.3547797567567567
-1.164904011742575,-1.0430369046107184,-0.12186710713185667,0.4509778670886076
-0.4689630995601501,-0.30192731903522385,-0.16703578052492624,0.4050421041666666
-0.6405686870082247,-0.5871071195706711,-0.05346156743755359,0.3913449937106918
-0.2907921251024896,-0.47835380882262285,0.18756168372013327,0.3924679037433155
-0.6694933294034429,-0.2037662897123413,-0.4657270396911016,0.3496421194968553
-0.6968482535388091,-0.4658860554798607,-0.2309621980589484,0.1728005125
0.0396274635857748,0.3483445661535172,-0.30871710256774243,0.38214178
-0.2907921251024896,-0.7489197845430726,0.45812765944058303,0.3754729428571428
0.8741854693044316,0.13380869546226137,0.7403767738421703,0.4142846265822784
0.3103350182241106,-0.056545583338914886,0.3668806015630255,0.3989209285714286
-1.0472385647166544,-1.1335511486664478,0.08631258394979335,0.38214178
-0.5448575896730814,-0.2981062908935737,-0.2467512987795077,0.3794539181286549
-1.2197848023696003,-0.9469068795346365,-0.2728779228349638,0.4770338545454546
-0.5367310104213373,-0.4629558738198776,-0.07377513660145973,0.3989209285714286
-0.3430387632429707,-0.5418789310421996,0.19884016779922892,0.3385222580645161
-0.2907921251024896,-0.5563068782260114,0.26551475312352185,0.4862467272727273
-0.2907921251024896,-0.1485353403853585,-0.14225678471713107,0.4489242193548386
0.0888702570557118,-0.21297757021558456,0.30184782727129633,0.2730334219653179
1.2392067889458986,0.9875616318208267,0.25164515712507196,0.3427241592356688
0.8164320125791336,0.6805421328004564,0.13588987977867717,0.3330391923076923
-0.7803532514235987,0.5290001600620707,-1.3093534114856693,0.3993076298701298
0.0898528587064088,-0.2804653420067145,0.3703182007131233,0.4095118375
0.8343329613745738,-0.3584538566778568,1.1927868180524306,0.3608544807692307
-1.0026063571243613,-0.9532421346600983,-0.049364222464262975,0.4077540532544379
-0.4252515740340722,0.47350544513923537,-0.8987570191733076,0.4050421041666666
-0.9130662727424118,-0.7364744754462719,-0.17659179729613994,0.2853974074074074
0.789448086886099,0.4517956658198949,0.33765242106620413,0.5528236513157895
-0.0118302400033773,-0.17145424308183055,0.15962400307845326,0.3062974840764331
0.7504676727843714,0.40748346243445727,0.34298421034991416,0.3427241592356688
0.943986297185902,0.5991573823916108,0.34482891479429123,0.3608544807692307
-1.2903863929137451,-0.975865984508431,-0.31452040840531414,0.37639671875
-0.5732801284247515,-0.22489436750952035,-0.34838576091523116,0.4108178661971831
-0.5643977884805883,-0.3691849890431045,-0.19521279943748382,0.4270410310559006
-0.3530397709048792,-0.20400168903600222,-0.149038081868877,0.4056208709677419
-0.921539039768578,-0.9430008374742966,0.021461797705718655,0.3427241592356688
-0.2907921251024896,-0.6803256666501079,0.38953354154761827,0.4862467272727273
-0.7518736246823535,-0.5546209978811527,-0.19725262680120081,0.3279570604026846
-0.4939708174820409,1.5705871899392214,-2.064558007421262,0.4236190132450331
-0.4713900726295578,-0.5553291680688841,0.08393909543932632,0.4770338545454546
1.0183340208678495,0.7433768204790943,0.27495720038875526,0.38214178
-0.6957484681711089,-0.40227841516645263,-0.2934700530046563,0.3427241592356688
-0.4848488774640453,-0.5454884230169073,0.06063954555286194,0.3062974840764331
-0.7742058516291987,-0.5125664280879351,-0.2616394235412637,0.3547797567567567
1.125417988298789,2.128972576934241,-1.003554588635452,0.3924679037433155
0.0907715498894534,-0.49128979093202,0.5820613408214734,0.3683428963414634
-0.9707199240337392,-0.9023840705157985,-0.06833585351794069,0.2308548911564625
0.6635225953313567,1.2849958782570619,-0.6214732829257051,0.2730334219653179
2.1651726457947125,0.16256261370430264,2.0026100320904097,0.4707778461538461
-1.1373613069107078,-1.269938662571198,0.13257735566049011,0.4505385
1.691164570883986,1.0044399589223258,0.6867246119616601,0.4489242193548386
-1.1240379311383033,0.20746673221667786,-1.3315046633549812,0.5642011216216216
-0.6933910942031561,-0.13834008203765857,-0.5550510121654976,0.32182454
-1.137839551095327,-0.49159819458722465,-0.6462413565081023,0.3841937837837837
-1.1590108356022462,-0.8562397452689009,-0.30277109033334526,0.2853974074074074
2.1651726457947125,1.0955641927677078,1.0696084530270047,0.4707778461538461
-0.5637957706538546,-0.29026745942767496,-0.2735283112261796,0.3683428963414634
0.028990329668466,0.5339940377930754,-0.5050037081246094,0.4108178661971831
-0.1028258739159762,-0.1476788176866681,0.044852943770691905,0.3581031125827814
-1.0825703522472636,-0.878799599448379,-0.20377075279888457,0.4103113666666667
-1.0672607910325655,-1.2125731933687467,0.14531240233618115,0.4581912866666666
-0.2907921251024896,-0.5052738832705203,0.21448175816803067,0.3448446496815286
2.1651726457947125,1.167054949735494,0.9981176960592184,0.3999173558282208
0.2933461298808872,0.5976332869724345,-0.30428715709154724,0.3385222580645161
0.1841506571854433,0.630109376897851,-0.44595871971240764,0.5528236513157895
-1.061302664908863,-1.0891512876908744,0.02784862278201139,0.3571249225352113
-0.3812042792649283,-0.3417282396167428,-0.03947603964818547,0.4135580243902439
-0.5520715573973513,-0.18148631006438734,-0.37058524733296394,0.5528236513157895
0.7699489097087253,0.41026429937464703,0.3596846103340783,0.4135580243902439
-0.0875349771963381,0.33192360910599716,-0.41945858630233523,0.3547797567567567
-0.5697931115860324,-0.460300777424947,-0.10949233416108539,0.3385222580645161
1.007776454135783,0.4727957942542235,0.5349806598815594,0.3794539181286549
-0.2907921251024896,-0.9126660497221479,0.6218739246196583,0.1728005125
-0.2085215203433022,0.37303277612152974,-0.5815542964648319,0.3924679037433155
-0.2907921251024896,0.7676765770760356,-1.0584687021785253,0.3062974840764331
1.3884934790503678,0.5227914692209406,0.8657020098294272,0.2308548911564625
-0.843495272163784,0.020042650308067927,-0.8635379224718519,0.5528236513157895
1.6942744462372823,1.1036778191621122,0.5905966270751701,0.3427241592356688
2.1651726457947125,2.066361471141769,0.09881117465294365,0.3794539181286549
0.6582067023356418,0.6339504668971779,0.02425623543846389,0.4135580243902439
0.547706564316906,0.30027412081313637,0.24743244350376964,0.4095118375
0.5186565421982704,0.27122219836624556,0.24743434383202484,0.4509778670886076
2.1651726457947125,1.2955883674052897,0.8695842783894228,0.3978908843930636
-1.1256984373234442,-1.0226528522137042,-0.10304558510974005,0.4236190132450331
-1.1453837786570749,-0.33789942053168165,-0.8074843581253932,0.5528236513157895
-0.5296062788562347,-0.6429986162253681,0.11339233736913346,0.4509778670886076
1.341998461703117,1.4819069063883366,-0.13990844468521946,0.38214178
-0.4560988966086571,-0.9388442879669401,0.482745391358283,0.4142846265822784
-1.137718822431234,-1.0804340213909047,-0.05728480104032929,0.2853974074074074
0.0317795469674373,0.970658686400742,-0.9388791394333047,0.2308548911564625
-0.4384407370716795,-0.17934485675018397,-0.25909588032149555,0.3859531132075471
-0.9130314088137336,-0.4186727675982676,-0.49435864121546597,0.3234683624161074
0.0799854422250407,0.03523063919117487,0.04475480303386583,0.3993076298701298
-1.178149884227408,-0.5230719054694319,-0.6550779787579761,0.4699289935064935
-0.0902917175029543,-0.41600107367112477,0.3257093561681705,0.3672524791666667
-1.1668984712371684,-1.1602469318342616,-0.006651539402906748,0.3754729428571428
-0.5061969149028023,-0.42228449067306284,-0.08391242422973944,0.4077540532544379
0.178313529796289,0.7330562904226372,-0.5547427606263482,0.3496421194968553
-0.2494469527828304,0.3376839019212281,-0.5871308547040586,0.1728005125
-0.5162728196743726,0.3944002243195796,-0.9106730439939521,0.3448446496815286
-1.14257070451391,-0.7226118043953792,-0.41995890011853076,0.2308548911564625
-0.1566270101802677,0.3799954114112313,-0.536622421591499,0.2560125510204081
1.7905675986880605,1.2432781761410057,0.5472894225470548,0.3448446496815286
0.5160121467638028,0.07027730406839876,0.44573484269540403,0.4103113666666667
0.0793412352492788,0.8233675908510029,-0.744026355601724,0.2560125510204081
2.1651726457947125,0.5183287494912501,1.6468438963034624,0.4509778670886076
-0.6763436508454276,-0.18740696871740645,-0.4889366821280211,0.4699289935064935
-0.3921298089694333,0.570522068250735,-0.9626518772201683,0.4236190132450331
-0.178631413113583,-0.141290883218617,-0.037340529894966,0.4270410310559006
-0.0079593851838554,0.5130847442592573,-0.5210441294431127,0.3960697315436241
2.1651726457947125,1.4870258746379235,0.678146771156789,0.3608544807692307
-0.2907921251024896,-0.60558531928418,0.31479319418169044,0.1728005125
-1.110806541671882,-1.1243680094992206,0.01356146782733858,0.4270410310559006
0.0882461779947746,-0.4227816997489394,0.511027877743714,0.3972289517241379
1.697876456754168,0.25951281044897,1.438363646305198,0.1728005125
-0.0698115403982948,0.15361816644670276,-0.22342970684499758,0.3754729428571428
-0.8753916506771551,1.7310580920549696,-2.6064497427321247,0.3841937837837837
-1.2703868909051204,-0.25346755626464623,-1.0169193346404741,0.5528236513157895
-0.2552386907455097,-0.33307868901035176,0.07783999826484206,0.3427241592356688
-0.5905376209903772,-0.6700734878183253,0.07953586682794811,0.3571249225352113
-0.5466058190761243,-0.20641553725189138,-0.3401902818242329,0.3496421194968553
-1.1717267993095304,-1.2398598338683215,0.06813303455879116,0.3571249225352113
-0.2981983689662219,1.08080144971607,-1.378999818682292,0.4050421041666666
2.1651726457947125,2.058953481494915,0.10621916429979761,0.4056208709677419
-0.3009118758144079,-0.04536487656475546,-0.25554699924965246,0.4108178661971831
-0.029583990694635,1.2234355166685493,-1.2530195073631842,0.38214178
-1.0181198137279872,-1.115261537220103,0.0971417234921157,0.3794539181286549
0.0752289591532232,0.9626795584041816,-0.8874505992509585,0.3234683624161074
-0.2612946754347215,0.21464097668856358,-0.4759356521232851,0.3841937837837837
-1.0159494933224398,-1.2145127558738307,0.1985632625513909,0.4707778461538461
0.2537289295012008,0.0032430153246271187,0.2504859141765737,0.2308548911564625
-0.2907921251024896,-0.2966937286120939,0.005901603509604336,0.5642011216216216
-0.2018688748651921,0.21991754381568573,-0.42178641868087785,0.1728005125
-0.198281490622515,0.5907254798766588,-0.7890069704991738,0.5263955251396648
-1.0302408559999388,-0.8163593371482439,-0.21388151885169482,0.2560125510204081
1.2959269213265092,0.36989121293502186,0.9260357083914874,0.4770338545454546
-1.067075995927902,0.26809120586594465,-1.3351672017938465,0.3818871419753086
-0.2907921251024896,0.36515180308039846,-0.655943928182888,0.3841937837837837
0.3737055628612459,0.19341878509548588,0.18028677776576002,0.4103113666666667
-0.3667865618847108,-0.20107714549204916,-0.16570941639266165,0.3336369019607843
-0.5903341724042354,-0.5118700049605451,-0.07846416744369022,0.2730334219653179
-0.8775622370725856,-0.9734659175814195,0.09590368050883391,0.4151807791411043
0.7623257624652579,1.1425929548213654,-0.3802671923561075,0.4489242193548386
2.1651726457947125,2.251974428758428,-0.08680178296371555,0.4505385
-0.3904329381164467,-0.37837861864796274,-0.012054319468483954,0.3913449937106918
2.1651726457947125,0.7483176209581067,1.4168550248366056,0.3913449937106918
-1.20512618586755,-0.9413995254479524,-0.2637266604195976,0.4770338545454546
0.3672410796725111,-0.24213915212578468,0.6093802317982957,0.3336369019607843
0.2074723054878592,0.8151391210945109,-0.6076668156066517,0.4862467272727273
2.1651726457947125,2.0557055929711434,0.10946705282356906,0.4236190132450331
0.7566087255070987,0.2296224527423557,0.526986272764743,0.3794539181286549
0.1454600052681529,1.2346410876422518,-1.0891810823740988,0.3691574802631578
-0.6872386146913236,-0.3837700821813079,-0.3034685325100157,0.4103113666666667
-0.6258099443709668,-0.5185590022628096,-0.10725094210815722,0.345568697368421
-1.110319471567362,-0.8154045973972175,-0.2949148741701446,0.4151807791411043
1.4503722475153342,0.004119845436144864,1.4462524020791894,0.3754729428571428
-0.7402785959851921,0.2585757087335843,-0.9988543047187763,0.4236190132450331
-1.1346595964801067,-1.0433127783137934,-0.09134681816631329,0.2730334219653179
-0.0380023728128078,-0.3944679066653628,0.35646553385255497,0.3972289517241379
0.2946755662548882,0.7378945257877974,-0.44321895953290913,0.3683428963414634
-1.1842233162128153,-1.1211660041025213,-0.06305731211029397,0.3425733024691358
-0.6454646903707915,-0.2823002231448221,-0.36316446722596935,0.4862467272727273
-0.2907921251024896,-0.17058174792482222,-0.12021037717766736,0.3818871419753086
-0.2800217165460711,0.5952768488020359,-0.875298565348107,0.3279570604026846
-0.1539350479579922,-0.21387989224042595,0.05994484428243374,0.4581912866666666
-0.7429818558444999,-0.5509248405751046,-0.19205701526939534,0.3496421194968553
0.1139587433563606,0.004431211000275107,0.10952753235608549,0.3336369019607843
0.5055982823141575,0.631390777648921,-0.12579249533476355,0.2853974074074074
-0.2907921251024896,0.3382630472676027,-0.6290551723700923,0.4699289935064935
-0.2907921251024896,0.2987685076096174,-0.589560632712107,0.2560125510204081
-0.0464609339032615,0.17273635903154216,-0.21919729293480367,0.3859531132075471
-0.8067766654383934,-0.8063946844486732,-0.00038198098972019867,0.32182454
-0.592901786534991,0.5220405052651502,-1.1149422918001413,0.451932013245033
0.4537098957817858,0.8097271246227309,-0.3560172288409451,0.4077540532544379
1.7461301870080257,0.6971708501543473,1.0489593368536783,0.4699289935064935
1.1131814525380714,1.0109059308492458,0.10227552168882559,0.4103113666666667
-1.1170262036359466,-0.9748539642854812,-0.1421722393504654,0.4862467272727273
-0.3528109518597863,-0.29221038758354834,-0.060600564276237945,0.3754729428571428
0.6763906732412185,0.4226543116547554,0.25373636158646307,0.4699289935064935
-0.4138251117704623,0.3434234299520477,-0.75724854172251,0.3989209285714286
-1.136530056118371,0.05941424331333296,-1.195944299431704,0.4862467272727273
-0.2907921251024896,-0.4856552777815627,0.19486315267907311,0.3571249225352113
-0.6563812764923106,-0.20997955516542705,-0.44640172132688355,0.2308548911564625
-0.3944227637848807,-0.23959156073297244,-0.15483120305190828,0.3336369019607843
-0.3109762915978681,-0.04043495797054027,-0.27054133362732785,0.3960697315436241
-0.3070384108140558,-0.7454000396467866,0.4383616288327308,0.3330391923076923
-0.782921147232649,-0.4837130171835338,-0.29920813004911523,0.4770338545454546
-0.2907921251024896,-0.5531834067706758,0.2623912816681862,0.5263955251396648
-0.1190909999833551,0.621624344197831,-0.740715344181186,0.4050421041666666
-0.2907921251024896,-0.27879594937407937,-0.011996175728410219,0.3336369019607843
-1.1264412757962952,-1.153609904171186,0.02716862837489087,0.38214178
-1.1309763350469628,-1.228144897620211,0.09716856257324813,0.38214178
-1.1431463965525224,-1.0687794522384306,-0.07436694431409174,0.4581912866666666
-0.1157014640393743,-0.045763427437166625,-0.06993803660220768,0.4095118375
-0.4861663957956563,-0.28973184084089537,-0.19643455495476092,0.4862467272727273
0.0611808159769835,0.27683031076554787,-0.21564949478856438,0.4505385
1.0744741720932656,0.9097771246947304,0.1646970473985352,0.3924679037433155
1.745976810601444,1.3661580106112283,0.3798187999902156,0.2853974074074074
0.2175365921192459,-0.4101703407209706,0.6277069328402165,0.4581912866666666
-0.1968979985594557,-0.547828930515368,0.3509309319559123,0.3385222580645161
-0.2907921251024896,-0.48459232684867193,0.19380020174618234,0.3448446496815286
-1.1244598352664736,-1.2741888242733805,0.1497289890069069,0.3496421194968553
-1.1047401900329097,-1.12808845237503,0.023348262342120396,0.3672524791666667
-0.4251741362733501,-0.4131608645592559,-0.01201327171409422,0.4236190132450331
-0.0845371380971991,-0.20781370035135938,0.12327656225416028,0.4505385
0.0177684419118326,0.31822344117579626,-0.3004549992639637,0.4095118375
-0.9768458392222872,-0.8584410399407782,-0.11840479928150893,0.3279570604026846
2.1651726457947125,0.11054440479166783,2.0546282410030448,0.4151807791411043
2.1651726457947125,1.237959107470352,0.9272135383243605,0.3972289517241379
-0.6006182659599729,0.37486409404097276,-0.9754823600009457,0.5642011216216216
-0.6101348329109504,-0.37991332650998116,-0.23022150640096922,0.3425733024691358
-0.9605710036129704,-0.7056154527483356,-0.25495555086463484,0.4505385
0.3163498109292276,-0.1727180590931216,0.4890678700223492,0.3794539181286549
-0.9215813484426996,-0.5495229728487653,-0.3720583755939343,0.2560125510204081
-0.6526643701517443,-0.2771522870978657,-0.37551208305387856,0.4142846265822784
0.6102837329183779,0.02943814507427682,0.5808455878441011,0.2308548911564625
-0.1230112729024586,-0.6311616323075451,0.5081503594050865,0.3571249225352113
1.2556250461893892,1.1311469640112397,0.12447808217814949,0.3794539181286549
0.2479786477693428,0.27008542333593,-0.02210677556658719,0.4699289935064935
0.9621062526382456,0.07610010936404209,0.8860061432742035,0.3794539181286549
-0.3591724647944982,-0.26821723003217957,-0.09095523476231865,0.3978908843930636
2.1651726457947125,1.8208876540661,0.3442849917286124,0.3794539181286549
-1.2689617976122864,0.15992868585367712,-1.4288904834659635,0.3672524791666667
-0.3106958905617087,-0.22746359096087293,-0.08323229960083578,0.3978908843930636
2.1651726457947125,2.1303768375723826,0.03479580822232986,0.4135580243902439
-0.6602009763941862,-1.0011719579045182,0.340970981510332,0.3608544807692307
-1.05839392528955,-0.9251357064823973,-0.13325821880715272,0.5528236513157895
-1.167927842656836,-1.2221131922890531,0.054185349632217106,0.3336369019607843
-0.2907921251024896,-1.1512323397145126,0.8604402146120229,0.345568697368421
-0.5142044797267138,-0.08525785793298206,-0.4289466217937317,0.37639671875
0.2214962952455432,-0.11296504396135298,0.3344613392068962,0.3913449937106918
-0.591969487239788,-0.5214805279268908,-0.07048895931289723,0.4151807791411043
0.4460795754480177,-0.3797665621751039,0.8258461376231216,0.4270410310559006
-0.4989978777128396,-0.39726622063232553,-0.10173165708051407,0.4577306518518518
-0.8099259095922234,-0.5036224309925598,-0.30630347859966367,0.3999173558282208
1.365970377620609,1.5125582514747202,-0.14658787385411132,0.3924679037433155
2.1651726457947125,1.966140155138431,0.19903249065628148,0.3978908843930636
-0.2907921251024896,-0.24500952657124958,-0.045782598531240004,0.3818871419753086
-0.7516039769428932,-0.09217345902150538,-0.6594305179213877,0.3279570604026846
2.1651726457947125,2.091010326826605,0.07416231896810732,0.3794539181286549
-0.05590578936366,-0.7195797991352079,0.6636740097715479,0.3330391923076923
-1.1834982667741307,-1.1948780997870507,0.011379833012920004,0.3427241592356688
-0.0724427579634001,0.3536120595015964,-0.4260548174649965,0.5642011216216216
-0.9123947512520588,-0.4049037424280121,-0.5074910088240467,0.5642011216216216
-1.096115286935471,-1.1350866430729614,0.038971356137490476,0.4270410310559006
-0.8657440114072372,-0.515870739641362,-0.34987327176587524,0.5263955251396648
0.0865088342098801,1.1071014170226459,-1.0205925828127658,0.4505385
-0.7379765672461698,-0.3575767749534223,-0.38039979229274745,0.3547797567567567
2.1651726457947125,2.2168370486077436,-0.051664402813031085,0.38214178
-0.0217141419941674,1.06173081128592,-1.0834449532800874,0.4050421041666666
-0.5426531947511908,-0.34141430632784775,-0.20123888842334303,0.5528236513157895
-1.0786165129420289,-1.28340479674422,0.20478828380219105,0.3496421194968553
0.5458271690983302,-0.328896223276416,0.8747233923747462,0.4270410310559006
2.1651726457947125,0.7165848108541611,1.4485878349405512,0.4095118375
-1.010720049296994,0.21276140245713057,-1.2234814517541246,0.37639671875
-1.1212525218050151,-1.1200160000366586,-0.0012365217683565355,0.4236190132450331
-0.2146379830659256,0.7914210083634203,-1.0060589914293459,0.3496421194968553
-0.6418407715420962,-0.3806945270643777,-0.2611462444777185,0.3924679037433155
-1.185289687364051,-0.8708957162111888,-0.3143939711528623,0.5642011216216216
2.1651726457947125,0.8812427287032387,1.2839299170914737,0.4103113666666667
-0.5159544887343978,-0.3572090013953146,-0.15874548733908317,0.3989209285714286
2.1651726457947125,2.054881626187001,0.1102910196077116,0.4707778461538461
-0.2907921251024896,-0.5441670546714417,0.2533749295689521,0.3978908843930636
-1.2913418853065666,-1.3165355227326914,0.025193637426124793,0.3425733024691358
-0.8535572261344125,-1.1277712037584682,0.27421397762405564,0.5528236513157895
-0.207415282918348,-0.36643961967904853,0.15902433676070055,0.38214178
-0.2907921251024896,-0.8688308894898333,0.5780387643873437,0.4577306518518518
-0.2907921251024896,-0.41838037563576114,0.12758825053327155,0.3547797567567567
-0.0541494503196994,-0.07275929952947167,0.018609849209772274,0.2308548911564625
-0.2907921251024896,-0.23053543124937265,-0.06025669385311694,0.3496421194968553
-0.1823144229775046,1.187796662053682,-1.3701110850311866,0.5263955251396648
-0.2907921251024896,0.15241027089126974,-0.4432023959937593,0.2560125510204081
0.0450411417363269,0.022295987907314522,0.02274515382901238,0.4489242193548386
-0.3272799513351963,-0.5647205880255568,0.23744063669036053,0.3801381595092024
-0.759555851075887,-0.6170447014920504,-0.1425111495838366,0.3972289517241379
2.1651726457947125,2.1075370883950297,0.057635557399682735,0.3427241592356688
-0.895169881509703,-0.9941072460088644,0.09893736449916135,0.1728005125
-0.9272102867703664,-0.8681539915576997,-0.059056295212666754,0.3062974840764331
-0.1588363984540941,-0.5305299097364503,0.37169351128235617,0.4095118375
-0.2907921251024896,-0.2752896752084252,-0.015502449894064407,0.3425733024691358
0.5339428120250761,1.8621362861612452,-1.3281934741361692,0.3859531132075471
-0.9698817506506604,1.5214618729084204,-2.491343623559081,0.3818871419753086
-0.6748923884108828,-0.2967256007499687,-0.37816678766091416,0.3972289517241379
-0.6970838796112714,0.2833388886059446,-0.980422768217216,0.3960697315436241
0.0021250380781402,0.994840638394877,-0.9927156003167368,0.3794539181286549
-0.575187440695919,0.7328799966986377,-1.3080674373945567,0.2560125510204081
-0.5561876371408152,-0.5174395024940628,-0.03874813464675242,0.2560125510204081
-1.1135836227961582,-1.2788862726123045,0.16530264981614629,0.4770338545454546
1.3520398812864451,1.2432448115454344,0.10879506974101072,0.3330391923076923
0.7083179626790137,-0.2650310910149031,0.9733490536939168,0.3234683624161074
-0.4340671704845838,-0.10820128423851362,-0.3258658862460702,0.4707778461538461
1.53784812493482,0.7288090410235442,0.8090390839112758,0.3336369019607843
-0.2907921251024896,-0.23948672159602347,-0.05130540350646612,0.3571249225352113
0.0545677068801643,-0.043786576922653864,0.09835428380281816,0.3978908843930636
-0.8102758808092815,-0.23555155130602135,-0.5747243295032601,0.3841937837837837
0.2896208821387809,0.7345780928334862,-0.4449572106947053,0.2560125510204081
0.7018790860677444,0.8393329403984837,-0.1374538543307393,0.4270410310559006
0.8520502376979581,-0.5583080524770537,1.4103582901750118,0.3691574802631578
-1.154135456954197,-0.6146454729365634,-0.5394899840176337,0.3547797567567567
-1.0419002532980577,-0.16467713762641295,-0.8772231156716448,0.3234683624161074
-0.8640334912402038,0.27189759215107456,-1.1359310833912784,0.3924679037433155
-0.3510262274879255,-0.12658313941656854,-0.22444308807135696,0.5642011216216216
-1.050193709072054,-0.8554875665201045,-0.1947061425519494,0.4509778670886076
0.8558498909002697,0.353159029503047,0.5026908613972227,0.32182454
-1.0692057065637313,-1.221690233603285,0.15248452703955384,0.3794539181286549
1.4538499792708002,1.37331209219439,0.08053788707641019,0.3993076298701298
-0.2296904923942349,0.683620994913087,-0.9133114873073219,0.5642011216216216
1.1395013083795895,0.6823738406566756,0.4571274677229139,0.3801381595092024
-0.4989978777128396,-0.06834627339872239,-0.4306516043141172,0.451932013245033
-0.868169941355759,-0.5829367211721947,-0.28523322018356423,0.4151807791411043
0.6420549840698978,1.2890932780691429,-0.6470382939992451,0.4050421041666666
-0.9639703669204432,-0.36580125413333897,-0.5981691127871043,0.4581912866666666
-0.8865848112094489,-0.7766363468351863,-0.10994846437426253,0.3913449937106918
0.058876984655344,1.9851183988446217,-1.9262414141892776,0.4050421041666666
-0.9711133966007368,-0.7185285764292628,-0.252584820171474,0.2730334219653179
0.0760630691981451,0.5305782147324453,-0.45451514553430017,0.3330391923076923
-0.2907921251024896,-0.4424393308672984,0.15164720576480883,0.3818871419753086
-1.1088608383526866,-1.0100441952760244,-0.09881664307666216,0.4077540532544379
-0.2258420862651364,-0.24660465663518571,0.020762570370049305,0.5642011216216216
-0.7744612241028462,0.43018745156012217,-1.2046486756629684,0.5642011216216216
-0.2907921251024896,0.7318711544196407,-1.0226632795221302,0.5642011216216216
0.9832318604939866,0.6870466682112798,0.2961851922827068,0.2730334219653179
-0.8940930412359467,0.4292443247256095,-1.3233373659615562,0.5642011216216216
0.6705668532696717,0.6827530241305195,-0.012186170860847834,0.4270410310559006
-0.2907921251024896,-0.27404937424480247,-0.016742750857687116,0.2560125510204081
-0.6832881395995107,-0.5592769482241027,-0.12401119137540806,0.3496421194968553
-0.8489498142680116,-0.34404943626811585,-0.5049003779998957,0.4142846265822784
-0.9853024971024348,-0.9739571571515668,-0.01134533995086795,0.3989209285714286
-1.1112637017805456,-0.9687320230201206,-0.14253167876042494,0.4095118375
-0.3757627450722734,-0.1829378972231049,-0.1928248478491685,0.3924679037433155
-0.7044177951446147,-0.2605828311787678,-0.4438349639658469,0.4770338545454546
-0.2907921251024896,-0.08124857336688787,-0.2095435517356017,0.1728005125
-0.3263266834481763,-0.6457715613782812,0.3194448779301049,0.4270410310559006
-0.6714250712250525,0.21679164353515765,-0.8882167147602101,0.5263955251396648
-0.3479078895044559,-0.675055820094736,0.3271479305902801,0.2308548911564625
0.184698329721384,0.41492152250743225,-0.23022319278604825,0.3691574802631578
-0.7067439032180278,-0.3618497982123854,-0.34489410500564244,0.3385222580645161
-0.446754015549589,-0.08389777450965885,-0.36285624103993014,0.5263955251396648
-0.4436665924522634,-0.18866248195516774,-0.2550041104970957,0.4577306518518518
-1.162759743726849,-1.0107147460090313,-0.15204499771781776,0.3841937837837837
-0.2907921251024896,0.2754523740490132,-0.5662444991515028,0.4142846265822784
1.0435711279263464,0.6647757617757131,0.37879536615063336,0.2853974074074074
-1.0938662957234568,-0.7739372141397036,-0.3199290815837532,0.4707778461538461
-0.2907921251024896,0.034063224441511886,-0.32485534954400147,0.3336369019607843
-1.1458254068027125,-0.8167800634486043,-0.3290453433541082,0.3547797567567567
-0.8111333959038438,-0.3295676541553457,-0.4815657417484981,0.3999173558282208
0.9580898969154052,0.6082647488178439,0.3498251480975614,0.2308548911564625
-0.0462689406306095,-0.3023378123770498,0.25606887174644033,0.32182454
-0.8882711989550429,-0.5648441387216389,-0.32342706023340406,0.5642011216216216
-0.2703718044373677,2.2965192200256093,-2.566891024462977,0.3989209285714286
-0.4167734994915714,-0.3266296472274354,-0.09014385226413596,0.3754729428571428
-0.2658470015648545,0.48356123619724833,-0.7494082377621029,0.2853974074074074
2.1651726457947125,1.8613521942019706,0.30382045159274185,0.3683428963414634
-0.2907921251024896,-0.6853800953752976,0.39458797027280806,0.3913449937106918
-1.1389680376984832,-0.6587920935632832,-0.48017594413520004,0.2308548911564625
-1.139390595391608,-0.8813660557693204,-0.25802453962228755,0.5642011216216216
1.3188303510492891,1.4973724691229415,-0.1785421180736524,0.3754729428571428
-1.131337533778609,-0.29411657951351533,-0.8372209542650936,0.4699289935064935
-0.404990961396497,-0.4067908767807668,0.0017999153842698234,0.4505385
2.1651726457947125,1.3603175073493046,0.8048551384454079,0.4103113666666667
0.7147994206495953,0.45098549323407405,0.2638139274155213,0.3993076298701298
-0.9870960782956124,-0.29503060109504825,-0.6920654772005641,0.3330391923076923
0.25685660327794,-0.22274118281125654,0.47959778608919656,0.4135580243902439
1.6851479391484272,1.701504265779481,-0.016356326631053797,0.4103113666666667
1.1946898421705536,-0.22884863601959282,1.4235384781901463,0.4135580243902439
-0.2907921251024896,0.35112816670788044,-0.64192029181037,0.2560125510204081
-0.354935330733554,-0.5798413731869858,0.22490604245343182,0.4142846265822784
-0.8938213421178509,-0.5690218285089247,-0.3247995136089262,0.2560125510204081
-1.174891326630368,-1.3832118933596553,0.20832056672928734,0.3608544807692307
-0.4867028843959299,-0.4366869092797473,-0.05001597511618261,0.4095118375
1.4297391048344608,0.5434278382468474,0.8863112665876134,0.3571249225352113
-0.9184741170225048,-0.1774045868114739,-0.741069530211031,0.4151807791411043
-0.1743632187713693,0.6364419049729285,-0.8108051237442978,0.2730334219653179
0.8750829910364532,0.2607390043101823,0.6143439867262708,0.4581912866666666
0.3279168611671367,0.6882367943347552,-0.36031993316761846,0.3427241592356688
0.473445677180299,-0.2863251814085687,0.7597708585888677,0.3972289517241379
0.0912006231858216,-0.295507557056973,0.38670818024279463,0.3385222580645161
-0.9387440486556564,-0.7609991454740528,-0.17774490318160363,0.3989209285714286
0.0570395448443142,0.15313885392171142,-0.09609930907739722,0.4095118375
-0.692681968501992,-0.6869203178674026,-0.005761650634589444,0.4862467272727273
0.1625050406924423,0.07717008939758264,0.08533495129485964,0.3924679037433155
0.1287484551553274,-0.244109669247735,0.37285812440306243,0.4095118375
-1.0551624214863051,-1.121817022217347,0.06665460073104179,0.451932013245033
-1.1542438314301409,-1.1975657656093768,0.04332193417923591,0.4581912866666666
-0.7560002596365146,-0.475414937701124,-0.28058532193539065,0.3913449937106918
-0.5723010293307399,-0.7286179354059379,0.156316906075198,0.3972289517241379
-0.4992989561543931,-0.22571161172535495,-0.2735873444290382,0.3234683624161074
-0.0795216385616432,0.22611862822513948,-0.3056402667867827,0.3960697315436241
-0.6013128786921219,-0.5535306814850963,-0.04778219720702559,0.4077540532544379
-0.6202902648543909,-0.10272636422263302,-0.5175639006317578,0.3859531132075471
2.1651726457947125,1.735315836015588,0.42985680977912444,0.4142846265822784
1.918691415017251,1.9800384228187529,-0.06134700780150193,0.4050421041666666
-0.2907921251024896,0.29948314105582385,-0.5902752661583135,0.3818871419753086
-1.1386368971706406,-1.1020828244714393,-0.0365540726992013,0.5263955251396648
-0.965102027336756,-0.09947673144023587,-0.8656252958965202,0.5528236513157895
2.1651726457947125,1.1928790703601189,0.9722935754345936,0.4581912866666666
-0.7802435018742468,-0.303119500793855,-0.4771240010803918,0.3234683624161074
-0.74967123597549,-0.47197637795908387,-0.27769485801640614,0.5528236513157895
-1.2909457133027695,-0.6893827387639703,-0.6015629745387993,0.3425733024691358
-0.3395193886596695,-0.5849387073162162,0.2454193186565467,0.3330391923076923
-1.1051468439952,-1.02918807281852,-0.07595877117667982,0.4862467272727273
-0.2907921251024896,-0.022358678188285627,-0.26843344691420395,0.3691574802631578
-0.7355208530864026,-0.389484565135578,-0.3460362879508246,0.4103113666666667
2.1651726457947125,1.8685798659464257,0.2965927798482868,0.4135580243902439
-0.8733804213008757,-0.6523782289965343,-0.22100219230434137,0.4862467272727273
0.5899488194100065,0.1906458615051238,0.39930295790488274,0.3993076298701298
0.6835054858478623,1.5323404124496924,-0.8488349266018301,0.4770338545454546
0.6447975224025219,1.6678440278336326,-1.0230465054311106,0.3547797567567567
-0.0361347415257127,0.010700768683711127,-0.04683551020942383,0.4108178661971831
1.9027732532214217,1.5320468247195476,0.3707264285018741,0.4505385
0.7031792374072251,0.504520768024603,0.1986584693826221,0.3427241592356688
2.1651726457947125,0.2569355953783322,1.9082370504163801,0.345568697368421
-0.6394934999602402,-0.7008952193909249,0.06140171943068473,0.3993076298701298
-0.6562453395773359,-0.5869068402480042,-0.06933849932933167,0.3448446496815286
0.998056784060651,-0.5778618362635766,1.5759186203242277,0.3330391923076923
1.0436400384808593,0.6931424352641911,0.35049760321666823,0.2853974074074074
-0.7382857680061452,-0.02247018254929447,-0.7158155854568508,0.3999173558282208
0.0504377480428913,0.2097974751110458,-0.1593597270681545,0.3330391923076923
-0.4989978777128396,-0.8720791805833852,0.3730813028705456,0.4142846265822784
-0.2488529098985331,0.014310311416011717,-0.26316322131454484,0.4142846265822784
-1.144797902303995,0.07734528731800969,-1.2221431896220045,0.3496421194968553
-0.2907921251024896,0.15668596661767167,-0.4474780917201613,0.3683428963414634
-0.6914242796702225,-0.6090836239840923,-0.08234065568613014,0.3794539181286549
-1.173177440942545,0.4548567923547126,-1.6280342332972577,0.3818871419753086
0.2185966953143579,-0.019248825392668853,0.23784552070702675,0.37639671875
-0.0831267134689778,-0.12284367807852754,0.03971696460954974,0.3448446496815286
-0.2726138757129913,-0.5393852994269882,0.2667714237139969,0.32182454
0.0495140726198669,1.3576487622969562,-1.3081346896770893,0.3234683624161074
0.1958268674687627,0.8546803799355782,-0.6588535124668156,0.38214178
1.7026975158626043,1.3199740188682239,0.38272349699438046,0.3924679037433155
0.9551579356740896,0.5959776935260979,0.3591802421479917,0.3989209285714286
-0.6017662313897428,-0.039151658087163435,-0.5626145733025794,0.5263955251396648
0.1966645957525954,0.17714666367691698,0.019517932075678424,0.3754729428571428
-0.8523404757366555,-0.46114014442186546,-0.39120033131479004,0.4270410310559006
2.1651726457947125,0.11126774808660986,2.0539048977081027,0.4770338545454546
1.393689713442572,0.7822757080472182,0.6114140053953538,0.4095118375
-0.2800678523606013,-0.408883289851615,0.1288154374910137,0.38214178
-0.2907921251024896,0.17780567900491576,-0.46859780410740537,0.3571249225352113
-0.6252291534401966,-0.5222516998461868,-0.10297745359400978,0.4577306518518518
-1.0992584895454771,-0.7224358255191656,-0.3768226640263115,0.3385222580645161
0.7240086841083238,-0.37737163175231986,1.1013803158606437,0.4707778461538461
-0.2907921251024896,-0.10285785948818021,-0.18793426561430937,0.3448446496815286
0.5758044008904363,0.5905560788308131,-0.014751677940376795,0.3859531132075471
-0.2907921251024896,-0.02854762609333787,-0.2622444990091517,0.3234683624161074
-0.7267633041540593,-0.5476421307459092,-0.17912117340815015,0.5263955251396648
1.456390648951234,1.9785696645535567,-0.5221790156023227,0.4505385
-0.2907921251024896,-0.11126482659685974,-0.17952729850562985,0.4862467272727273
2.1651726457947125,0.7630104066394825,1.40216223915523,0.3683428963414634
-0.1263062758675815,-0.21429438588509558,0.08798811001751408,0.3425733024691358
0.2247927077906556,0.10822540169633896,0.11656730609431665,0.4095118375
2.1651726457947125,2.046579884488858,0.11859276130585439,0.5263955251396648
-0.2907921251024896,-0.7513649265856432,0.46057280148315366,0.3330391923076923
-0.4316745304733689,0.4953297655440987,-0.9270042960174676,0.3496421194968553
-0.6788834739062889,-0.3870028487676518,-0.2918806251386371,0.3818871419753086
0.6065106660268972,1.7736459374933309,-1.1671352714664338,0.4236190132450331
-1.1163876357724865,-1.1393323029895575,0.022944667217071002,0.3062974840764331
-0.124835429858545,0.47200149941932373,-0.5968369292778687,0.3960697315436241
1.5319499613059009,1.3177308130024534,0.21421914830344746,0.3581031125827814
-0.5423743744413266,-0.428978136927106,-0.11339623751422062,0.4108178661971831
-0.6107386992762539,-0.39249859923119396,-0.21824010004505995,0.4509778670886076
-0.5690248853415137,1.0900486908596467,-1.6590735762011604,0.3496421194968553
-0.7174003925147543,1.1939498692608883,-1.9113502617756426,0.3999173558282208
-0.2907921251024896,-0.5902967337743078,0.2995046086718182,0.3571249225352113
0.8583788065535224,1.204125690850666,-0.3457468842971435,0.3924679037433155
0.382659889239359,-0.319846516556056,0.702506405795415,0.4707778461538461
0.0709337767817668,-0.26219206800203915,0.3331258447838059,0.3794539181286549
-0.4216205332212647,-0.3194161666132647,-0.10220436660799997,0.2853974074074074
-1.1880475431721784,-0.9535680856543206,-0.23447945751785781,0.4509778670886076
-0.8453673528586538,-0.6064837512116235,-0.23888360164703037,0.3496421194968553
-0.0312816855853895,1.1599926043991984,-1.1912742899845878,0.3754729428571428
-1.0565538614728702,-1.2535282375140968,0.19697437604122658,0.4135580243902439
-0.9345501258675104,-0.39107691339397094,-0.5434732124735395,0.3841937837837837
-0.4638625557613991,-0.21084907575127942,-0.2530134800101197,0.4862467272727273
-0.5427585642228686,-0.4378698647795004,-0.1048886994433682,0.3385222580645161
-0.8928394579346526,-0.20825461214341912,-0.6845848457912335,0.345568697368421
0.7573313594850762,0.9435229415363567,-0.1861915820512805,0.3960697315436241
2.1651726457947125,0.05982443043814264,2.1053482153565697,0.4056208709677419
-0.3669405432459424,-0.1855367287420942,-0.18140381450384818,0.1728005125
1.1456153144396173,-0.18379863282872388,1.3294139472683413,0.3691574802631578
2.1651726457947125,0.10987691293452018,2.055295732860192,0.4270410310559006
0.5270688755622891,0.02245644245465586,0.5046124331076333,0.4581912866666666
-0.7986029555842177,-0.43161789395759603,-0.36698506162662164,0.4862467272727273
-0.1311225813081442,-0.3075460020253635,0.17642342071721928,0.4699289935064935
0.7590302710200542,0.6719530912802014,0.08707717973985274,0.4489242193548386
-0.436195559411374,-0.2778918487920882,-0.15830371061928578,0.3972289517241379
-0.009086013978017,0.5483840272992647,-0.5574700412772817,0.3924679037433155
-0.4989978777128396,-0.3859044139075595,-0.11309346380528013,0.4270410310559006
-1.0877432859415332,-0.49303427074146705,-0.5947090152000662,0.345568697368421
1.4818621412714774,-0.1914028749022493,1.6732650161737268,0.4077540532544379
2.1651726457947125,1.6328127238808858,0.5323599219138266,0.3425733024691358
-0.304264298365073,0.8512282006611291,-1.155492499026202,0.2560125510204081
2.1651726457947125,2.3842395867915602,-0.21906694099684776,0.3960697315436241
-1.0519879663327558,-0.1399051798426895,-0.9120827864900664,0.3972289517241379
-0.3930102901550556,0.22746263037185374,-0.6204729205269094,0.3960697315436241
2.1651726457947125,1.9443053649878483,0.22086728080686413,0.3691574802631578
0.3176810193806015,-0.05167613178634537,0.3693571511669469,0.3581031125827814
2.1651726457947125,-0.2993576466597072,2.4645302924544197,0.3571249225352113
-0.7551210814606127,-0.544998146882011,-0.21012293457860176,0.3818871419753086
1.0358604456862963,-0.29864199097143906,1.3345024366577354,0.4489242193548386
-1.1375168581827388,-1.0710725173564728,-0.06644434082626605,0.4489242193548386
-0.3445254319656669,-0.05308548800396906,-0.2914399439616978,0.1728005125
-0.6830206248501189,-0.22322358061019282,-0.4597970442399261,0.4505385
-0.5673408888901347,-0.4218842191140115,-0.14545666977612315,0.3062974840764331
-1.068044937726377,-0.646180088654174,-0.421864849072203,0.3547797567567567
-0.1028258739159762,-0.43218786104855417,0.32936198713257797,0.4151807791411043
1.9574496986458256,0.5570173094319839,1.4004323892138417,0.4077540532544379
0.2831174996133372,0.18306106303978054,0.10005643657355667,0.3999173558282208
-1.1799755616520278,-0.992579952959516,-0.18739560869251182,0.3924679037433155
-1.2909457133027695,1.0342829514586862,-2.3252286647614557,0.4056208709677419
-0.3666968950865754,-0.21109916052571276,-0.15559773456086262,0.3999173558282208
2.1651726457947125,2.36016874320328,-0.1949960974085676,0.3978908843930636
-0.081950060432069,-0.5450566238072664,0.4631065633751974,0.4056208709677419
-0.4969127618616801,-0.7551854592956352,0.2582726974339551,0.3608544807692307
2.039649060982086,0.6219188890878886,1.4177301718941973,0.3571249225352113
-0.1088155152452601,-0.3004705443221416,0.19165502907688148,0.4056208709677419
-0.2167483358660709,0.5497336202078158,-0.7664819560738867,0.3608544807692307
-0.2335663964259452,-0.3892247273180212,0.155658330892076,0.3683428963414634
-0.6646698065013149,0.025265150955308027,-0.6899349574566229,0.3841937837837837
0.4655046446903611,1.6911102814445294,-1.2256056367541683,0.37639671875
-0.2907921251024896,0.05290592562138893,-0.3436980507238785,0.2560125510204081
2.1651726457947125,2.3342783422218933,-0.16910569642718087,0.3794539181286549
-0.2907921251024896,0.3697395260997771,-0.6605316512022668,0.1728005125
-1.1036352907977496,-1.0806714307157461,-0.022963860082003462,0.3608544807692307
-0.7845526077107767,-0.34780337139393896,-0.43674923631683776,0.4509778670886076
2.022096692047626,0.28317262065980786,1.7389240713878182,0.3913449937106918
-0.4063976703274948,-0.4233392372957508,0.016941566968255994,0.5263955251396648
0.0608103884185094,-0.06186679981965225,0.12267718823816165,0.3427241592356688
-0.744624520066895,-0.562300869207864,-0.1823236508590309,0.1728005125
-0.5687640167736576,-0.44965845481056105,-0.11910556196309657,0.37639671875
-0.1919200276054756,-0.47656403069309816,0.28464400308762255,0.3385222580645161
-0.2907921251024896,0.30642185563632596,-0.5972139807388155,0.3672524791666667
0.283387409618664,0.5977765931816281,-0.31438918356296414,0.4108178661971831
-0.9670100487558104,-0.8727940907940539,-0.09421595796175652,0.4077540532544379
2.1651726457947125,2.5256321223659204,-0.3604594765712079,0.4505385
0.1132679461567802,0.268593423580001,-0.15532547742322078,0.451932013245033
-0.4558662481649754,-0.3092424923985883,-0.1466237557663871,0.4056208709677419
-0.9269475023146998,0.00978888286054958,-0.9367363851752494,0.345568697368421
-0.2907921251024896,-1.1359604355390707,0.845168310436581,0.3336369019607843
0.0657367013163985,0.15782111004549298,-0.09208440872909449,0.4103113666666667
1.1061817928707396,0.7035913182935827,0.4025904745771569,0.451932013245033
-0.7161231581410055,-0.35289801710951707,-0.3632251410314884,0.3978908843930636
0.358623240004963,-0.20175050678798578,0.5603737467929488,0.3801381595092024
2.1651726457947125,1.4931958284227944,0.6719768173719181,0.3924679037433155
2.1651726457947125,1.9773486448000948,0.1878240009946177,0.3279570604026846
-0.2907921251024896,-0.5362751069551822,0.24548298185269263,0.3841937837837837
-0.9359392599745444,-0.9175347290992478,-0.018404530875296587,0.3672524791666667
-1.1057164350245712,-0.8947064566062959,-0.2110099784182753,0.3989209285714286
-1.1727992535630325,-1.058920229263888,-0.11387902429914454,0.4056208709677419
-0.2666795376184055,-0.12151706614858601,-0.1451624714698195,0.1728005125
-0.2907921251024896,0.0424875025205839,-0.3332796276230735,0.3672524791666667
-0.666609110057961,-0.03445852311415111,-0.6321505869438099,0.3279570604026846
-0.600754975410355,-0.4795274791230039,-0.12122749628735113,0.2730334219653179
-0.480649708962397,-0.11155809244365046,-0.36909161651874656,0.4056208709677419
-0.3159941024008941,-0.30127629678975676,-0.014717805611137336,0.5528236513157895
0.2844404474822601,1.3186859562214925,-1.0342455087392324,0.4103113666666667
2.1651726457947125,1.2420276153940528,0.9231450304006596,0.4509778670886076
-0.2907921251024896,-1.0638977202845232,0.7731055951820336,0.4577306518518518
0.0168449007911176,-0.4272982994099336,0.4441432002010512,0.5528236513157895
-0.7124846681060106,-0.03399364552483419,-0.6784910225811764,0.5642011216216216
-0.4431898240083582,0.6143361949469975,-1.0575260189553557,0.451932013245033
-1.0954056539756731,-1.2104014040265003,0.11499575005082718,0.3960697315436241
-0.2907921251024896,-0.7555547921230481,0.4647626670205585,0.1728005125
-0.4151969813354462,-0.10825905957885001,-0.3069379217565962,0.4270410310559006
-1.0932558834081347,-1.0528354957592656,-0.04042038764886913,0.3496421194968553
-0.6032536682899542,-0.45097799784308823,-0.15227567044686596,0.3683428963414634
-1.2913418853065666,-0.4448881425046502,-0.8464537428019163,0.37639671875
-0.6283415436933733,0.37760858650235796,-1.0059501301957312,0.4050421041666666
-0.8987098633759538,0.008234156182286933,-0.9069440195582408,0.4236190132450331
-0.5802639297229434,-0.7900150010540856,0.20975107133114224,0.4770338545454546
-0.6058307774751249,-0.6228884416666478,0.01705766419152288,0.3691574802631578
2.1651726457947125,1.343479675980821,0.8216929698138915,0.3062974840764331
-0.7853400784065518,-0.19808592324185448,-0.5872541551646974,0.3754729428571428
1.8531208361234708,1.054145596672909,0.7989752394505618,0.3859531132075471
0.1986093462781216,0.1770369431620618,0.02157240311605979,0.3993076298701298
-0.9673407504043068,1.2211218575215534,-2.1884626079258602,0.3279570604026846
-0.6700931282707833,-0.536139946735614,-0.13395318153516922,0.3989209285714286
-1.027227216095452,-1.1824640307493777,0.15523681465392558,0.4108178661971831
0.3789456210081659,-0.0938294146562324,0.4727750356643983,0.3581031125827814
-1.1508112335305902,-1.0602124336960022,-0.09059879983458807,0.2853974074074074
-1.205602717796769,-0.3159228843303794,-0.8896798334663896,0.3279570604026846
-1.1544824657950967,-1.27783942357444,0.12335695777934319,0.37639671875
-0.7962627422027813,-0.16527640643057118,-0.6309863357722101,0.3234683624161074
0.852919816230036,0.6980745280325884,0.15484528819744758,0.4505385
-0.904095177988066,-0.8529025501822198,-0.051192627805846214,0.4151807791411043
-0.2907921251024896,-0.5112823312269489,0.2204902061244593,0.4509778670886076
-0.4977074151558839,0.4728559268626429,-0.9705633420185268,0.4050421041666666
-0.8252571750505323,-0.567938503300869,-0.2573186717496633,0.38214178
-0.2907921251024896,-0.5234789360509919,0.23268681094850235,0.4077540532544379
0.2040936805170348,0.33082774513995095,-0.12673406462291614,0.3279570604026846
-0.5929104686444543,-0.1746687494718689,-0.4182417191725854,0.3683428963414634
1.0886200814080862,0.296250672258022,0.7923694091500642,0.3794539181286549
1.2664320634159902,0.3318922866662937,0.9345397767496966,0.1728005125
1.2297526844538995,0.09030347471123926,1.1394492097426603,0.451932013245033
-1.0922097088283325,-0.927461136659588,-0.1647485721687445,0.32182454
-0.8359500519534635,-0.6639377496101551,-0.17201230234330844,0.4509778670886076
-0.596186140792824,-0.6240720582554395,0.027885917462615595,0.4056208709677419
0.5816623859432464,0.11483154185083276,0.4668308440924136,0.3978908843930636
0.3076837832761694,0.8936336049826357,-0.5859498217064663,0.38214178
-0.0243568006105702,1.4232796830247767,-1.4476364836353468,0.3989209285714286
-0.3761845565358119,0.5353494304492915,-0.9115339869851034,0.4577306518518518
-0.068435583526748,-0.4218846670942357,0.3534490835674877,0.2308548911564625
-1.1965487446515728,-1.3160069789672748,0.11945823431570202,0.4770338545454546
2.1651726457947125,0.7971766931705357,1.3679959526241767,0.4142846265822784
0.2297891241169607,-0.18022583059688912,0.41001495471384986,0.5528236513157895
-0.8972618634178603,-0.14548718918248832,-0.7517746742353719,0.3818871419753086
-0.5378123361545206,-0.02918389419252359,-0.5086284419619971,0.4505385
-0.7932970805899628,-0.19630357958219843,-0.5969935010077644,0.3672524791666667
0.4895316990349974,-0.31024890425895424,0.7997806032939516,0.3978908843930636
0.7974212358518684,1.7221937035007937,-0.9247724676489253,0.3330391923076923
-0.918721424860374,-0.9629635455750183,0.044242120714644284,0.4505385
-0.2907921251024896,-1.0397979456845883,0.7490058205820986,0.3425733024691358
-0.2260974084249393,-0.20543037814252496,-0.020667030282414345,0.2560125510204081
-0.4276957722660331,-0.24687493084925682,-0.1808208414167763,0.3999173558282208
-0.6418185058831388,-0.15071991615442815,-0.4910985897287107,0.3841937837837837
2.1651726457947125,1.9917354727884669,0.17343717300624562,0.451932013245033
-0.4914993539004347,-0.22868088791032298,-0.2628184659901117,0.3496421194968553
-1.1215224589085069,-1.2607616548414637,0.13923919593295686,0.4108178661971831
0.4183496792651217,0.23919752936856112,0.17915214989656056,0.5263955251396648
-0.8642993357284274,-0.5462468977902201,-0.31805243793820737,0.345568697368421
1.8498104371219364,0.7190823801618741,1.1307280569600624,0.2308548911564625
-0.2907921251024896,0.26640297393937096,-0.5571950990418606,0.3683428963414634
-0.6413444405208155,-0.3427259779781443,-0.2986184625426712,0.3859531132075471
-0.4947330916383745,-0.11005587807923538,-0.3846772135591391,0.4699289935064935
-0.2907921251024896,-0.7665796318538884,0.47578750675139886,0.2853974074074074
-0.7985424201058654,-0.8489312925032789,0.05038887239741352,0.4108178661971831
-1.1279502092271356,-1.157695839069123,0.029745629841987364,0.3989209285714286
-1.1112637017805456,-0.5328962293407955,-0.5783674724397501,0.4151807791411043
1.5348380916614046,1.6295870368652252,-0.0947489452038206,0.3989209285714286
-0.2887219679138494,0.6999770974290082,-0.9886990653428576,0.3841937837837837
-0.5142352622914088,-0.32859052053254617,-0.18564474175886264,0.4142846265822784
2.1651726457947125,2.226475504979897,-0.061302859185184744,0.451932013245033
-0.0099520293390928,-0.1704985088525932,0.1605464795135004,0.4505385
2.1651726457947125,2.2886008295589746,-0.12342818376426212,0.4050421041666666
-0.2751445285804809,-0.3903639803312067,0.11521945175072579,0.3913449937106918
-1.2045110713867146,-1.0402796229403362,-0.1642314484463785,0.3425733024691358
-0.547773059462395,1.3724785501639702,-1.9202516096263653,0.3496421194968553
-0.2907921251024896,-0.39699341611549277,0.10620129101300319,0.4770338545454546
0.3418189396872966,0.2937942994402435,0.04802464024705311,0.4077540532544379
0.2394080488400433,0.10483147492780326,0.13457657391224004,0.4509778670886076
0.124147670058034,-0.17680754061751364,0.30095521067554765,0.4270410310559006
-0.5523982467742622,-0.5385569354697611,-0.013841311304501058,0.3330391923076923
-0.2907921251024896,0.05819646464023002,-0.3489885897427196,0.32182454
-0.0129837906660567,-0.174709036543309,0.1617252458772523,0.3960697315436241
-0.6687425707787438,-0.7272200986203451,0.05847752784160132,0.3683428963414634
-1.104341199186071,-1.159532814745977,0.05519161555990593,0.4108178661971831
0.2330162132963327,0.4531737438193705,-0.22015753052303777,0.4509778670886076
-0.9590208623511548,-0.6344969522034412,-0.32452391014771365,0.3972289517241379
-1.171303335808736,-0.2523055983954696,-0.9189977374132663,0.4050421041666666
0.5772470873896147,-0.21467411138730783,0.7919211987769226,0.4056208709677419
-1.1578028176277966,-1.0823822142690387,-0.07542060335875789,0.3999173558282208
0.703112039900457,-0.13609046329037341,0.8392025031908305,0.345568697368421
-0.3482802674177047,-0.4173064703178938,0.06902620290018913,0.4270410310559006
-0.7498768583574167,-1.016265435796869,0.2663885774394523,0.3818871419753086
-0.8650608092211414,-0.45473861246250236,-0.410322196758639,0.4270410310559006
-0.2544998533325768,-0.3426408587092527,0.08814100537667591,0.3754729428571428
-0.0849152723896633,-0.3998188004197748,0.3149035280301115,0.3978908843930636
-0.6637494561499183,-0.28131580920670296,-0.38243364694321536,0.3425733024691358
-0.0313859263630285,0.07533380315551466,-0.10671972951854317,0.3547797567567567
-0.2907921251024896,-0.4557912253062066,0.164999100203717,0.3427241592356688
-1.0984472817286886,-0.833188177168283,-0.2652591045604056,0.4056208709677419
0.2935113240983425,0.14425733370916083,0.1492539903891817,0.3062974840764331
0.2522592343718354,-0.61214531859826,0.8644045529700954,0.4135580243902439
-0.715091697785596,0.9296133668424511,-1.644705064628047,0.5263955251396648
-0.7869355407155545,-0.8211662350651208,0.03423069434956627,0.3581031125827814
-0.3185079278625223,0.06270111400918457,-0.3812090418717069,0.4142846265822784
-0.0502532856555431,-0.5787019082422616,0.5284486225867185,0.3571249225352113
-0.6505471477290531,0.26575625504629413,-0.9163034027753472,0.4505385
2.1651726457947125,0.6924175467802444,1.472755099014468,0.2308548911564625
-0.4523894066080018,0.0008421699394400919,-0.4532315765474419,0.4236190132450331
0.2948997710846531,-0.002531467958433337,0.29743123904308644,0.3913449937106918
-0.2907921251024896,-0.21539719865333762,-0.07539492644915197,0.3448446496815286
-0.295808727580904,0.48086936841765343,-0.7766780959985574,0.3385222580645161
-0.826193505792046,-0.7167976584475588,-0.10939584734448715,0.3818871419753086
0.5379003964234969,0.27196032095932826,0.2659400754641686,0.3608544807692307
-1.1174127129253364,-0.983479163248671,-0.13393354967666538,0.4236190132450331
-1.0700676246347094,-0.29243579745754594,-0.7776318271771634,0.3924679037433155
-1.1075568338442972,-1.0503247941478389,-0.05723203969645829,0.3978908843930636
-1.1619314338381488,-0.694620952766592,-0.4673104810715568,0.4050421041666666
-0.5172208957272828,-0.24947035727616018,-0.2677505384511226,0.4581912866666666
0.0030361437558281,-0.6725260110082832,0.6755621547641113,0.4056208709677419
0.1459458123763248,1.123053111052723,-0.9771072986763982,0.4103113666666667
-0.4945097932501544,0.5325370081483283,-1.0270468013984826,0.5263955251396648
-0.7744670094026176,0.2908169499845627,-1.0652839593871803,0.3496421194968553
0.6874493504136194,0.270248661349666,0.4172006890639534,0.4509778670886076
-0.2907921251024896,-0.48474575376698387,0.19395362866449428,0.37639671875
-0.6341544491262154,0.0028523088288374826,-0.6370067579550529,0.3999173558282208
-0.9935298272922536,-0.939397872210321,-0.05413195508193258,0.3672524791666667
-0.0675234180889499,1.6288546399403971,-1.696378058029347,0.3999173558282208
-0.4728383966563504,-0.28798205084199896,-0.18485634581435145,0.32182454
0.8404585491269609,0.3837572187264453,0.45670133040051564,0.4489242193548386
0.6776382810801795,0.14833957722251603,0.5292987038576635,0.3608544807692307
0.7628653170406688,-0.4397001458463824,1.2025654628870512,0.3859531132075471
0.0239591207244433,-0.21755978138181262,0.24151890210625593,0.5263955251396648
-0.2907921251024896,-0.1174659667951741,-0.1733261583073155,0.3448446496815286
-0.2907921251024896,-0.3595522456757159,0.06876012057322634,0.4699289935064935
0.1344561598857654,0.014188448466574265,0.12026771141919113,0.3859531132075471
-0.8571207188282285,-0.40744838040592646,-0.44967233842230203,0.3924679037433155
-0.1994531919055485,-0.41861134324599114,0.21915815134044264,0.3608544807692307
-0.5380570892376063,-0.6503012049763262,0.11224411573871984,0.3571249225352113
0.8582935352837692,0.1570103341906644,0.7012832010931047,0.3999173558282208
-0.7417097388245241,-0.7687488955182272,0.02703915669370316,0.3608544807692307
-1.1595399807582574,-1.0179344047082035,-0.14160557605005386,0.4699289935064935
-0.7249834412088573,-0.15656257342321034,-0.5684208677856469,0.4577306518518518
-1.2909457133027695,-0.6368678169095916,-0.6540778963931779,0.4505385
0.3606989166619598,-0.41195216320439265,0.7726510798663524,0.4581912866666666
-0.7695445587855936,-0.10176815664701074,-0.6677764021385828,0.4770338545454546
0.6694471040023562,1.2003817600888451,-0.5309346560864889,0.4577306518518518
2.1651726457947125,0.7404615304923526,1.42471111530236,0.4699289935064935
0.1939903828284341,-0.4109941676129254,0.6049845504413595,0.3978908843930636
-0.2907921251024896,-0.07606709064989638,-0.21472503445259322,0.3425733024691358
-0.7772303313147331,-0.33473121520731175,-0.4424991161074213,0.3960697315436241
2.1651726457947125,-0.12031546848588456,2.285488114280597,0.4509778670886076
-1.0896901008401367,-1.210107542430536,0.12041744159039935,0.3496421194968553
1.63333431581958,0.07390228115267435,1.5594320346669057,0.3608544807692307
2.1651726457947125,1.5340654079576665,0.6311072378370459,0.3999173558282208
-0.5767298318032931,-0.22367435359387444,-0.3530554782094186,0.4056208709677419
0.0236357698890084,0.2642736143634329,-0.2406378444744245,0.5642011216216216
-1.1483754840627822,-1.0143150285080107,-0.13406045555477153,0.4581912866666666
-1.1476975806772374,-0.45864951045923746,-0.689048070218,0.3683428963414634
-0.4102953547074576,0.10338533073502695,-0.5136806854424846,0.38214178
-0.3656949020048085,0.5626609674563503,-0.9283558694611588,0.3425733024691358
-0.9140170954558244,0.8648852939845237,-1.7789023894403482,0.3427241592356688
2.1651726457947125,2.221936735977528,-0.056764090182815696,0.3989209285714286
-0.7851221025892028,-0.38605190911165144,-0.39907019347755135,0.3547797567567567
1.2753528807736785,0.8541691973109283,0.42118368346275015,0.3801381595092024
0.1982648489696399,-0.366885291300243,0.5651501402698829,0.3859531132075471
-1.1017474052169605,-0.9972680134935519,-0.10447939172340859,0.4270410310559006
-1.0947265808526696,-0.9568623812578557,-0.13786419959481389,0.2308548911564625
-0.747719408233288,-0.2773014458397091,-0.47041796239357886,0.4509778670886076
2.1651726457947125,1.572268969920145,0.5929036758745674,0.3794539181286549
0.0189011206486642,-0.18328078044072071,0.2021819010893849,0.4581912866666666
0.6999050889363818,-0.0511920877198703,0.7510971766562521,0.4236190132450331
-0.5559188376056151,-0.23470029775268256,-0.3212185398529326,0.5528236513157895
0.4632540897874481,0.8986854288312591,-0.43543133904381104,0.3234683624161074
-0.145806798841252,-0.30335440974869043,0.15754761090743843,0.1728005125
-0.1419016295836213,1.3552066042573654,-1.4971082338409867,0.4577306518518518
-0.056808139243892,-0.012653130499869374,-0.044155008744022624,0.3989209285714286
-0.5927856463350459,-0.479119308053211,-0.11366633828183492,0.4577306518518518
-0.550488884709147,-0.33666687403137324,-0.2138220106777738,0.3972289517241379
0.2534276581238814,0.4668780636522082,-0.21345040552832678,0.2730334219653179
-1.088758372983432,-1.1341657763578465,0.04540740337441451,0.3496421194968553
-1.1414389649424308,-1.0136909265615135,-0.1277480383809173,0.3385222580645161
-1.0031907781792024,-0.9399026108109234,-0.06328816736827902,0.1728005125
-0.2194653472518025,-0.673129543450788,0.4536641961989855,0.3608544807692307
-0.805703138351105,-0.6040107988561263,-0.20169233949497867,0.3571249225352113
-0.9107410588292114,-0.03841751862812481,-0.8723235402010866,0.3672524791666667
0.2801403965530491,-0.4996587982474594,0.7797991948005085,0.3978908843930636
2.1651726457947125,2.2759609920087707,-0.1107883462140582,0.4135580243902439
-0.5065982997378252,-0.5122821654394254,0.005683865701600177,0.4577306518518518
-1.0976414254825613,-0.9124129256163203,-0.18522849986624101,0.3691574802631578
-0.039621878404549,1.436831391118034,-1.476453269522583,0.3924679037433155
-0.3445579442173304,0.16173038725343195,-0.5062883314707624,0.3960697315436241
-0.6115201037863067,-0.4191219440693469,-0.19239815971695984,0.4862467272727273
-1.1064616168548245,-1.0050071468724926,-0.10145446998233187,0.3448446496815286
-0.2907921251024896,-0.22063772791399805,-0.07015439718849154,0.3993076298701298
-1.1160738034844666,-1.1719192994286836,0.05584549594421695,0.4077540532544379
2.1651726457947125,1.9632510110515025,0.20192163474321,0.4095118375
-0.4418112848876903,-0.2967874428557935,-0.14502384203189678,0.4509778670886076
-0.311998010876048,-0.5845323112541043,0.2725343003780563,0.3448446496815286
0.2628713603275768,0.0072858072389007265,0.2555855530886761,0.3978908843930636
0.555925248805469,0.30016122896923064,0.25576401983623837,0.4135580243902439
2.1651726457947125,1.597016044728579,0.5681566010661334,0.4056208709677419
-0.0844845775612835,0.5314967771780358,-0.6159813547393193,0.3841937837837837
-0.8582711468631741,-0.8791691753778142,0.020898028514640177,0.4050421041666666
0.7132657623617009,-0.5752780347690342,1.288543797130735,0.3691574802631578
-0.2907921251024896,0.12066480304724905,-0.41145692814973867,0.3989209285714286
0.4446757910587519,-0.1813322055761002,0.6260079966348521,0.4581912866666666
-1.1988384255015807,-0.953129619787282,-0.24570880571429876,0.5642011216216216
0.6287531077201781,0.5567055392448796,0.07204756847529847,0.2308548911564625
-0.1066169935733259,0.0662214486694585,-0.17283844224278438,0.3972289517241379
-0.1246329649674886,-0.20825317688569994,0.08362021191821134,0.4505385
-0.144791130298086,-0.05484550629640092,-0.08994562400168507,0.4135580243902439
-0.6970838796112714,-0.628708926928323,-0.06837495268294835,0.3279570604026846
-0.4872691013471965,-0.5960196429257918,0.10875054157859532,0.4142846265822784
-1.0494101169794303,-0.9902196574429549,-0.05919045953647539,0.2853974074074074
-0.6492700171523692,-0.40011403624485276,-0.24915598090751645,0.3683428963414634
0.2671838276835588,0.2475269666313842,0.019656861052174596,0.3448446496815286
-1.1859116214309078,0.7079845520583419,-1.8938961734892497,0.4236190132450331
-0.2580665257028954,0.09357168731191019,-0.3516382130148056,0.3427241592356688
-0.7431248438287983,-0.032922672390382754,-0.7102021714384156,0.3841937837837837
-0.0751134168285154,-0.13669885190194037,0.06158543507342497,0.3427241592356688
-0.6241343871756124,-0.6163795008493904,-0.00775488632622201,0.3691574802631578
-0.1108585536678964,-0.1702106141562126,0.059352060488316205,0.3913449937106918
-0.1739715108337111,-0.4941514954024382,0.3201799845687271,0.3608544807692307
-0.149470547614693,-0.12539828804007555,-0.02407225957461745,0.4236190132450331
0.9698762770865724,0.43283181376834184,0.5370444633182305,0.4770338545454546
-1.021799958238274,-0.9443555084968652,-0.07744444974140874,0.3978908843930636
-1.106305027136737,-1.1380276411621655,0.03172261402542853,0.4108178661971831
0.0096670223555337,1.745586597492193,-1.7359195751366592,0.3999173558282208
2.1651726457947125,0.9716754279117262,1.1934972178829861,0.3859531132075471
0.5022653957973437,0.22800823459302655,0.2742571612043172,0.3993076298701298
-0.7916654842248377,-0.489955959808637,-0.30170952441620075,0.3841937837837837
0.099526207162341,-0.4163244015791445,0.5158506087414855,0.3448446496815286
0.9345975115530292,0.42998329838350474,0.5046142131695244,0.4135580243902439
-0.8844625300664412,0.9958101847413957,-1.8802727148078369,0.1728005125
1.8993664837952755,1.690569635771184,0.2087968480240916,0.3960697315436241
-0.0667175293567183,1.6977736820557139,-1.7644912114124323,0.3279570604026846
-0.3226530224512004,0.6248964444716094,-0.9475494669228098,0.3691574802631578
-1.1922988843573503,-1.1060045513029457,-0.08629433305440459,0.3336369019607843
2.1651726457947125,2.0389340845270265,0.12623856126768596,0.4135580243902439
-0.5452312301865063,-0.5213709032003798,-0.0238603269861265,0.3427241592356688
-0.3235947292468056,-0.2238760421646579,-0.0997186870821477,0.38214178
2.1651726457947125,2.410186916340463,-0.24501427054575053,0.4050421041666666
-0.6341039047096271,-0.37853034674822217,-0.2555735579614049,0.3547797567567567
0.1802602421655779,-0.04247344709777983,0.22273368926335774,0.5263955251396648
-0.9315636351550376,-0.9502647953557701,0.018701160200732536,0.4699289935064935
-0.07565042560263,-0.010433794084006416,-0.06521663151862359,0.4489242193548386
-1.2515222794616243,-1.1340051953725065,-0.11751708408911776,0.4699289935064935
2.1651726457947125,0.5089720151377303,1.6562006306569823,0.4135580243902439
-0.0717379299361331,0.3301690967023005,-0.4019070266384336,0.5263955251396648
0.9231660131509069,0.46977919888975517,0.4533868142611517,0.4095118375
-0.2907921251024896,-0.568331451221147,0.27753932611865745,0.3608544807692307
0.748925252756441,0.9100679717741482,-0.16114271901770727,0.3924679037433155
-0.793613893794991,-0.48223396175631783,-0.3113799320386732,0.4270410310559006
0.0622457944647741,-0.25736538091441835,0.3196111753791925,0.3427241592356688
-0.8644856193701609,-0.5278075139181665,-0.3366781054519944,0.3794539181286549
-0.6669324501967517,-0.616175975901287,-0.050756474295464704,0.4236190132450331
0.3153353427872332,1.6832184743111152,-1.367883131523882,0.4489242193548386
2.1651726457947125,2.1020306121644743,0.06314203363023818,0.3978908843930636
0.197928980683573,0.6805486828873301,-0.48261970220375705,0.3924679037433155
1.0112938747987614,0.4480868704963179,0.5632070043024435,0.4103113666666667
-0.1577086437390979,-0.26935661524652543,0.11164797150742753,0.3672524791666667
-0.3349960726206866,0.18216896722916073,-0.5171650398498473,0.4095118375
-0.8555526811300167,-0.1776792246821475,-0.6778734564478692,0.2730334219653179
0.9294092679501416,-0.07155020865369399,1.0009594766038354,0.3336369019607843
-0.4376345246669209,-0.5290203589775246,0.09138583431060376,0.4489242193548386
-0.0749708765185814,1.1402611128183484,-1.2152319893369299,0.3754729428571428
1.004011818576887,1.0074868939695425,-0.003475075392655569,0.2853974074074074
-0.1420260129344495,-0.5644735012571558,0.4224474883227063,0.4056208709677419
2.1651726457947125,1.2214162724005917,0.9437563733941208,0.4505385
-0.5859255212206554,-0.7076013875237912,0.12167586630313576,0.3571249225352113
2.1651726457947125,0.1598683492866726,2.00530429650804,0.3924679037433155
-0.6576180367456356,-0.5966457805862322,-0.06097225615940338,0.3859531132075471
-0.2907921251024896,-0.517495992388069,0.2267038672855794,0.2308548911564625
-0.2907921251024896,0.152252240265646,-0.4430443653681356,0.3818871419753086
-0.5286587455589697,-0.2046379430331463,-0.32402080252582344,0.3385222580645161
-0.9095936195158624,-0.4487542233595919,-0.46083939615627045,0.5642011216216216
0.3317320827406815,0.2871169350487681,0.04461514769191338,0.5528236513157895
1.142286138073619,1.2524274461861016,-0.11014130811248268,0.4135580243902439
-0.3550873161802306,1.8111592335633018,-2.1662465497435326,0.3234683624161074
-0.8172779836693608,-0.9285486211415985,0.11127063747223775,0.3754729428571428
-0.0006259735813009,-0.3735731030279088,0.3729471294466079,0.3859531132075471
2.1651726457947125,1.8846917442146502,0.2804809015800622,0.4108178661971831
-0.6634893561557497,-0.10930935632462713,-0.5541799998311225,0.3924679037433155
0.4264162459855586,0.4326235588714931,-0.006207312885934513,0.4770338545454546
1.287115489436102,1.2901415490277839,-0.0030260595916817845,0.3960697315436241
-0.8218046956947602,-0.8129964439743042,-0.008808251720456073,0.3581031125827814
1.9732704492731892,0.9908284923423245,0.9824419569308647,0.3608544807692307
-0.2820175185883508,-0.1832256574629309,-0.09879186112541988,0.3062974840764331
-0.2907921251024896,-0.14686710039619696,-0.14392502470629262,0.4077540532544379
0.0312572167622355,0.6522892537284228,-0.6210320369661874,0.3234683624161074
-1.0893783494059497,-1.0966085533125765,0.007230203906626764,0.4505385
-0.5413928583019199,-0.3222957391593237,-0.21909711914259616,0.3841937837837837
-0.2907921251024896,-1.1084303216456703,0.8176381965431807,0.345568697368421
-0.2907921251024896,-0.0549289198364187,-0.23586320526607088,0.3672524791666667
-0.2698252348442855,-0.27851946381897186,0.008694228974686358,0.2853974074074074
-0.7526330927523841,-0.5138357009243903,-0.23879739182799375,0.3547797567567567
-0.3105160455073811,-0.24349520675367467,-0.06702083875370643,0.3683428963414634
0.9009110500452742,0.3662075078660545,0.5347035421792197,0.4077540532544379
1.563251393662806,0.7626617199118724,0.8005896737509337,0.2308548911564625
-0.2907921251024896,0.09653720610365102,-0.3873293312061406,0.3425733024691358
-0.5747098569300298,-0.24492265712453834,-0.32978719980549154,0.5528236513157895
-0.9036926161260198,-0.6883210180326644,-0.21537159809335538,0.3972289517241379
-0.6030926699301912,-0.45668402926381085,-0.14640864066638032,0.4509778670886076
-0.2879395709929269,-0.7438279172008341,0.4558883462079072,0.3989209285714286
-1.172411949473369,-1.1066167420382,-0.06579520743516887,0.3427241592356688
-0.6906398016577641,-0.6024257481562048,-0.08821405350155931,0.4862467272727273
1.2550878218977044,1.8539734753880983,-0.5988856534903939,0.4581912866666666
2.1651726457947125,0.8925576173179535,1.272615028476759,0.4151807791411043
-1.2121074845471935,-0.428853442026726,-0.7832540425204675,0.2308548911564625
2.1651726457947125,1.230653971963215,0.9345186738314974,0.4770338545454546
-1.255105039584673,0.4183486374663416,-1.6734536770510147,0.4236190132450331
-0.3879238156126756,0.09867147880359028,-0.48659529441626587,0.3385222580645161
-0.9769642063050656,-0.11217753876242426,-0.8647866675426414,0.3547797567567567
-0.1513944396842192,-0.45147659642889665,0.3000821567446774,0.3754729428571428
0.2164421526965649,0.6955515058780799,-0.47910935318151504,0.3672524791666667
-1.1309865504213152,-0.9904357622095393,-0.1405507882117759,0.3999173558282208
-0.9687695215203208,-0.35503846709377246,-0.6137310544265484,0.4103113666666667
-1.1881791281376914,-1.294843004717985,0.10666387658029364,0.4151807791411043
2.1651726457947125,0.41850192845063594,1.7466707173440765,0.3581031125827814
1.8158844258541935,0.1908226414048381,1.6250617844493553,0.3801381595092024
-1.2033036622494009,-1.1918731427754523,-0.011430519473948575,0.4577306518518518
1.940206432220684,0.3282779438752717,1.6119284883454124,0.3691574802631578
-0.5689105841720103,-0.2990715824496519,-0.2698390017223585,0.3234683624161074
-0.2907921251024896,-0.12549773259686925,-0.16529439250562034,0.4142846265822784
2.1073968839418207,1.0604626993442199,1.0469341845976008,0.32182454
0.5248053167095235,0.5386786015787902,-0.013873284869266755,0.4581912866666666
-0.7778121479348211,-0.5710198806920731,-0.20679226724274802,0.3448446496815286
-0.4526167649669168,-0.42917044828918216,-0.023446316677734613,0.3062974840764331
1.519415469731364,1.4807721507504354,0.03864331898092854,0.1728005125
-0.666941649706852,-0.4568775126268087,-0.2100641370800433,0.4270410310559006
-0.834897903496016,-0.6092769319116514,-0.22562097158436456,0.4509778670886076
-0.72259846989912,-0.36596223245455134,-0.3566362374445687,0.3960697315436241
1.0082966426351323,0.7068940864874748,0.30140255614765754,0.4699289935064935
-0.3664267014220939,-0.2847579109888659,-0.081668790433228,0.4505385
-1.0467912656857203,-0.9754366013169709,-0.07135466436874949,0.4236190132450331
-1.1826283713044496,-1.0130272452252505,-0.1696011260791992,0.345568697368421
2.1651726457947125,0.32567117187266287,1.8395014739220497,0.3581031125827814
0.0292314605509209,0.051555581360469976,-0.022324120809549076,0.4151807791411043
1.4221078019941231,0.943163427861093,0.47894437413303015,0.3425733024691358
0.027328279561409,-0.158210774736757,0.18553905429816597,0.3978908843930636
1.7190908859769882,2.2282924463750557,-0.5092015603980675,0.3691574802631578
-0.702944412050066,-0.3743113999553244,-0.32863301209474155,0.3234683624161074
-1.2909457133027695,-0.7189538299834742,-0.5719918833192953,0.3425733024691358
0.0850700805101832,0.6175670006715859,-0.5324969201614027,0.5528236513157895
-0.7039586737864465,-0.621665764337368,-0.08229290944907852,0.3427241592356688
-0.9285333562640944,-0.9780172282930624,0.04948387202896798,0.3754729428571428
1.1556228549778689,1.8175072246404047,-0.6618843696625358,0.4581912866666666
1.288178050482325,0.6867254299624379,0.6014526205198871,0.3683428963414634
-0.2907921251024896,0.00288352661185445,-0.293675651714344,0.3993076298701298
-0.7996927629638302,-0.4000272562705179,-0.3996655066933123,0.345568697368421
-0.2907921251024896,0.25260635768207973,-0.5433984827845693,0.4050421041666666
-0.0385817652564046,-0.43431651273811167,0.39573474748170706,0.4135580243902439
-0.831312635208011,-0.6143162893436573,-0.21699634586435368,0.4862467272727273
2.1651726457947125,0.4931184182263586,1.6720542275683539,0.3993076298701298
0.0652162354966465,0.016405013835537705,0.048811221661108795,0.4770338545454546
2.1651726457947125,2.3338280226610904,-0.16865537686637788,0.4135580243902439
-0.2663394164258776,-0.23391463718099556,-0.032424779244882046,0.3924679037433155
0.2695776035199085,0.5741813260441313,-0.3046037225242228,0.3754729428571428
-0.2553427956361515,0.532909575884774,-0.7882523715209254,0.37639671875
-0.0523445473229974,-0.20485052546404808,0.15250597814105069,0.3859531132075471
-0.7826969376488203,-0.7840142532692154,0.0013173156203950542,0.3448446496815286
-0.3387829556146277,0.4005532801235141,-0.7393362357381418,0.3608544807692307
0.0382287529713617,0.4394859508759993,-0.4012571979046376,0.3336369019607843
-0.0472279244873003,0.6442493661594324,-0.6914772906467327,0.4862467272727273
-0.5657769024468335,-0.12185095570730838,-0.4439259467395252,0.3427241592356688
0.0041298565990542,0.6573753909837219,-0.6532455343846677,0.4770338545454546
2.1651726457947125,2.2664486092868805,-0.10127596349216805,0.37639671875
0.4508832572638515,-0.41147421777732707,0.8623574750411785,0.3234683624161074
-0.0273645400480841,0.6305886515054085,-0.6579531915534926,0.3818871419753086
-0.6909575082306609,-0.49218024409410394,-0.198777264136557,0.3993076298701298
-0.5483379809312091,-0.659594892216666,0.1112569112854569,0.5528236513157895
-1.1883927357625266,-1.1500221554288383,-0.03837058033368823,0.3691574802631578
0.1665710886658909,-0.11840829147370878,0.28497938013959967,0.3993076298701298
0.0144221017899417,-0.31339930680319394,0.32782140859313563,0.4270410310559006
2.1651726457947125,2.5277413808562983,-0.3625687350615858,0.451932013245033
-0.016396516934452,-0.14032006264555252,0.12392354571110052,0.4108178661971831
-0.1079138035981262,0.03170107544505643,-0.13961487904318265,0.3062974840764331
-0.2270624707486843,-0.6595975112649174,0.4325350405162331,0.2308548911564625
2.1651726457947125,0.6906788041012035,1.474493841693509,0.4505385
-0.6716039373383588,-0.3944407793666712,-0.27716315797168756,0.3999173558282208
-0.6070447879473039,-0.5165202341997637,-0.0905245537475402,0.4103113666666667
-0.2651463476058195,-0.688142526742995,0.4229961791371755,0.3330391923076923
2.1651726457947125,-0.22621682427200243,2.391389470066715,0.3924679037433155
-1.1030640408773469,-0.980430521935954,-0.12263351894139285,0.2730334219653179
-0.5275287833735683,-0.5071473525268457,-0.020381430846722615,0.3427241592356688
2.1651726457947125,2.07114141035097,0.09403123544374248,0.2730334219653179
-0.2907921251024896,-0.22720959481296704,-0.06358253028952254,0.3571249225352113
-0.8855208584109759,-0.9540545852060838,0.06853372679510783,0.37639671875
-0.7548589633662566,0.4791182811518029,-1.2339772445180595,0.3547797567567567
0.8436519224841218,-0.0003204308800361707,0.843972353364158,0.4135580243902439
0.5809015562300388,0.5199200002971287,0.0609815559329101,0.3978908843930636
2.1651726457947125,1.1354781173036517,1.0296945284910608,0.3672524791666667
-0.2907921251024896,-0.7935250493229887,0.5027329242204992,0.4056208709677419
0.292945232337429,-0.09409706801826863,0.3870423003556976,0.4707778461538461
2.1651726457947125,0.953765503842955,1.2114071419517574,0.3978908843930636
2.1651726457947125,2.0541290944301167,0.11104355136459576,0.4050421041666666
-0.9582429766408398,-0.7321299948262409,-0.22611298181459893,0.4270410310559006
0.8235839449178449,0.8516235600836954,-0.028039615165850518,0.4151807791411043
-0.0589206539546619,0.15923130875535207,-0.21815196271001397,0.3279570604026846
-0.0533043734413683,-0.11435454548020944,0.061050172038841145,0.2308548911564625
-0.0992787225249727,-0.633482700579028,0.5342039780540553,0.4770338545454546
-0.0936925859471038,-0.49844535120759736,0.4047527652604936,0.3608544807692307
-1.129545716739364,-1.1764054642559432,0.046859747516579064,0.4077540532544379
1.0208839641425478,0.39638798364192646,0.6244959805006214,0.3448446496815286
-0.417641582870507,0.20591932358203363,-0.6235609064525407,0.3496421194968553
-1.0004316787871552,-1.1797903656175213,0.17935868683036604,0.3571249225352113
-1.014207478907324,-0.9575043652760862,-0.05670311363123792,0.38214178
-0.4417067350958885,-0.48899599796642945,0.04728926287054097,0.3801381595092024
-0.2907921251024896,-1.0220365980474158,0.7312444729449261,0.3330391923076923
-0.047681052951567,0.12327289536370585,-0.17095394831527286,0.3581031125827814
-0.2907921251024896,0.31657094700598726,-0.6073630721084768,0.4699289935064935
-0.4519435475038328,0.06707132770688896,-0.5190148752107218,0.1728005125
-0.7581627609536918,-0.47650457404374374,-0.2816581869099481,0.4862467272727273
-1.2293094286476511,-0.8907846530948574,-0.3385247755527937,0.3683428963414634
-0.2907921251024896,-0.4687063679652486,0.17791424286275903,0.3993076298701298
-0.8766776844272802,-0.3174699024678821,-0.5592077819593981,0.5642011216216216
0.6150419345843481,0.6093893473248121,0.0056525872595359905,0.5642011216216216
-0.6057065201069941,0.10911388593210716,-0.7148204060391012,0.1728005125
-0.9585837811904568,-0.7655174318607167,-0.1930663493297401,0.4270410310559006
0.6493369872047234,1.6167766675721689,-0.9674396803674454,0.451932013245033
-0.2907921251024896,-0.5154459937613316,0.22465386865884202,0.3427241592356688
-0.2602788496112699,-0.3526844573252723,0.09240560771400241,0.4581912866666666
0.6711622673052744,0.2127720361515157,0.4583902311537587,0.3608544807692307
2.1651726457947125,1.8106571071440172,0.3545155386506953,0.3913449937106918
0.1882625478061391,0.5544999919659441,-0.366237444159805,0.2853974074074074
-0.150460228859098,-0.12836339617813708,-0.02209683268096091,0.3547797567567567
-0.0670212700741374,-0.1773035075155936,0.1102822374414562,0.3683428963414634
-0.8350648186846557,-0.7471993845973557,-0.08786543408729997,0.4103113666666667
-0.2475357932853341,-0.37311798747477143,0.12558219418943734,0.3993076298701298
-1.1667723601802316,-1.1373731924905224,-0.029399167689709182,0.3913449937106918
-0.4234912455380333,-0.30252482520944507,-0.12096642032858823,0.3754729428571428
0.4144007306240396,0.5669758293452593,-0.15257509872121966,0.2308548911564625
-0.4006679598269339,0.19987569234298858,-0.6005436521699224,0.1728005125
-0.6303867166907661,-0.6402360780185853,0.009849361327819217,0.3924679037433155
0.3205726455578668,0.6841120168364988,-0.363539371278632,0.3989209285714286
-0.5913995114085494,-0.14743425755770662,-0.4439652538508428,0.4142846265822784
0.5215959344378611,-0.07444200672268401,0.5960379411605451,0.3794539181286549
-0.2590627204112148,0.650111486548909,-0.9091742069601239,0.4142846265822784
-0.6952821341054396,-0.8524367663697867,0.15715463226434712,0.451932013245033
1.3843637139412046,1.426056472765758,-0.04169275882455348,0.3989209285714286
-1.1280991853908886,-1.013069299842489,-0.11502988554839955,0.3683428963414634
1.4948632727564706,1.1104506954512388,0.3844125773052318,0.3608544807692307
1.7164093565482608,-0.10527117607197337,1.821680532620234,0.5263955251396648
-0.595227761494611,-0.09835431678819918,-0.4968734447064118,0.4505385
2.1651726457947125,1.9432969888465028,0.22187565694820965,0.3062974840764331
0.1082053290924686,0.6277108889233659,-0.5195055598308973,0.5528236513157895
-0.25119024865591,-0.23748178241975132,-0.013708466236158678,0.2308548911564625
-1.0626620718138031,-1.0812067492543378,0.018544677440534674,0.4135580243902439
-1.163182725680573,0.04982351281278481,-1.2130062384933578,0.3841937837837837
-0.7539270443961772,-0.387816850737075,-0.3661101936591022,0.4142846265822784
-0.2907921251024896,-0.5774515884325482,0.2866594633300586,0.4770338545454546
2.1651726457947125,1.8572582938426765,0.307914351952036,0.451932013245033
-0.7171150484405036,-0.5562801229886256,-0.16083492545187794,0.3818871419753086
-0.2907921251024896,-0.017580081992906046,-0.2732120431095835,0.5528236513157895
0.6399966332031427,-0.09256506922744293,0.7325617024305856,0.4236190132450331
-1.1600332176761885,-0.9024567850555089,-0.25757643262067964,0.4056208709677419
-0.8078777451000301,-0.4933290295310875,-0.3145487155689426,0.3672524791666667
-0.2907921251024896,-0.7706403382119134,0.47984821310942377,0.5263955251396648
-0.1499476539933176,0.408757994269319,-0.5587056482626367,0.4577306518518518
0.953632803007717,1.0369681973326084,-0.08333539432489134,0.3924679037433155
1.8868379672869,0.38904073259853184,1.4977972346883681,0.32182454
1.9579231752965511,1.7588516266158083,0.19907154868074284,0.3754729428571428
1.4321631442501803,0.619246314751701,0.8129168294984793,0.32182454
0.091778614765213,0.4106953996315841,-0.3189167848663711,0.2560125510204081
-0.5356873095395266,0.4997103183924139,-1.0353976279319406,0.3547797567567567
2.130378242678608,0.5072145002953992,1.623163742383209,0.3801381595092024
-0.7845407181927708,-0.6054876583677008,-0.17905305982507003,0.3425733024691358
0.6654265595529198,0.8471942518605369,-0.18176769230761702,0.4581912866666666
0.3645556523074384,-0.27282910934638077,0.6373847616538192,0.4489242193548386
-0.7362943820931919,-0.4495306371145802,-0.2867637449786117,0.3818871419753086
0.178096092376693,0.5898123287069916,-0.41171623633029863,0.4270410310559006
-0.9160210395855088,-0.23127838867535527,-0.6847426509101535,0.4151807791411043
-0.7516420653155103,0.4638150159846605,-1.2154570813001708,0.4095118375
-0.2907921251024896,0.4827604233300505,-0.7735525484325401,0.4050421041666666
-1.2909457133027695,-0.8278467504928425,-0.463098962809927,0.4108178661971831
-0.2907921251024896,0.011511447658439061,-0.3023035727609287,0.3978908843930636
-0.9806839040735708,-0.7696024223603932,-0.21108148171317753,0.3425733024691358
-1.12155388366802,-1.0756501648339012,-0.0459037188341187,0.3924679037433155
-1.1351791879482465,-1.2426407893019111,0.10746160135366467,0.38214178
-0.5029595977508082,-0.14769410797194635,-0.35526548977886185,0.37639671875
-0.1697690655934195,-0.2976596657514527,0.1278906001580332,0.2308548911564625
0.0129320323267652,0.48652024856313597,-0.47358821623637076,0.3818871419753086
0.0833158071070505,0.3923563453704075,-0.309040538263357,0.3279570604026846
0.8519495684109333,0.7139733742130975,0.1379761941978358,0.3993076298701298
1.4998050018955436,0.4202503564960645,1.079554645399479,0.4770338545454546
-0.7976796886145292,-0.5396621539855155,-0.25801753462901367,0.345568697368421
2.1651726457947125,1.8164347101274019,0.3487379356673106,0.2853974074074074
-0.9807507269997092,-0.12456004133294245,-0.8561906856667668,0.5528236513157895
-1.1539317056926444,-1.1485910923565423,-0.005340613336102029,0.2853974074074074
0.3061725661514303,-0.4098246938107491,0.7159972599621793,0.3448446496815286
0.082616340475511,-0.15532300751978595,0.23793934799529695,0.38214178
1.129118388528989,2.190296962943406,-1.0611785744144169,0.4108178661971831
-0.1918003448354725,-0.10615347352572123,-0.08564687130975128,0.3859531132075471
0.5793992981389932,0.4431471897012324,0.13625210843776075,0.4707778461538461
1.4532545347299537,0.7548013452028639,0.6984531895270898,0.451932013245033
-1.1299384763552234,-1.1858112013845636,0.055872725029340264,0.4056208709677419
-0.2500755890103273,0.5273057785087556,-0.7773813675190828,0.37639671875
-1.0637195894715668,-0.41617272511152614,-0.6475468643600406,0.3683428963414634
2.1651726457947125,2.2925310123811027,-0.12735836658639021,0.2730334219653179
-1.0744014817133485,-0.9515820646008257,-0.12281941711252276,0.3234683624161074
-0.8400559366065818,-0.5506721973585768,-0.2893837392480051,0.4509778670886076
-1.2517246849268802,-1.0844785763490268,-0.16724610857785338,0.4699289935064935
-0.2907921251024896,0.2568028841615413,-0.5475950092640309,0.3279570604026846
-0.2907921251024896,0.9252789653911278,-1.2160710904936174,0.1728005125
-0.6310982012000408,-0.026832134845798265,-0.6042660663542425,0.37639671875
2.1651726457947125,1.482898027878857,0.6822746179158554,0.4142846265822784
-0.9478925876619868,1.2137764087909244,-2.161668996452911,0.37639671875
0.2747726652429814,0.1717755623112255,0.10299710293175587,0.5528236513157895
0.5013118747564131,0.12251359286258993,0.3787982818938232,0.4142846265822784
0.7582629504247363,1.1220233959446142,-0.36376044551987785,0.38214178
-0.7894191061633606,-0.3364314314034481,-0.45298767475991253,0.3672524791666667
-0.4150907169112118,0.7550762239122485,-1.1701669408234603,0.3691574802631578
-0.2927481483062117,-0.5466851831575232,0.2539370348513115,0.4108178661971831
-0.2907921251024896,-0.6019922193284115,0.31120009422592193,0.3448446496815286
-0.4441227013185147,0.2024571374751437,-0.6465798387936584,0.4581912866666666
2.1651726457947125,0.7570671498705384,1.408105495924174,0.1728005125
-0.2907921251024896,-0.5710953937450899,0.2803032686426003,0.4509778670886076
-1.1427773838827426,-1.2035277726801634,0.060750388797420785,0.4707778461538461
2.1651726457947125,0.9270948565239895,1.238077789270723,0.4509778670886076
-0.6664852290532336,-0.5516726697957731,-0.11481255925746048,0.3841937837837837
-0.8269540276796067,-1.0101077088401464,0.18315368116053976,0.3062974840764331
-0.9051194957584188,-0.8215147805677506,-0.08360471519066814,0.2560125510204081
-0.2782313831709809,-0.005834698217215811,-0.27239668495376507,0.3336369019607843
1.4396928788892165,0.304021642542194,1.1356712363470225,0.3801381595092024
0.3497172382917007,-0.18002314085201462,0.5297403791437153,0.4270410310559006
0.3064295035044925,0.28523616659751855,0.021193336906973947,0.3691574802631578
1.516806527729516,2.18870584464987,-0.6718993169203542,0.4505385
-0.5134919754707012,-0.35643334193900034,-0.1570586335317009,0.3425733024691358
0.4024923849397834,1.597957243853055,-1.1954648589132715,0.3989209285714286
2.1651726457947125,2.188484139819075,-0.02331149402436239,0.4699289935064935
1.3975200818603375,0.9063847399222144,0.49113534193812314,0.4108178661971831
2.1651726457947125,1.4647319705190223,0.7004406752756902,0.4489242193548386
0.1425419627378467,1.3796978784435874,-1.2371559157057406,0.5528236513157895
-0.3869911332191449,-0.1784399231016419,-0.20855121011750302,0.345568697368421
-0.2907921251024896,0.13639123622168567,-0.4271833613241752,0.5642011216216216
-1.1474043714001954,-0.7114966347814564,-0.43590773661873894,0.4050421041666666
-0.556088166274102,-0.2808973072635751,-0.27519085901052687,0.4103113666666667
-0.4734383936096928,1.1708532540791452,-1.644291647688838,0.3841937837837837
-0.8357440809401736,-0.03428935625752621,-0.8014547246826474,0.3972289517241379
-0.4608722989982408,-0.03986291795043245,-0.42100938104780833,0.3234683624161074
0.0392472731606112,0.22517227583532767,-0.18592500267471648,0.3859531132075471
-0.2907921251024896,-0.4954704705477524,0.2046783454452628,0.3425733024691358
-0.1941552455016056,0.08119071750299317,-0.2753459630045988,0.1728005125
-0.9018710441922582,-0.54072847518694,-0.36114256900531816,0.3913449937106918
-0.2806940921436471,0.8058726533746767,-1.0865667455183239,0.3547797567567567
-0.2907921251024896,-0.3540421872248567,0.06325006212236711,0.5528236513157895
-0.55263737738427,-0.12859894276542103,-0.42403843461884894,0.4270410310559006
1.8140425631789128,1.5141731869217716,0.29986937625714116,0.4103113666666667
-0.8163153039240465,-0.8727991393118717,0.0564838353878252,0.5263955251396648
-0.6430604246921252,-0.28525040575624633,-0.3578100189358789,0.3972289517241379
2.1651726457947125,0.37342987807915173,1.7917427677155606,0.345568697368421
-0.446074136850433,-0.3154152421448465,-0.1306588947055865,0.38214178
-1.122909476506228,-1.1823412743561021,0.05943179784987418,0.3571249225352113
0.1014675569473868,0.6566254805306022,-0.5551579235832154,0.4770338545454546
-0.2907921251024896,-0.37889384312652397,0.08810171802403438,0.3448446496815286
0.2312594725339604,0.73815689644267,-0.5068974239087096,0.4103113666666667
-0.2907921251024896,-0.7107781292320101,0.41998600412952053,0.3754729428571428
-0.2733277000141206,-0.3555260083974903,0.08219830838336972,0.1728005125
-0.6258453447165381,-0.6043837823987218,-0.021461562317816263,0.3672524791666667
-1.0355024880894974,-0.08297514881024962,-0.9525273392792478,0.3234683624161074
-1.0893135246921637,-1.2330441749267287,0.143730650234565,0.4108178661971831
-0.5039091008152762,-0.4967446608150843,-0.007164440000191896,0.2730334219653179
-0.2907921251024896,-0.4686170301929917,0.17782490509050214,0.3691574802631578
1.1749131694824964,0.4723750036493065,0.7025381658331898,0.4135580243902439
-0.590805862319224,0.5862338674641127,-1.1770397297833366,0.3841937837837837
0.8519652314672754,0.8353670293086298,0.016598202158645603,0.2308548911564625
-0.2907921251024896,-0.23918505842690016,-0.051607066675589425,0.3547797567567567
-0.847120948411488,-0.5346615914137943,-0.31245935699769367,0.4077540532544379
-0.7076439493580577,1.8826462357261338,-2.5902901850841915,0.4699289935064935
0.9052117800132996,-0.08455303980557202,0.9897648198188717,0.3672524791666667
-0.4673745659033217,-0.582454573361852,0.11508000745853031,0.4151807791411043
2.1651726457947125,1.4818291771994778,0.6833434685952346,0.5528236513157895
1.2130443991945576,0.7165568621894237,0.4964875370051339,0.3330391923076923
2.1651726457947125,1.3236861700387381,0.8414864757559744,0.3993076298701298
2.1651726457947125,0.7465482145282986,1.418624431266414,0.3993076298701298
-0.5184153709579544,-0.11444780333398254,-0.4039675676239719,0.3841937837837837
0.1348148952198914,0.4232252375098061,-0.2884103422899147,0.3608544807692307
2.1651726457947125,2.292915304317678,-0.1277426585229655,0.3960697315436241
-0.9387883806990532,-1.0229289510322401,0.08414057033318689,0.3913449937106918
-0.2907921251024896,-0.4616711500688609,0.1708790249663713,0.3279570604026846
-0.1866475293101966,-0.22318756104123072,0.03654003173103412,0.3385222580645161
-0.2907921251024896,-0.5027728096672697,0.2119806845647801,0.4236190132450331
-0.6217636867737959,-0.34474769258510246,-0.27701599418869344,0.2308548911564625
0.6898411842148068,1.2145415017075791,-0.5247003174927724,0.3924679037433155
-0.2907921251024896,-0.45449824546755235,0.16370612036506277,0.2853974074074074
-0.9804666476253464,-0.5019832865770271,-0.47848336104831934,0.2560125510204081
2.1651726457947125,-0.04314550499233347,2.2083181507870457,0.38214178
-0.2907921251024896,-1.336331659757375,1.0455395346548852,0.3581031125827814
-0.9108753064667618,1.6817571323852423,-2.592632438852004,0.3841937837837837
-1.122307494176506,-1.014765386398471,-0.10754210777803519,0.3385222580645161
2.1651726457947125,2.307110983461659,-0.14193833766694652,0.3794539181286549
-0.2907921251024896,-0.3804874108941317,0.0896952857916421,0.4509778670886076
1.454237902973478,0.7692887900318739,0.6849491129416041,0.32182454
-0.8259109907820743,-0.036023859311196615,-0.7898871314708777,0.3608544807692307
-0.020856094840604,0.6468983589867996,-0.6677544538274036,0.3571249225352113
0.4762578419502465,1.1903846290229525,-0.7141267870727059,0.3841937837837837
-1.1262702170446677,-1.1703118445552285,0.04404162751056084,0.38214178
-1.13948386180857,-1.2439827145951274,0.10449885278655735,0.37639671875
-1.175131430872692,-0.15050482185497865,-1.0246266090177132,0.4236190132450331
1.6564164484328,1.5564794773049009,0.09993697112789901,0.3448446496815286
-0.8402518187036232,-0.5716531728370244,-0.26859864586659876,0.5263955251396648
0.4071989467735744,0.5105328354511077,-0.10333388867753335,0.3385222580645161
-1.1145960764035132,-0.5032363352270058,-0.6113597411765074,0.3683428963414634
-0.645363643135675,-0.6053642304834863,-0.03999941265218865,0.3234683624161074
1.0863260715865928,-0.5407572822001203,1.627083353786713,0.4707778461538461
-0.6958382657060055,-0.17745830473243884,-0.5183799609735666,0.2853974074074074
0.9922997147138516,-0.18168771631722347,1.1739874310310752,0.4770338545454546
-0.1310512671780849,-0.3818491361197845,0.2507978689416996,0.4077540532544379
2.1651726457947125,2.237589285787081,-0.07241663999236847,0.4135580243902439
2.1651726457947125,1.7698544492687798,0.3953181965259327,0.4862467272727273
-0.5487348046379522,-0.1224931287438979,-0.4262416758940543,0.37639671875
-0.7302250424457322,-1.1518575038228414,0.4216324613771092,0.4489242193548386
0.0816685294616712,-0.3596966906950027,0.4413652201566739,0.4151807791411043
-1.1537821617747928,-1.1450753727144884,-0.00870678906030431,0.5263955251396648
-0.5852158408786859,-0.46211837650424287,-0.12309746437444308,0.3448446496815286
-0.9038446304932528,-0.9393595749420133,0.035514944448760466,0.2308548911564625
0.5865848904396631,0.34831589644741007,0.23826899399225304,0.4077540532544379
-0.1549374966375636,0.19223135927722737,-0.34716885591479096,0.3062974840764331
-0.2907921251024896,-0.32758662174243125,0.036794496639941665,0.1728005125
0.1472208812739009,-0.11642550667129496,0.26364638794519585,0.4505385
2.1651726457947125,1.1837541187380576,0.9814185270566549,0.3581031125827814
0.6143818926135943,0.36899344834310555,0.24538844427048878,0.3581031125827814
-0.8857517185342324,-0.40827105960762067,-0.47748065892661173,0.4108178661971831
1.9159829569850817,0.1628713732954906,1.7531115836895912,0.3913449937106918
-0.0771960708668434,0.4954871210515206,-0.572683191918364,0.3960697315436241
-0.0842553112379982,-0.5123326487357507,0.42807733749775245,0.3691574802631578
0.253589118420201,-0.19161670458249605,0.44520582300269707,0.38214178
2.1651726457947125,0.9852650976699048,1.1799075481248078,0.4505385
1.2441589389933596,2.0474771263036047,-0.8033181873102451,0.3999173558282208
1.2828688753752784,0.6388325373313768,0.6440363380439016,0.3960697315436241
1.95270530793208,1.112037823385221,0.8406674845468589,0.3062974840764331
-0.5128251343960183,-0.4693481581723195,-0.04347697622369878,0.2308548911564625
-0.8159354807503303,-0.06118826954127553,-0.7547472112090547,0.3571249225352113
-0.6046437455240605,-0.19365027211358865,-0.4109934734104719,0.3234683624161074
-1.1629537509398824,-1.1253257196387139,-0.03762803130116854,0.3427241592356688
-1.1331660020765264,-0.4827769683669166,-0.6503890337096099,0.3841937837837837
2.1651726457947125,0.8192483921083845,1.345924253686328,0.32182454
-0.6538682584292261,-0.21667420162461923,-0.4371940568046069,0.5263955251396648
0.953632803007717,0.5449374839890131,0.40869531901870393,0.3062974840764331
-0.4797395164611778,0.5911660201807979,-1.0709055366419757,0.4095118375
-0.3872032647070939,-0.33138261403362623,-0.05582065067346764,0.38214178
2.1651726457947125,0.8014411705552108,1.3637314752395016,0.451932013245033
-0.6909776821014383,-0.40722588807545884,-0.28375179402597944,0.3385222580645161
-1.0487296178749166,-1.0201105221350673,-0.028619095739849332,0.4135580243902439
0.6291655152488627,0.7558095161451505,-0.1266440008962878,0.2853974074074074
-0.4293412615909873,-0.6149373516233865,0.18559609003239919,0.3448446496815286
-1.1906021949511418,-1.0708408975300618,-0.11976129742107999,0.4699289935064935
0.5866753642401703,1.009787040536632,-0.42311167629646174,0.3330391923076923
-0.2261715678623301,-0.546796137901805,0.320624570039475,0.4056208709677419
-0.7483132625397114,-0.9460326095127017,0.19771934697299032,0.3691574802631578
-0.3045286255145225,-0.2815895199886895,-0.022939105525833003,0.2308548911564625
0.0466591014649093,0.4465988984055539,-0.3999397969406446,0.3989209285714286
0.7608061009342576,1.7208038919901396,-0.959997791055882,0.37639671875
0.0821154713039267,-0.16759595751734543,0.24971142882127212,0.38214178
0.1055602415455104,0.5695722397903773,-0.4640119982448669,0.3924679037433155
2.1651726457947125,1.8111825192687196,0.3539901265259928,0.2853974074074074
0.2253219488202918,1.1968852273045085,-0.9715632784842168,0.3913449937106918
2.1651726457947125,0.686272607038481,1.4789000387562314,0.4135580243902439
0.5784604124842273,0.5711876863046885,0.00727272617953878,0.3993076298701298
-0.3509073889604627,-0.5004893242792976,0.1495819353188349,0.3336369019607843
-0.0855677260818563,-0.16233966412085063,0.07677193803899433,0.3608544807692307
-0.6667601502382364,-0.6544610188204834,-0.012299131417753073,0.4270410310559006
-0.2907921251024896,0.17999977170635603,-0.4707918968088456,0.3448446496815286
1.0890762231566138,0.9733193903729911,0.1157568327836227,0.4707778461538461
1.5925387644097764,1.458171589197944,0.13436717521183228,0.3924679037433155
-1.136544921878556,-0.9530298375360238,-0.18351508434253216,0.3754729428571428
-1.0957754022576296,-1.217461635544281,0.12168623328665151,0.3989209285714286
-1.1075987054614649,-1.0136793741804386,-0.09391933128102625,0.3330391923076923
2.1651726457947125,1.830314208284408,0.33485843751030453,0.5263955251396648
-0.2907921251024896,0.06170768399686005,-0.35249980909934964,0.32182454
0.3373652413698527,1.0737869575573613,-0.7364217161875086,0.3336369019607843
-1.025483420926796,-0.48680059448463875,-0.5386828264421573,0.4151807791411043
-0.4475760035235387,-0.3594005487925148,-0.0881754547310239,0.4581912866666666
0.6974441306478003,0.9911872294262227,-0.2937430987784224,0.4050421041666666
-0.6546368792610606,-0.2771327109742217,-0.3775041682868389,0.3496421194968553
-0.8123103773673439,-0.5138546973047657,-0.29845568006257817,0.3234683624161074
-0.7190934355538402,-0.06770485379632696,-0.6513885817575132,0.3279570604026846
-1.190573943925551,-0.9241377510063317,-0.2664361929192193,0.3841937837837837
-0.2907921251024896,-0.04364534631866261,-0.24714677878382696,0.4151807791411043
1.9216130654859955,1.0236957657554535,0.897917299730542,0.5528236513157895
2.1651726457947125,1.8387615789339473,0.32641106686076515,0.3691574802631578
-0.2907921251024896,-0.25212832317369965,-0.03866380192878993,0.3691574802631578
0.4522276107023117,0.14510409236363048,0.30712351833868123,0.3999173558282208
0.0734817649476262,1.2776936592254866,-1.2042118942778604,0.3330391923076923
-0.793930158301794,-0.11252671421957022,-0.6814034440822239,0.5263955251396648
-0.2907921251024896,0.2622704021186951,-0.5530625272211847,0.4577306518518518
-0.2072712914303641,0.6324830974508238,-0.8397543888811878,0.3794539181286549
-0.2907921251024896,0.9181348512019835,-1.208926976304473,0.3683428963414634
-0.7040252627730167,-0.7322967706222716,0.028271507849254918,0.37639671875
-0.0798337488088146,-0.6431216391413835,0.563287890332569,0.4707778461538461
-0.6717092263871198,-0.43816674919941545,-0.23354247718770438,0.2853974074074074
-0.2907921251024896,-0.49346674278233515,0.20267461767984557,0.3330391923076923
0.2977468722827554,0.14438272241879965,0.15336414986395577,0.3279570604026846
2.1651726457947125,0.8160764216643631,1.3490962241303492,0.3993076298701298
0.2453267345749313,1.5573735459105842,-1.312046811335653,0.4862467272727273
-0.6333678408968928,-0.3539804501691372,-0.2793873907277556,0.3859531132075471
-1.0235407491157735,-0.9492124147156908,-0.07432833440008269,0.5642011216216216
-1.0741403326557135,-1.180540931057217,0.10640059840150351,0.3691574802631578
-0.3252138652100673,0.0646169364527717,-0.389830801662839,0.3859531132075471
-0.2907921251024896,-0.4133486201775947,0.12255649507510513,0.3496421194968553
2.1651726457947125,0.36195035988123536,1.8032222859134772,0.4135580243902439
-0.3902447786002754,0.5862215465673947,-0.9764663251676701,0.3683428963414634
-0.2907921251024896,-1.1063935556250446,0.815601430522555,0.4142846265822784
0.7958081835058974,0.2095430420123731,0.5862651414935244,0.38214178
-0.0816023735427849,0.6083938922856935,-0.6899962658284784,0.3818871419753086
0.4009280756162991,-0.0814152096398558,0.4823432852561549,0.3924679037433155
-1.1609164958361575,-1.2094616840671535,0.04854518823099596,0.37639671875
-0.6940726475213721,0.41208959527074557,-1.1061622427921176,0.5263955251396648
-0.2907921251024896,0.1861914030090504,-0.47698352811154,0.3989209285714286
-1.1005818846133582,-0.9033037714302146,-0.1972781131831436,0.3336369019607843
0.3261369693013787,-0.07136815758640895,0.39750512688778766,0.3978908843930636
-0.8541856662567674,-0.886097867711125,0.03191220145435758,0.4108178661971831
-0.2907921251024896,-0.3218689693497837,0.031076844247294122,0.4509778670886076
-0.7235596243822197,-0.34670213864402927,-0.3768574857381904,0.4142846265822784
-0.6343254979735428,-0.3951813274258611,-0.23914417054768167,0.5642011216216216
-0.9530337596920714,-0.8600324461230002,-0.09300131356907115,0.3336369019607843
-0.2907921251024896,-0.11727017924305132,-0.17352194585943825,0.3794539181286549
-0.3158921689290052,0.8560719880840398,-1.171964157013045,0.3999173558282208
-0.1422247435081981,0.18142955516396933,-0.32365429867216744,0.4151807791411043
-0.8695513051828138,-0.9543485050578518,0.08479719987503809,0.3448446496815286
-0.4961680777423152,-0.5229662251720963,0.02679814742978115,0.3841937837837837
-1.0571993656742416,-0.5735189672537074,-0.4836803984205341,0.4509778670886076
0.2283179948449416,0.5011294792488313,-0.2728114844038897,0.3385222580645161
-0.7426773580423817,0.01954064088738982,-0.7622179989297715,0.5642011216216216
-0.2907921251024896,0.017546820700303015,-0.3083389458027926,0.1728005125
-1.1072620141280598,-0.8312102424528016,-0.2760517716752582,0.4151807791411043
-0.2523799920081684,1.3417381269250452,-1.5941181189332136,0.4489242193548386
2.1651726457947125,1.599983670747818,0.5651889750468944,0.1728005125
-0.0689192608142274,0.48986300408984645,-0.5587822649040739,0.3972289517241379
0.0321919327066617,0.06807039368004789,-0.035878460973386185,0.2730334219653179
0.8427611368646803,0.6913997979556211,0.15136133890905923,0.3672524791666667
-0.9089390934875348,-0.935050847186942,0.026111753699407214,0.32182454
-0.7588867122035821,0.1476724660853046,-0.9065591782888867,0.3062974840764331
-1.178149884227408,-1.2334200005128209,0.055270116285412785,0.3913449937106918
2.1651726457947125,2.3866530750918105,-0.221480429297098,0.3960697315436241
-0.5076873151696022,-0.2689456060616944,-0.23874170910790782,0.4050421041666666
-0.1068276112880484,-0.27423753476886814,0.16740992348081973,0.4108178661971831
-1.1754721412918412,-1.2896648732144218,0.11419273192258061,0.3385222580645161
0.1198496835811347,-0.746687420721506,0.8665371043026406,0.3330391923076923
-0.7914000335315856,0.2390254068670139,-1.0304254403985995,0.4509778670886076
-0.2907921251024896,0.15193932748847389,-0.44273145259096347,0.3841937837837837
-0.2907921251024896,-0.8880529063857869,0.5972607812832973,0.3448446496815286
-0.4474112264752036,-0.470188165092508,0.0227769386173044,0.3672524791666667
-0.9088171517051488,-0.29981707257584567,-0.6090000791293031,0.4151807791411043
-0.0327633007380051,0.13003710883328035,-0.16280040957128544,0.3448446496815286
-0.5716424139753719,-0.42190466109067304,-0.14973775288469882,0.3336369019607843
2.1651726457947125,2.355702603000718,-0.19052995720600574,0.4505385
-1.161979598370276,-0.6855067952934331,-0.47647280307684303,0.3571249225352113
-0.8815507835016193,-0.9347449798187213,0.05319419631710198,0.3913449937106918
0.6636188124374027,0.5494954610254784,0.11412335141192431,0.3993076298701298
-0.8005329300825182,-0.32869934322329897,-0.4718335868592193,0.3425733024691358
-0.138663341414046,-0.2791453196676909,0.14048197825364492,0.4489242193548386
-0.1215517795983629,-0.5760765337119882,0.4545247541136253,0.4770338545454546
0.2652730584154862,-0.35367369113442626,0.6189467495499125,0.4108178661971831
-0.1804186127681234,-0.5167202731661438,0.33630166039802034,0.4270410310559006
-0.357507876413413,-0.5856529022303149,0.22814502581690188,0.3841937837837837
2.1651726457947125,2.200918622655689,-0.03574597686097647,0.3841937837837837
2.1651726457947125,2.2258747615491954,-0.06070211575448292,0.2853974074074074
-0.2907921251024896,-0.14867646209362342,-0.14211566300886616,0.2560125510204081
-1.1131744989787444,-1.1008236197482493,-0.01235087923049516,0.3801381595092024
-0.296479658735354,-0.49448058154655544,0.19800092281120146,0.3801381595092024
2.1651726457947125,1.7841640811640795,0.38100856463063293,0.3608544807692307
-0.2907921251024896,-1.0679948233417047,0.7772026982392151,0.3972289517241379
-1.06672650815954,-1.0692200216207968,0.0024935134612567023,0.4095118375
-0.2326373354407012,0.04579513512084976,-0.27843247056155096,0.451932013245033
-0.3155398396961805,-0.4792677372206679,0.1637278975244874,0.4151807791411043
-0.6820011891073686,-0.6973447328573765,0.015343543750007904,0.345568697368421
2.1651726457947125,1.000742831500436,1.1644298142942764,0.345568697368421
2.1651726457947125,1.955739023829963,0.20943362196474946,0.3859531132075471
-0.2907921251024896,-0.38498487476582655,0.09419274966333696,0.3818871419753086
0.0901809996575418,0.6633776899165829,-0.5731966902590411,0.4770338545454546
-1.1363180577442156,-1.126971785256303,-0.009346272487912533,0.2730334219653179
-0.6266783110128852,-0.6996363176378558,0.07295800662497065,0.3427241592356688
-0.508588511396959,-0.0069843994378818094,-0.5016041119590773,0.2560125510204081
-0.6940556454036572,0.23671642546498498,-0.9307720708686421,0.4142846265822784
-0.5782322784722123,-0.0759630316290712,-0.5022692468431411,0.3989209285714286
1.887247447500648,1.577027015658453,0.31022043184219505,0.3336369019607843
1.8372812071077815,1.232122942990027,0.6051582641177546,0.3547797567567567
-0.6832222732306754,0.056639507041191875,-0.7398617802718673,0.3279570604026846
0.4497352098264767,-0.23276886779595224,0.6825040776224289,0.4707778461538461
0.0145177947604269,-0.32726668404508874,0.34178447880551566,0.4056208709677419
-0.3961005779721407,-0.15160398801966896,-0.24449658995247175,0.4581912866666666
-0.9012648354203652,-0.6069135791361013,-0.29435125628426384,0.3234683624161074
-0.2907921251024896,-1.0443571383235737,0.753565013221084,0.3672524791666667
0.1699482925677376,-0.21994312926333653,0.38989142183107417,0.4707778461538461
-0.0538209912424474,0.7799635681931081,-0.8337845594355555,0.4577306518518518
1.191195891529424,0.6608406973331784,0.5303551941962457,0.4770338545454546
-0.4899888633551503,1.0451633340247406,-1.535152197379891,0.5263955251396648
-0.648047948937805,-0.21151790669767795,-0.4365300422401271,0.5263955251396648
0.5041939749778468,-0.26627508741046374,0.7704690623883106,0.4489242193548386
2.1651726457947125,0.4507919516826422,1.7143806941120703,0.2308548911564625
-1.0932558834081347,-0.2708847320260817,-0.8223711513820531,0.3683428963414634
-1.082612302583808,-1.0611691852519212,-0.021443117331886752,0.4707778461538461
-0.3108058694946507,-0.1576286141546394,-0.1531772553400113,0.3794539181286549
-0.705434640318632,-0.4333256892779582,-0.2721089510406738,0.3672524791666667
-0.3193517564028694,-0.6735435419234019,0.35419178552053254,0.3691574802631578
-0.6964890265552264,0.01741422882958843,-0.7139032553848148,0.3496421194968553
1.6894913491225942,1.1208465383010886,0.5686448108215056,0.2308548911564625
0.3749109542153103,0.7144354021391972,-0.3395244479238869,0.3547797567567567
-0.3429301186173374,-0.25737323351313246,-0.08555688510420495,0.4270410310559006
-1.0887195627458068,-0.7465896262985914,-0.34212993644721545,0.3279570604026846
0.0919228899123517,-0.3334913551667233,0.425414245079075,0.4151807791411043
-0.5051171330519179,-0.4238946639556923,-0.08122246909622555,0.3330391923076923
0.1972915973744045,-0.2815127154361994,0.47880431281060387,0.345568697368421
-0.7935286498611062,-0.42946887745489243,-0.36405977240621373,0.3993076298701298
-0.895169881509703,-0.5375068977140831,-0.3576629837956199,0.4151807791411043
-1.1712897629558858,-0.8384912819781554,-0.33279848097773046,0.2730334219653179
-0.8804968443467144,-0.5428323335412483,-0.3376645108054661,0.3425733024691358
-1.11909318800186,-0.4794209517075193,-0.6396722362943407,0.3547797567567567
-0.9140884694078564,0.00910979648531797,-0.9231982658931743,0.4770338545454546
2.1651726457947125,1.826417129124995,0.33875551666971737,0.4270410310559006
0.8055701279070384,0.7616462822991091,0.04392384560792928,0.2308548911564625
-0.2784527811220987,0.009969756705775858,-0.2884225378278746,0.4577306518518518
0.604636978062208,0.34206509124171164,0.2625718868204963,0.4108178661971831
-0.5925913065356155,-0.4485076512018522,-0.14408365533376333,0.3989209285714286
1.6398817384096536,-0.06948373045461695,1.7093654688642705,0.3427241592356688
0.3619968743970556,-0.21112175660710158,0.5731186310041572,0.4707778461538461
-0.4381021811547389,-0.41790673178152044,-0.020195449373218488,0.3754729428571428
-0.6891604395353341,-0.27996755703060494,-0.4091928825047292,0.2853974074074074
0.1270903921233168,-0.023355017265446774,0.15044540938876358,0.4489242193548386
-1.1194781371262816,-0.6396769958272269,-0.4798011412990547,0.2853974074074074
-0.8233585983720486,-0.23720591888732673,-0.5861526794847218,0.2730334219653179
0.7328494465930325,0.6645061391749953,0.06834330741803718,0.2730334219653179
-0.2907921251024896,0.11227966388667723,-0.40307178898916685,0.3683428963414634
1.0267946539378832,0.5641185698521913,0.46267608408569183,0.3336369019607843
-0.3606887291505658,-0.4267548421854019,0.06606611303483606,0.3427241592356688
-1.1342796116285958,-1.26031887814855,0.12603926651995412,0.4770338545454546
-0.8228269965534417,-0.6659749832210116,-0.15685201333243015,0.4270410310559006
-0.2599957506437648,-0.3342361534398011,0.07424040279603633,0.3972289517241379
0.7900337669755682,-0.0037835882589450313,0.7938173552345131,0.3924679037433155
-1.0613065282593923,-1.2173182867568622,0.15601175849746984,0.3234683624161074
-0.5092575433028229,0.18396813642811213,-0.6932256797309351,0.37639671875
-0.0357897474175382,-0.4910986506903708,0.4553089032728326,0.3801381595092024
-0.545018118172848,0.0014415540397538819,-0.5464596722126018,0.4505385
-0.5713569550112401,1.1828023802956862,-1.7541593353069262,0.4108178661971831
2.1651726457947125,1.232834532863393,0.9323381129313195,0.4699289935064935
-0.0940220516974175,-0.42371028854941567,0.32968823685199816,0.345568697368421
-0.5581651899159118,-0.1182884817461591,-0.4398767081697527,0.5263955251396648
-1.185696017614197,-1.1587495142739601,-0.02694650334023696,0.3960697315436241
-0.7183073799844627,-0.7403276142700023,0.022020234285539564,0.3913449937106918
2.055455406003048,1.1800092216613645,0.8754461843416834,0.4236190132450331
0.8282143288178859,0.5201753511655883,0.3080389776522976,0.3794539181286549
-0.2907921251024896,-0.6614802511991658,0.3706881260966762,0.4489242193548386
-0.9570528349772488,-1.0006591913853533,0.04360635640810451,0.3062974840764331
2.1651726457947125,2.63373635040296,-0.46856370460824737,0.4095118375
0.9726178745106872,0.567806054251246,0.4048118202594412,0.3427241592356688
-0.2859807702272861,0.012495507444436948,-0.298476277671723,0.2308548911564625
-1.1216576972137702,-0.95329344975957,-0.1683642474542002,0.1728005125
2.1651726457947125,1.9530535964258429,0.2121190493688696,0.2308548911564625
-0.2348832083828734,1.2630056869392863,-1.4978888953221596,0.4050421041666666
-0.2484891043551026,0.2747321304340894,-0.523221234789192,0.3924679037433155
0.0745082612678281,-0.03287863942110138,0.10738690068892948,0.3754729428571428
2.1651726457947125,0.710740586183236,1.4544320596114764,0.3448446496815286
-1.1282764814745438,-0.9007609029473012,-0.2275155785272427,0.4151807791411043
-1.1501213812012387,-0.47366770389988644,-0.6764536773013523,0.5528236513157895
-0.5771214878424187,-0.24469341172861128,-0.3324280761138074,0.4050421041666666
-0.9905575036114022,-1.0173761395661696,0.02681863595476741,0.3993076298701298
-0.6020025987000241,-0.3634536113576734,-0.23854898734235075,0.3913449937106918
-0.1640030423631626,0.02457775261806735,-0.18858079498122995,0.2853974074074074
0.064418487306749,-0.0992600796708994,0.1636785669776484,0.3993076298701298
-0.0906465774825393,1.1012053265355264,-1.1918519040180657,0.2560125510204081
0.4914321317793189,-0.054763601790007325,0.5461957335693262,0.3672524791666667
-0.9782733623568722,-0.7302438208665324,-0.24802954149033984,0.32182454
2.1651726457947125,-0.01524460878174444,2.180417254576457,0.3754729428571428
-0.2907921251024896,-0.26725330537420466,-0.02353881972828492,0.5528236513157895
2.1651726457947125,0.2521185808433449,1.9130540649513676,0.345568697368421
-0.2907921251024896,-0.7650594764095755,0.4742673513070859,0.4577306518518518
-0.906489081629504,0.08194732901344266,-0.9884364106429467,0.4707778461538461
1.7301472285077708,0.6460081587716854,1.0841390697360853,0.4707778461538461
2.1651726457947125,2.1129875984205637,0.05218504737414875,0.4135580243902439
0.5510795953390368,0.7757190965666498,-0.224639501227613,0.4489242193548386
-0.4022143332552901,-0.012161797845622069,-0.39005253540966806,0.4135580243902439
2.1651726457947125,0.34995262646031766,1.8152200193343948,0.3691574802631578
0.3557221762182236,-0.1989776409767564,0.55469981719498,0.4135580243902439
-0.2907921251024896,0.1926941673247219,-0.4834862924272115,0.4505385
0.3739822014518854,0.47194497198313495,-0.09796277053124958,0.5263955251396648
-0.8730497460374345,-0.7567944047542909,-0.11625534128314352,0.37639671875
-0.2907921251024896,-1.0020789762276234,0.7112868511251338,0.3425733024691358
0.3488085310393239,0.6198837381932883,-0.27107520715396444,0.2853974074074074
2.1651726457947125,1.891492336200756,0.2736803095939564,0.3062974840764331
-0.6043627724155277,1.3384558633642032,-1.942818635779731,0.3336369019607843
-0.5228746125140753,-0.14106763224180846,-0.38180698027226684,0.3999173558282208
-1.109942893834701,-0.11961968824097183,-0.9903232055937291,0.1728005125
-0.2907921251024896,-1.138457256798736,0.8476651316962465,0.4142846265822784
0.7181409793715723,-0.02987331658360791,0.7480142959551802,0.4135580243902439
-0.6676190697625523,-0.5954226241084107,-0.07219644565414152,0.345568697368421
-0.8577224343757235,-0.684038615493037,-0.17368381888268647,0.3683428963414634
0.189611573697212,0.5526956006456549,-0.36308402694844294,0.4236190132450331
-0.382476700148831,-0.1325156865891397,-0.2499610135596913,0.37639671875
-1.182952921748712,-0.9633734497579374,-0.21957947199077466,0.4509778670886076
0.8281744180540511,0.8383064708115395,-0.010132052757488408,0.3801381595092024
0.7811284728255047,0.9683073805751232,-0.18717890774961854,0.3913449937106918
-0.2916037698177641,-0.1727658440186054,-0.1188379257991587,0.3062974840764331
-0.8320375135003902,-0.42730517529001566,-0.4047323382103746,0.4770338545454546
2.1651726457947125,1.7847819697814626,0.38039067601324983,0.3999173558282208
-1.043459481675976,-0.69824557831212,-0.34521390336385593,0.3999173558282208
1.1423937712721266,0.3916710578176298,0.7507227134544968,0.38214178
2.1651726457947125,1.7040520253873928,0.4611206204073197,0.4135580243902439
-0.6761021919325535,-0.43048123622194423,-0.24562095571060927,0.3547797567567567
-1.2365703209649106,-0.3337715607652889,-0.9027987601996217,0.3683428963414634
0.9875249887136036,-0.1413258073325089,1.1288507960461125,0.3801381595092024
-1.134971197646253,-1.057244637367525,-0.07772656027872804,0.3999173558282208
2.1651726457947125,0.34922093119189607,1.8159517146028163,0.2853974074074074
-0.2907921251024896,-2.596164683189156e-05,-0.2907661634556577,0.4142846265822784
2.1651726457947125,2.133898812959104,0.031273832835608584,0.4135580243902439
-0.962394473725654,-0.9444528030257817,-0.017941670699872292,0.4077540532544379
-0.1649705019237027,0.24825636819386682,-0.41322687011756953,0.4509778670886076
2.099309162032553,2.33534912050131,-0.23603995846875714,0.37639671875
0.0029920553582137,1.0223809400160702,-1.0193888846578565,0.2560125510204081
1.0636805815320451,2.0915877991624137,-1.0279072176303685,0.3062974840764331
-0.9732208123004976,-0.6130245763236317,-0.3601962359768659,0.5263955251396648
0.1695423786943673,0.09138453755263777,0.07815784114172954,0.3913449937106918
0.4532298315829809,0.5388331607390863,-0.08560332915610536,0.3691574802631578
0.6895181336777506,-0.43796040064511577,1.1274785343228664,0.3330391923076923
0.7142788839150546,-0.19557842321949637,0.9098573071345509,0.4077540532544379
-0.1455503055970059,-0.4644065107016409,0.31885620510463497,0.3385222580645161
0.88714666229355,1.3554295715984923,-0.4682829093049423,0.2308548911564625
1.5809051422206932,-0.35087769361354776,1.931782835834241,0.4770338545454546
1.70687056038615,1.461672709356264,0.245197851029886,0.3672524791666667
1.778991144119125,0.4792696820866049,1.2997214620325201,0.345568697368421
0.4553920888582035,0.46429065100279915,-0.008898562144595668,0.3385222580645161
-0.38454818768306,-0.40145715241139096,0.016908964728330977,0.4151807791411043
-0.7087359974865238,-0.2228399474385779,-0.4858960500479459,0.3279570604026846
-0.7316703242677075,-0.30198469555669405,-0.42968562871101346,0.3234683624161074
1.915923078359912,0.9358950629080778,0.9800280154518342,0.4142846265822784
-0.942626586983742,-0.9312892735369687,-0.011337313446773356,0.4862467272727273
-0.7720120630241938,-0.3565901366457978,-0.415421926378396,0.3279570604026846
2.1651726457947125,0.9577197128827926,1.20745293291192,0.4056208709677419
0.2318810362988453,0.36442482348559435,-0.13254378718674906,0.3062974840764331
-0.4412248057192896,0.0853911651548053,-0.526615970874095,0.37639671875
-0.4906280464737321,-0.3642972800750107,-0.12633076639872137,0.451932013245033
2.1651726457947125,1.1304586210382557,1.0347140247564568,0.3924679037433155
-0.1168464732336519,-0.26982521978672663,0.15297874655307475,0.4699289935064935
-0.5854354057419422,-0.3923126002443715,-0.19312280549757072,0.4151807791411043
0.312211463545946,0.5968978476280465,-0.28468638408210056,0.3691574802631578
-0.668532549699059,-0.14820603012820677,-0.5203265195708522,0.3496421194968553
0.3375551012562645,0.6752934089893086,-0.3377383077330441,0.3754729428571428
0.6234894662462159,0.8898305206270113,-0.26634105438079536,0.4581912866666666
-0.2907921251024896,-0.4273288732989141,0.13653674819642453,0.4577306518518518
-0.744187958327311,-0.5293223027261529,-0.2148656556011581,0.4236190132450331
-0.6132006836503252,-0.31815847697410043,-0.29504220667622477,0.2730334219653179
-0.6799753742625975,-0.4250115878999674,-0.25496378636263006,0.3062974840764331
0.3902004465051948,-0.2072012809252656,0.5974017274304604,0.4581912866666666
-0.3887587112666811,0.21560512095377393,-0.604363832220455,0.5528236513157895
-0.603457214334409,-0.5777308146889418,-0.02572639964546719,0.3993076298701298
-1.12698472620834,-0.5927445926174936,-0.5342401335908463,0.3818871419753086
2.1651726457947125,0.7844696284150268,1.3807030173796857,0.3978908843930636
1.029531522256789,1.0538579872224536,-0.024326464965664707,0.3999173558282208
-0.6730021840353554,-0.3115521432952255,-0.3614500407401299,0.3336369019607843
0.4350784588983923,0.7224735838717483,-0.287395124973356,0.345568697368421
0.7619495809046006,0.14974065133775472,0.6122089295668459,0.3571249225352113
-0.2907921251024896,-0.1333654849539564,-0.1574266401485332,0.3818871419753086
-1.1693360201182177,-0.9483833974222239,-0.2209526226959938,0.3960697315436241
1.2283559558880215,2.42526001229447,-1.1969040564064486,0.4577306518518518
-1.2332797095664498,-0.35585409517579736,-0.8774256143906525,0.5642011216216216
-0.5280235340647259,-0.04496962862282274,-0.4830539054419032,0.3841937837837837
-0.784557221529933,-1.0545766742626512,0.2700194527327182,0.4707778461538461
-0.4675900894159672,0.04573875878429864,-0.5133288482002658,0.4095118375
2.1651726457947125,2.325013623721479,-0.15984097792676666,0.32182454
-0.6502085660609321,-0.08052299497023233,-0.5696855710906998,0.5642011216216216
-0.2907921251024896,-0.3318762587623133,0.04108413365982372,0.5528236513157895
0.7913909345974909,0.2650216606195528,0.5263692739779381,0.4707778461538461
1.758732348326359,0.794475306667251,0.9642570416591081,0.4077540532544379
0.2144448162801148,-0.09577611967192115,0.3102209359520359,0.3972289517241379
0.327408537623129,-0.1001581018971497,0.4275666395202787,0.4489242193548386
-0.1838610566908673,-0.24964336908592377,0.06578231239505647,0.2308548911564625
-1.1897536515677771,-0.6299452652097629,-0.5598083863580142,0.2308548911564625
0.364448350704898,-0.19410423474239052,0.5585525854472886,0.3608544807692307
-0.2907921251024896,-0.24362110703391276,-0.04717101806857682,0.1728005125
-0.0200392796845078,-0.37486787776527686,0.35482859808076905,0.3385222580645161
-0.6815447985628227,-0.5543609271902284,-0.12718387137259424,0.3683428963414634
-0.2907921251024896,-0.5560055550492237,0.2652134299467341,0.4077540532544379
1.679948143169909,0.05577555458729838,1.6241725885826106,0.4151807791411043
-0.9347870818893894,0.45868631233421103,-1.3934733942236004,0.4095118375
-0.8805799778723353,-0.5168222195379844,-0.363757758334351,0.37639671875
-0.139279793767738,-0.1612839603483921,0.0220041665806541,0.3993076298701298
0.1290522105311106,-0.11304731748385784,0.24209952801496842,0.4142846265822784
-0.5242859709197095,0.011298554390855527,-0.535584525310565,0.4050421041666666
-0.2907921251024896,-0.35405632159651146,0.06326419649402187,0.3385222580645161
-0.2907921251024896,0.3532056318789696,-0.6439977569814592,0.3427241592356688
0.0802423403570748,-0.49605619940357576,0.5762985397606506,0.4489242193548386
0.5157136418555858,0.20428170091063158,0.3114319409449542,0.3336369019607843
1.1177256096014865,0.45831521536617836,0.6594103942353081,0.4581912866666666
-1.123120330577168,-1.3429788283218438,0.2198584977446758,0.3913449937106918
-0.7085119182432843,-0.5400176815771977,-0.16849423666608665,0.3672524791666667
-0.8324467583879683,-1.135316799075211,0.30287004068724277,0.2308548911564625
0.9481644142957844,-0.04174148121276386,0.9899058955085482,0.2730334219653179
-0.2907921251024896,-0.39959206746808756,0.10879994236559798,0.3385222580645161
0.6109975564271631,1.0321591393009069,-0.4211615828737437,0.3385222580645161
2.1024212908122077,2.4191243616255274,-0.3167030708133196,0.4151807791411043
0.8460088103490258,0.5796317144742519,0.2663770958747739,0.3062974840764331
-0.8559880349411612,-0.34953661249048984,-0.5064514224506713,0.5642011216216216
-0.7058552153293467,-0.18333883309715668,-0.52251638223219,0.5263955251396648
2.1651726457947125,0.3143421574027921,1.8508304883919204,0.3972289517241379
-0.2907921251024896,-0.6574180497793038,0.36662592467681426,0.1728005125
-0.3801312271878723,-0.02970157493315288,-0.3504296522547194,0.3754729428571428
0.5094399499536436,0.9054498484905782,-0.3960098985369346,0.3330391923076923
1.0064557367152414,0.5481816464496754,0.458274090265566,0.3972289517241379
-0.2907921251024896,-0.43542744786093546,0.14463532275844587,0.3427241592356688
-1.1097972071267128,-0.817937672319442,-0.2918595348072708,0.2730334219653179
-0.4809093450391493,-0.43904762563489996,-0.04186171940424932,0.3794539181286549
1.404728293997736,1.230565664417715,0.17416262958002093,0.451932013245033
-0.4258584307056603,0.2800745150451744,-0.7059329457508348,0.3924679037433155
-0.8656370592284042,-0.984115134910555,0.11847807568215085,0.3448446496815286
-1.079106883278192,-0.9909557498717607,-0.08815113340643133,0.4862467272727273
2.1651726457947125,2.4127816982706993,-0.24760905247598686,0.3234683624161074
2.1651726457947125,2.713362493992067,-0.5481898481973544,0.3999173558282208
0.7649963718088727,0.4327454914157366,0.3322508803931361,0.4581912866666666
-0.2907921251024896,0.11345531957038733,-0.40424744467287693,0.3989209285714286
-0.5478649091682712,-0.2828593492287764,-0.2650055599394948,0.4103113666666667
-0.2907921251024896,0.6348826516064244,-0.925674776708914,0.3999173558282208
-1.2505995615863332,-0.09041512679031188,-1.1601844347960213,0.4699289935064935
0.0217474069209547,-0.17821409013859446,0.19996149705954916,0.4581912866666666
-0.6351817766152813,-0.3891949729772342,-0.2459868036380471,0.3978908843930636
-0.6391074889759968,-0.09839371819494952,-0.5407137707810472,0.3818871419753086
1.4342857930408075,0.5064507772588143,0.9278350157819932,0.4056208709677419
-1.088235174606901,-0.7469493390001664,-0.34128583560673464,0.2308548911564625
-1.1455285783359466,-0.9821546364468664,-0.16337394188908017,0.451932013245033
-0.9118054088693522,-0.5161461792206904,-0.39565922964866185,0.3999173558282208
0.0300396450999145,-0.2125173327289371,0.2425569778288516,0.38214178
-1.1832949751909538,-0.781041640845441,-0.4022533343455128,0.3978908843930636
0.0583018233287477,-0.47158887717201825,0.5298907005007659,0.3448446496815286
-0.4558075766759011,0.7778902578105278,-1.233697834486429,0.5263955251396648
-0.8157871606870329,-0.9109201658662819,0.09513300517924894,0.4135580243902439
0.6781584561096807,-0.14373000005446115,0.8218884561641419,0.38214178
-0.895169881509703,-0.28813449852247025,-0.6070353829872328,0.3960697315436241
-0.5851222262265328,-0.3886279464934492,-0.1964942797330836,0.3993076298701298
0.5170221389544982,0.21591193004007847,0.30111020891441975,0.3608544807692307
-0.3686781397885753,0.296405747544671,-0.6650838873332463,0.4577306518518518
-1.0667832042161518,-0.9604742399289974,-0.10630896428715442,0.4862467272727273
-0.2907921251024896,-0.017728473228958225,-0.2730636518735314,0.4270410310559006
-1.1228927761131111,-1.0007040559625737,-0.12218872015053739,0.4135580243902439
1.9815306846776828,1.6372870733180485,0.3442436113596343,0.3794539181286549
-0.6932987968229155,-0.442673313297631,-0.2506254835252845,0.37639671875
-0.5375146002161632,-0.5969260827139362,0.05941148249777306,0.5642011216216216
0.3780188360310838,-0.025506921517828574,0.4035257575489124,0.4770338545454546
-0.6811427647980577,-0.45164899044777085,-0.22949377435028684,0.3571249225352113
0.5869667974781192,0.5579727088787944,0.02899408859932484,0.4707778461538461
-0.2907921251024896,0.3382079905464157,-0.6290001156489053,0.2560125510204081
-0.2907921251024896,-0.20130148927456942,-0.08949063582792016,0.3234683624161074
-0.5615250513882923,-0.40602395570330146,-0.15550109568499088,0.3859531132075471
-0.3999548767636238,-0.27509425102947455,-0.12486062573414924,0.3972289517241379
1.9973490535189604,1.1654819790379085,0.8318670744810519,0.3993076298701298
-0.5122595889562982,-0.05193576028801301,-0.4603238286682852,0.3427241592356688
-0.7457935523391388,0.363238465942398,-1.1090320182815367,0.4142846265822784
0.46195504812575,1.1230171830868967,-0.6610621349611467,0.4862467272727273
0.1974900399311064,0.4360194335957248,-0.23852939366461842,0.3999173558282208
0.8021552718179509,-0.5796790194806959,1.3818342912986468,0.4707778461538461
0.4173383816876735,0.6053368025817819,-0.1879984208941084,0.32182454
2.1651726457947125,2.4915388598059813,-0.32636621401126886,0.3425733024691358
2.1651726457947125,0.7558492076586154,1.409323438136097,0.3978908843930636
-0.2907921251024896,-0.22734976082185593,-0.06344236428063366,0.1728005125
1.2110140596693308,1.4670722948521988,-0.25605823518286797,0.2560125510204081
-1.2909457133027695,0.062087725875753896,-1.3530334391785235,0.3234683624161074
-0.5477710532473677,0.06716495674117806,-0.6149360099885458,0.3999173558282208
-0.2907921251024896,-0.007442658971602872,-0.28334946613088674,0.4077540532544379
-0.0195865382802886,-0.39331651561164815,0.37372997733135954,0.3972289517241379
-0.7628164144125479,-1.020407503326953,0.2575910889144052,0.4056208709677419
-0.7750865895342797,-0.3986407403858456,-0.37644584914843404,0.3989209285714286
-0.1629034594393563,-0.1932610906121042,0.030357631172747895,0.3330391923076923
-0.2907921251024896,0.16426482177982346,-0.455056946882313,0.2560125510204081
2.1651726457947125,0.9169612161738426,1.24821142962087,0.3859531132075471
-0.8898702161154356,-0.44451360094773545,-0.44535661516770014,0.3999173558282208
-1.1577235039926363,-1.2975684575858084,0.13984495359317206,0.4509778670886076
-1.0055784727356765,-0.34918280565269383,-0.6563956670829827,0.3841937837837837
-0.0111715953312809,-0.21670083790269853,0.20552924257141764,0.4108178661971831
0.7598430313556918,-0.520993663069473,1.2808366944251648,0.3608544807692307
-1.053840811609091,-0.941374451474178,-0.11246636013491296,0.3330391923076923
-0.9234030936224784,0.07558498460651396,-0.9989880782289924,0.3841937837837837
-0.4329692102813051,-0.15704336254713022,-0.27592584773417483,0.345568697368421
-0.911114884751134,-0.8914388778039101,-0.019676006947223934,0.4108178661971831
-0.2907921251024896,-0.13787367168815542,-0.15291845341433416,0.3279570604026846
-0.5137671454517224,-0.5350260288967756,0.021258883445053223,0.4699289935064935
-0.561142505720566,-0.6649943944927083,0.10385188877214224,0.345568697368421
0.4195489620430594,-0.6968922320056099,1.1164411940486694,0.4056208709677419
-0.2907921251024896,0.6305292630500273,-0.9213213881525169,0.3993076298701298
-0.5371026815637313,-0.5658362496304071,0.02873356806667582,0.4108178661971831
1.4623451522008128,-0.4470614037635412,1.909406555964354,0.4077540532544379
-1.1778414333021845,-1.202380937621821,0.024539504319636585,0.3427241592356688
-0.1372194703605762,0.7106197378503689,-0.8478392082109452,0.4699289935064935
-0.2630679250806642,-0.13084205426815587,-0.1322258708125083,0.3425733024691358
-0.100213342595774,0.12394644152711971,-0.22415978412289372,0.3062974840764331
0.0292314605509209,-0.4609143814617548,0.4901458420126757,0.3336369019607843
0.9975675056933816,0.5700975437158429,0.4274699619775387,0.3062974840764331
0.2250969599661315,0.9887156630863446,-0.7636187031202131,0.3841937837837837
-0.4832658474286939,1.2643268975205364,-1.7475927449492303,0.3496421194968553
-0.3637454481252531,-0.5218127254149032,0.1580672772896501,0.2730334219653179
-0.2907921251024896,-1.1957095628890202,0.9049174377865306,0.3993076298701298
-1.128821241750085,-1.149336791657803,0.02051554990771809,0.4577306518518518
0.2581308406104802,0.5550481857210545,-0.2969173451105743,0.4505385
-0.903071399803982,-0.8435436605023203,-0.059527739301661664,0.4489242193548386
-0.5002604648152641,0.13582828264593322,-0.6360887474611974,0.3427241592356688
-0.4144719370469976,-0.6835699690262124,0.2690980319792148,0.4509778670886076
2.1651726457947125,1.1810850828598538,0.9840875629348587,0.3062974840764331
-1.1577757709650975,-0.9070635665202804,-0.2507122044448171,0.5642011216216216
2.1651726457947125,2.324482783900415,-0.1593101381057025,0.3972289517241379
-0.2907921251024896,-0.3270971978335539,0.036305072731064314,0.5528236513157895
-0.2907921251024896,-0.2257996121357887,-0.06499251296670089,0.3672524791666667
-0.2623633474341036,-0.4122268581574476,0.14986351072334397,0.2308548911564625
-0.5738521001705452,-0.43608800638294354,-0.13776409378760168,0.3913449937106918
0.1972431994177327,0.8752217498604643,-0.6779785504427316,0.5642011216216216
-0.5818185526409347,-0.30261773082991206,-0.2792008218110227,0.3978908843930636
-0.3644900066580928,0.3793804527928471,-0.7438704594509399,0.3859531132075471
-0.2907921251024896,-0.35949393308708355,0.06870180798459397,0.3999173558282208
-0.5429744633065738,-0.31169748879926656,-0.23127697450730728,0.4103113666666667
-0.2907921251024896,-0.45697804381880613,0.16618591871631655,0.3448446496815286
1.3902255034337674,0.5783409137154706,0.8118845897182968,0.3978908843930636
0.0094122619676322,-0.1804906452524607,0.1899029072200929,0.3234683624161074
0.1403273136959818,0.9071885423563957,-0.7668612286604138,0.3841937837837837
-0.1556488076235006,0.5140682333165539,-0.6697170409400546,0.2853974074074074
-0.2907921251024896,-0.3491381141041772,0.05834598900168764,0.4509778670886076
-0.8167440052149033,-0.4371099195822564,-0.3796340856326469,0.3547797567567567
1.6295678883747111,0.23693947240504257,1.3926284159696685,0.3913449937106918
-1.1036814624658462,-1.1232538120621733,0.019572349596327143,0.38214178
0.0772523098081307,0.9538801572297315,-0.8766278474216008,0.3972289517241379
-0.826440150200278,0.22430276928258996,-1.050742919482868,0.4707778461538461
2.1651726457947125,2.214885217760291,-0.049712571965578434,0.3978908843930636
-1.1922988843573503,-0.929066881146862,-0.26323200321048834,0.3672524791666667
-0.1654333667111346,0.2921851399472355,-0.4576185066583701,0.4050421041666666
-0.2907921251024896,0.2609355641697851,-0.5517276892722747,0.4862467272727273
0.0507918418258208,-0.04645159181104577,0.09724343363686658,0.1728005125
1.1822035528437185,0.16384856312900817,1.0183549897147104,0.4862467272727273
-1.13604245466796,-0.9706691873784858,-0.1653732672894741,0.2560125510204081
-1.0935499369277168,0.1851241407700115,-1.2786740776977283,0.3794539181286549
-0.5811266687415478,-0.025931153709967826,-0.55519551503158,0.3924679037433155
-0.1752498818249388,1.9050755076312247,-2.0803253894561635,0.451932013245033
0.014954991959905,-0.12012516253362995,0.13508015449353494,0.3993076298701298
0.0025527013983469,-0.39657565918688503,0.39912836058523193,0.4135580243902439
-0.8736840166231692,-0.3045418342260668,-0.5691421823971023,0.37639671875
-1.111543074156097,-0.5438493994604916,-0.5676936746956054,0.4056208709677419
-0.3311256040688685,-0.3719694433128893,0.040843839244020796,0.3571249225352113
-0.3567578110897204,0.6415763794855387,-0.9983341905752591,0.3972289517241379
-0.726819518584366,-0.4245142995673347,-0.3023052190170313,0.4151807791411043
-1.0195309809410125,-0.5738016808627049,-0.4457293000783076,0.2560125510204081
-0.2907921251024896,-0.42145296141607996,0.13066083631359038,0.4151807791411043
1.458939525334726,1.4042134714898593,0.05472605384486662,0.3062974840764331
-0.1329748755884566,0.0910162859076364,-0.223991161496093,0.37639671875
-0.4627790494975068,-0.19968977212344932,-0.2630892773740575,0.3960697315436241
2.069068541622475,0.7205629657419568,1.3485055758805182,0.3972289517241379
-0.4483518956963309,-0.44468498062335465,-0.003666915072976229,0.4095118375
-0.5184817468039866,-0.6818211434624168,0.16333939665843022,0.4236190132450331
-1.089875856384589,-0.3887888704750603,-0.7010869859095287,0.2853974074074074
1.2058289398826936,0.9364044864981513,0.26942445338454224,0.4770338545454546
-0.537337104065646,0.3519383971910664,-0.8892755012567124,0.3330391923076923
-0.7395767661876499,-0.5680488773521805,-0.17152788883546943,0.3448446496815286
1.0219006841262115,0.6131378815555011,0.4087628025707104,0.1728005125
2.1651726457947125,2.2682150240806553,-0.10304237828594287,0.3385222580645161
-1.1806598048989152,-1.286377247296286,0.1057174423973708,0.3547797567567567
0.0973605063600612,-0.06349867109930234,0.16085917745936354,0.3993076298701298
-0.2907921251024896,0.8827255108460832,-1.1735176359485728,0.4103113666666667
2.1651726457947125,-0.20051098108306697,2.3656836268777797,0.3425733024691358
-0.8602349389998909,-1.1860162534112995,0.32578131441140856,0.451932013245033
-0.2907921251024896,-0.22151929229617828,-0.0692728328063113,0.3841937837837837
-0.6568022219238489,-0.7769170691793579,0.12011484725550903,0.3672524791666667
-0.2951909805371036,-0.0598819778986295,-0.23530900263847407,0.3859531132075471
1.9179480137028344,0.2864059055998911,1.6315421081029433,0.4236190132450331
-0.2907921251024896,0.06888248136152568,-0.3596746064640153,0.4151807791411043
0.380214734648181,0.5904492172244307,-0.21023448257624966,0.3336369019607843
2.1651726457947125,0.23009681929610243,1.93507582649861,0.3571249225352113
-1.1003450605167564,-0.49197277355344826,-0.6083722869633081,0.3999173558282208
1.9151982832636527,1.2946213885809335,0.6205768946827193,0.2730334219653179
-1.142990577904006,-0.5941117920706321,-0.5488787858333738,0.2560125510204081
0.5657496029747123,0.1155966857803348,0.45015291719437756,0.4581912866666666
-0.3187270779336907,-0.4343580448459044,0.1156309669122137,0.4862467272727273
-0.2907921251024896,-0.7262178074773461,0.4354256823748565,0.3924679037433155
-1.178084728868468,-0.12187936181475646,-1.0562053670537115,0.3683428963414634
-0.5987479731893562,-0.2631459859028665,-0.33560198728648977,0.37639671875
-0.0733199655797553,-0.02969607177155132,-0.04362389380820398,0.3581031125827814
-0.0656847485600202,-0.30437863384343994,0.23869388528341973,0.3691574802631578
2.1651726457947125,1.8596455258360702,0.30552711995864223,0.4142846265822784
-1.1690945241236437,-1.1563523677518652,-0.012742156371778446,0.4236190132450331
-0.9388909625064265,-1.0654877248618102,0.12659676235538375,0.4770338545454546
-0.4162480363581634,-0.14820140265077208,-0.2680466337073913,0.4270410310559006
2.1284973946972934,1.7522871397784257,0.3762102549188677,0.3571249225352113
-0.6970838796112714,0.6393982531400394,-1.3364821327513108,0.4050421041666666
-0.5417100221191715,-0.43140206063976905,-0.11030796147940247,0.3754729428571428
0.607768355254839,0.03981641234882798,0.567951942906011,0.4509778670886076
0.3632117497127186,-0.26771895256320294,0.6309307022759215,0.3801381595092024
-0.0293988860607851,-0.21504134773787487,0.18564246167708975,0.3754729428571428
2.1651726457947125,0.5083316007396994,1.656841045055013,0.2560125510204081
-0.3534185870093618,0.3937618602907276,-0.7471804473000894,0.3972289517241379
-0.5191923957865054,0.44199110087170296,-0.9611834966582085,0.4151807791411043
-0.2533712353587842,1.2428199991364428,-1.496191234495227,0.37639671875
-1.0494315467154598,-0.5929225741399597,-0.45650897257550005,0.3425733024691358
-0.2099648395291708,-0.7474868641281537,0.5375220245989829,0.32182454
-0.0749774636704885,-0.3050483013941353,0.23007083772364678,0.4505385
-0.2907921251024896,-0.042774149593339354,-0.24801797550915022,0.2730334219653179
2.1651726457947125,2.1734479060854914,-0.008275260290778963,0.3427241592356688
-1.2035763764394047,-0.7337363808514507,-0.4698399955879541,0.32182454
-0.6416787177801151,-0.14881449034381958,-0.49286422743629554,0.5528236513157895
-0.7304959761595167,-0.29028047116224037,-0.4402155049972763,0.4236190132450331
-0.4341919634772637,-0.469239474270447,0.0350475107931833,0.2853974074074074
-0.8249127775773957,-0.3151621709507886,-0.5097506066266071,0.4103113666666667
-0.5286706398310397,-0.1073053036969431,-0.42136533613409655,0.3234683624161074
-0.2907921251024896,-0.6845132078681158,0.3937210827656262,0.4699289935064935
-0.0693654008043471,-0.16176950738702178,0.09240410658267469,0.3427241592356688
-0.1965151989454751,0.6706410395688074,-0.8671562385142825,0.4505385
-0.1596105276614693,-0.4797432280348069,0.32013270037333763,0.3794539181286549
-0.7466053800858793,-0.6354196108179351,-0.11118576926794421,0.3691574802631578
-1.117039667422644,-1.115482585629722,-0.0015570817929220215,0.3385222580645161
1.1932702592341204,1.1836875956000759,0.009582663634044586,0.3924679037433155
-0.9842955649442966,-0.19316619301348056,-0.791129371930816,0.4151807791411043
0.3949286947944738,-0.2440925019578412,0.639021196752315,0.3496421194968553
-0.2907921251024896,-0.36179689955870936,0.07100477445621978,0.3818871419753086
-0.7449680530927193,0.49789676188868665,-1.2428648149814059,0.2560125510204081
1.7384306772146545,1.0049767190343253,0.7334539581803292,0.3993076298701298
-0.7231183981134629,-0.35630621398347145,-0.36681218412999145,0.4142846265822784
-0.881964148181865,-0.5429143330426871,-0.33904981513917787,0.3841937837837837
-1.156917097859768,-0.6668233412159371,-0.4900937566438309,0.4103113666666667
-0.9289263489875608,-1.0097373748211285,0.0808110258335677,0.3425733024691358
-0.401166311721606,1.3497096994344469,-1.7508760111560528,0.4707778461538461
-0.2907921251024896,-0.3737750413082546,0.08298291620576503,0.4142846265822784
-0.2907921251024896,-0.6291736925521744,0.3383815674496848,0.3683428963414634
0.0642346096175947,-0.03932075378454978,0.10355536340214447,0.4056208709677419
-0.1454403516229001,-0.5131569530140266,0.36771660139112655,0.3581031125827814
1.315005914514936,1.2947052693232013,0.02030064519173469,0.2730334219653179
0.4855262633972697,1.3793355955391455,-0.8938093321418759,0.3234683624161074
-0.931009402644589,-0.9818325709107651,0.050823168266176166,0.3972289517241379
0.3657499789736085,0.02326995683038822,0.34248002214322026,0.3385222580645161
2.1651726457947125,1.76425425378491,0.4009183920098025,0.3794539181286549
2.1651726457947125,0.8271487156982953,1.3380239300964172,0.4770338545454546
-0.8054494408926894,-0.21187957141008618,-0.5935698694826033,0.3547797567567567
0.7402887010928095,1.6314595213018743,-0.8911708202090648,0.3672524791666667
-0.0140043927391861,0.16889929149686753,-0.18290368423605363,0.3960697315436241
2.1651726457947125,1.0053885861053173,1.1597840596893951,0.3859531132075471
1.085690137474614,0.05264818728812111,1.033041950186493,0.2308548911564625
-0.7293382450898531,-0.1289548295942633,-0.6003834154955898,0.2730334219653179
-0.2907921251024896,-0.8717017685717541,0.5809096434692644,0.3448446496815286
-1.1472942942165962,-1.2490031196739828,0.10170882545738658,0.3330391923076923
-0.2907921251024896,-0.27428510608349593,-0.01650701901899365,0.3818871419753086
0.0078416012145831,0.19441335848283925,-0.18657175726825614,0.3427241592356688
-0.5710291512024824,-0.09241824038878949,-0.47861091081369295,0.3960697315436241
-1.0936499731318796,-0.9076023660285448,-0.1860476071033348,0.3496421194968553
0.0834492631929375,-0.31181170538572434,0.39526096857866183,0.4270410310559006
-0.2386154342986544,0.7657704172065849,-1.0043858515052393,0.2560125510204081
2.1651726457947125,2.0976125204908107,0.06756012530390176,0.3841937837837837
-0.4882644387392996,0.10353873036327907,-0.5918031691025787,0.2560125510204081
2.1651726457947125,2.1312760875976795,0.03389655819703297,0.4270410310559006
-1.170750427067421,-0.7317798398900923,-0.4389705871773286,0.3571249225352113
-1.0217248271494268,0.40153510247211155,-1.4232599296215382,0.2853974074074074
-0.613701824595904,-0.3641595822504728,-0.24954224234543126,0.4577306518518518
-0.5804538038715472,-0.38813392147103304,-0.19231988240051417,0.38214178
-0.5662126888778061,1.4658645312782268,-2.032077220156033,0.4108178661971831
-0.6188706692404536,-0.34780231385024374,-0.2710683553902099,0.2853974074074074
-1.1938226228152076,-1.2130478332235428,0.019225210408335247,0.3691574802631578
0.0772523098081307,0.14621870563574413,-0.06896639582761342,0.4505385
-0.7243554701541549,-0.005661324283257477,-0.7186941458708974,0.3989209285714286
-1.0592572384406225,-0.9168871024977225,-0.14237013594289993,0.3801381595092024
-0.3201971617077918,-0.18878848666115644,-0.13140867504663534,0.2560125510204081
2.1651726457947125,0.15455621656399593,2.0106164292307165,0.32182454
-0.3106360979058637,-0.29422147886934663,-0.016414619036517086,0.3336369019607843
-0.2907921251024896,-0.8439938927398423,0.5532017676373526,0.4489242193548386
0.7899349973333015,0.28999032868560576,0.49994466864769577,0.4770338545454546
-0.9885532823990184,-0.9233677460685594,-0.06518553633045898,0.345568697368421
-0.7112328798600656,-0.37967024190079646,-0.3315626379592691,0.3234683624161074
-0.6461306269847896,-0.5509834293187641,-0.09514719766602553,0.4862467272727273
-0.2907921251024896,-0.35301408805086587,0.062221962948376286,0.5642011216216216
-0.2907921251024896,-0.559243167475603,0.2684510423731134,0.3279570604026846
-0.2950211083206274,-0.45143219427194414,0.15641108595131675,0.3448446496815286
0.1826510245262669,0.4779664424887831,-0.29531541796251626,0.4707778461538461
-1.1193870500515126,-1.2986131911467567,0.17922614109524404,0.2308548911564625
-0.2907921251024896,-0.565657744758756,0.2748656196562664,0.3448446496815286
2.1651726457947125,0.3699276345811066,1.7952450112136058,0.3691574802631578
0.6715086757475023,0.10408115983400847,0.5674275159134938,0.451932013245033
-0.6662663143082356,0.26342073306787767,-0.9296870473761132,0.3234683624161074
-1.0358403546275343,-0.9434443049903335,-0.09239604963720083,0.4577306518518518
-1.1442333560100684,-1.0114478569504899,-0.13278549905957848,0.4151807791411043
-0.1960428161256519,1.0120899095590137,-1.2081327256846657,0.3336369019607843
-1.1272501717513557,-0.5706896470246668,-0.5565605247266888,0.4050421041666666
-0.1487051884669659,-0.28026137923472305,0.13155619076775715,0.1728005125
-0.2907921251024896,-0.5683405691521556,0.277548444049666,0.3913449937106918
-0.678214548174522,-0.07627471348413414,-0.6019398346903878,0.37639671875
0.1044972989856474,0.988195350265151,-0.8836980512795036,0.3999173558282208
-1.1130201690653836,-0.9954624463980695,-0.11755772266731412,0.3336369019607843
-0.6680619088475364,-0.04451088577387052,-0.6235510230736658,0.3279570604026846
-1.1462675871328885,-1.3352562173978366,0.18898863026494817,0.3385222580645161
-0.2907921251024896,-1.0157053998177412,0.7249132747152516,0.4581912866666666
-0.7719163692613646,-0.38165330655305163,-0.390263062708313,0.4699289935064935
-0.9796926341794308,-0.6701013109307833,-0.30959132324864747,0.4056208709677419
-1.1428364931418813,-0.34335425584030677,-0.7994822373015745,0.2730334219653179
-0.3335564489272694,-0.2771338121914128,-0.05642263673585657,0.3683428963414634
0.793026197534511,0.9656947834164328,-0.1726685858819218,0.4108178661971831
-0.9793795695539024,-0.4355677106995433,-0.543811858854359,0.4050421041666666
-0.2907921251024896,-0.19953374069107885,-0.09125838441141074,0.3672524791666667
0.048590651143097,-0.5539477834518381,0.6025384345949352,0.4095118375
-0.5623495031559337,-0.5169207972150133,-0.04542870594092041,0.3672524791666667
2.1651726457947125,0.3455656104859175,1.819607035308795,0.4707778461538461
-0.9540431267233448,-0.7390717516074939,-0.21497137511585085,0.4509778670886076
2.1651726457947125,1.0336902047135168,1.1314824410811957,0.4077540532544379
-1.219310611896158,-0.926407403700905,-0.29290320819525306,0.3841937837837837
-0.2907921251024896,-0.5567415518272908,0.2659494267248012,0.4577306518518518
-0.2907921251024896,-0.5209480655124373,0.23015594040994775,0.3691574802631578
-0.5346401164015024,-0.4866208176372465,-0.048019298764255924,0.4509778670886076
0.7570129318791323,0.6328146664066879,0.12419826547244439,0.3999173558282208
-0.2907921251024896,-0.27556333762025753,-0.015228787482232053,0.4142846265822784
-0.1929627325108687,1.3178480752354318,-1.5108108077463005,0.5263955251396648
-0.1705342127891246,0.5091332844427645,-0.6796674972318891,0.3425733024691358
-1.085538246962816,-1.181587888933001,0.09604964197018484,0.4577306518518518
-0.7249158138554651,-0.41563407997237695,-0.30928173388308816,0.3672524791666667
-0.5226084257332403,-0.37978888873231126,-0.14281953700092903,0.2560125510204081
2.1651726457947125,0.21111160555313785,1.9540610402415746,0.4509778670886076
-0.0389277379094283,-0.11213818169856099,0.07321044378913269,0.4505385
0.8319725305434399,0.8887909416192672,-0.0568184110758273,0.3989209285714286
0.1676664479999647,0.46540617718401833,-0.29773972918405367,0.4095118375
-1.0436347912343524,-0.6022522142784175,-0.44138257695593497,0.3062974840764331
-0.1665967717562365,-0.6131749832979955,0.446578211541759,0.3448446496815286
-0.5048574668660932,-0.9258530735449053,0.4209956066788121,0.4770338545454546
0.536161651774397,0.4604259488437463,0.07573570293065068,0.4270410310559006
-0.3080058648281877,-0.2338098596830308,-0.0741960051451569,0.3062974840764331
-0.0179318732155546,-0.17849807970160858,0.160566206486054,0.3691574802631578
2.1651726457947125,0.306244985453244,1.8589276603414684,0.3801381595092024
-0.8257798320976373,-0.6918152763298893,-0.13396455576774802,0.4050421041666666
-0.1731676928925435,-0.15555798629610737,-0.017609706596436125,0.4095118375
-0.4757846743653671,-0.07303707213612715,-0.40274760222923994,0.4151807791411043
-1.173655673558942,-1.1891057208026106,0.015450047243668497,0.3427241592356688
2.1651726457947125,0.056970787605786555,2.108201858188926,0.1728005125
0.6371317529940261,0.9862141968541833,-0.3490824438601572,0.451932013245033
0.7525635855111503,0.3292187934753997,0.42334479203575065,0.3448446496815286
-0.8027297474224923,0.003840630906299535,-0.8065703783287917,0.4581912866666666
2.1651726457947125,0.04991104255197982,2.1152616032427325,0.345568697368421
-0.3415195062035864,-0.39270958900939296,0.05119008280580656,0.38214178
-0.5683213888483516,1.341581453820352,-1.9099028426687037,0.4862467272727273
0.622589917698223,0.11421341114145196,0.508376506556771,0.3062974840764331
-0.8144972535632264,-0.6394946061135737,-0.17500264744965277,0.2730334219653179
2.1651726457947125,2.191455813575778,-0.02628316778106532,0.3385222580645161
-0.0530337641924547,0.2951607778315066,-0.34819454202396133,0.451932013245033
-1.2292063906482156,0.2156497166587605,-1.4448561073069761,0.3683428963414634
-0.8878807013228563,-0.47751159094822476,-0.4103691103746316,0.3818871419753086
-0.4985728006034736,-0.4541411595409673,-0.0444316410625063,0.3859531132075471
2.1651726457947125,0.2565900081403907,1.9085826376543218,0.32182454
-0.5655041344566714,0.12315440366973886,-0.6886585381264102,0.37639671875
-0.895169881509703,0.12433236459993233,-1.0195022461096352,0.3841937837837837
2.129432181952681,-0.28610429003610466,2.4155364719887857,0.1728005125
-0.776318280370644,1.0456407716222522,-1.8219590519928963,0.451932013245033
0.9503313693786284,0.26135611274413717,0.6889752566344912,0.3801381595092024
-1.1190406451748327,-0.4847871027915924,-0.6342535423832403,0.3999173558282208
-0.1063075040039597,-0.060600067312643974,-0.04570743669131573,0.4050421041666666
1.3498048068045805,0.11528521935042005,1.2345195874541603,0.3581031125827814
0.9791316898296788,0.13690308144612373,0.8422286083835551,0.4056208709677419
-0.741102991100237,-0.09521979271042089,-0.6458831983898161,0.3330391923076923
-0.7553490174383092,-0.3733745228682344,-0.38197449457007476,0.3234683624161074
-0.2907921251024896,-0.5250003798862213,0.2342082547837317,0.4509778670886076
-0.2206262457166363,0.20811879973552866,-0.42874504545216496,0.3608544807692307
-0.2420214426783812,-0.06121862476940612,-0.18080281790897507,0.4505385
-0.4362222717049021,-0.5378277265534818,0.10160545484857969,0.32182454
-0.4589768996192275,0.21346464628766298,-0.6724415459068904,0.4270410310559006
2.1651726457947125,1.915064557848551,0.25010808794616146,0.4056208709677419
-1.091791607911781,-1.0840065749930636,-0.0077850329187174605,0.3427241592356688
-0.3009118758144079,-0.19543423449225175,-0.10547764132215617,0.3960697315436241
1.085690137474614,0.8342454038749627,0.25144473359965125,0.3425733024691358
-0.882789506391051,-0.2849340000444168,-0.5978555063466342,0.3818871419753086
-0.1491184667817147,0.13923392808291082,-0.2883523948646255,0.3924679037433155
2.1651726457947125,2.4757023184699185,-0.31052967267520604,0.4489242193548386
-0.1236951612584648,-0.45202053178295654,0.32832537052449173,0.4581912866666666
-1.0725259529750608,-1.0406265807184847,-0.03189937225657613,0.3427241592356688
-0.145910712776988,-0.510140974337456,0.364230261560468,0.3608544807692307
-1.187568900240437,-1.3053233894239045,0.11775448918346743,0.4770338545454546
-0.0520345914591829,0.8434431286324434,-0.8954777200916263,0.4707778461538461
-1.1434117964565236,-0.45551413957856796,-0.6878976568779556,0.4103113666666667
-0.7384816283137262,-0.04514520384722217,-0.693336424466504,0.4236190132450331
-0.2907921251024896,-0.7393300544513335,0.4485379293488439,0.1728005125
0.0138042018237479,-0.18798096434198114,0.20178516616572903,0.4505385
0.9255978650785414,1.0596055946105036,-0.13400772953196227,0.4095118375
1.5809051422206932,-0.24045818900364144,1.8213633312243347,0.345568697368421
2.1651726457947125,2.4255660883302634,-0.26039344253555097,0.4236190132450331
0.2468018208129243,0.016870084326536583,0.2299317364863877,0.4142846265822784
-0.2907921251024896,1.3765702511597064,-1.667362376262196,0.4050421041666666
-0.2907921251024896,-0.4633603196022825,0.17256819449979294,0.3279570604026846
0.0136673323198762,-0.29481879168698977,0.308486124006866,0.3989209285714286
-1.0936705661526371,-0.9164354064967624,-0.17723515965587477,0.5263955251396648
0.968786923323904,-0.42586792043097466,1.3946548437548787,0.3336369019607843
-1.033114515776831,-1.1899523794495883,0.1568378636727572,0.38214178
-0.9431907304499754,-0.32642041021546175,-0.6167703202345136,0.3330391923076923
-0.657466679231585,-0.10163789490578792,-0.5558287843257971,0.4142846265822784
0.1764369925625485,-0.272363870084139,0.4488008626466875,0.4770338545454546
-0.7222834545226449,0.7875023230670051,-1.50978577758965,0.37639671875
-0.0516769063770387,0.37574952854304383,-0.42742643492008253,0.3999173558282208
-1.0121220954023584,-0.008921830567414968,-1.0032002648349434,0.5642011216216216
-0.9415784735381532,-0.7324470218953626,-0.20913145164279057,0.4108178661971831
2.1651726457947125,2.095223366845378,0.06994927894933456,0.4707778461538461
-1.2863162647648296,0.7452106499087856,-2.0315269146736155,0.4142846265822784
-0.948585002035687,-0.8973272672897151,-0.05125773474597184,0.3841937837837837
-1.1106506456113558,-1.0915069157677162,-0.019143729843639656,0.3801381595092024
-0.5091108685418573,0.48612060410317876,-0.995231472645036,0.3683428963414634
1.3580583900849577,0.6354328174142833,0.7226255726706744,0.3859531132075471
-1.1868531887739675,-0.22066348887568904,-0.9661896998982784,0.3608544807692307
2.1651726457947125,2.403162899447049,-0.2379902536523364,0.4699289935064935
-1.1207765766065336,-0.8414899630001657,-0.279286613606368,0.2853974074074074
0.1532753042530737,0.04031134511834835,0.11296395913472534,0.4095118375
1.755580980294417,0.6391118264469469,1.11646915384747,0.4707778461538461
-0.7637134381563607,-0.2036314536743444,-0.5600819844820163,0.3279570604026846
1.2246576724048377,0.7068738814672154,0.5177837909376223,0.3913449937106918
-0.3188875371033565,-0.07890647451564614,-0.23998106258771035,0.4770338545454546
0.9711107415231351,0.4321204429485404,0.5389902985745947,0.3794539181286549
-0.7636417373624256,0.4319053477694783,-1.1955470851319039,0.4142846265822784
2.1651726457947125,1.1606037907179179,1.0045688550767946,0.3859531132075471
-0.6897473608316911,0.5734662849870997,-1.2632136458187908,0.3547797567567567
-0.2907921251024896,-0.0573809717255343,-0.23341115337695528,0.3448446496815286
-0.3266924262727056,0.5379690556211312,-0.8646614818938367,0.5528236513157895
2.0110874595183312,1.047163854881195,0.9639236046371362,0.3989209285714286
0.4073390177434088,1.4397164829783766,-1.0323774652349678,0.4505385
-0.2250338926041867,-0.093935925527871,-0.1310979670763157,0.38214178
-1.119970146703345,-0.25936180892739913,-0.8606083377759458,0.4103113666666667
-0.2907921251024896,-0.4197719856917236,0.128979860589234,0.3818871419753086
-0.6506183628161116,-0.2979982882711567,-0.3526200745449549,0.38214178
-0.2907921251024896,-0.24048323939886979,-0.0503088857036198,0.4103113666666667
-0.7812207433177326,-0.38950560361198505,-0.39171513970574756,0.3924679037433155
0.6196054272185799,0.3528235533013405,0.2667818739172394,0.2730334219653179
-1.039111433201137,-1.1864374731951315,0.1473260399939944,0.4489242193548386
-1.1197085464057976,-1.0688807281123744,-0.0508278182934232,0.32182454
-0.7742304899622869,0.2763696729052068,-1.0506001628674937,0.3993076298701298
-0.6275603249879902,-0.6618746515814223,0.03431432659343214,0.3691574802631578
-0.2907921251024896,-0.22282167936207248,-0.06797044574041711,0.3279570604026846
0.4198114600663671,0.2629285685186575,0.15688289154770962,0.3571249225352113
-0.3095634320965114,-0.24695266190823736,-0.06261077018827402,0.4108178661971831
0.0954006145367219,-0.18795107480456344,0.28335168934128535,0.4095118375
-0.6519075112705306,0.11342726253021979,-0.7653347738007503,0.3999173558282208
-1.1332416159009604,-1.0976901982547977,-0.03555141764616265,0.4077540532544379
-0.8804624245268526,-0.8956079414096565,0.015145516882803856,0.3754729428571428
0.0827524948889159,-0.30625668306514636,0.38900917795406226,0.4770338545454546
0.0824212685502173,-0.165081917437232,0.2475031859874493,0.1728005125
-1.153281944583475,-0.8080997000122971,-0.34518224457117785,0.4699289935064935
-0.375049326847448,-0.28472502558162516,-0.09032430126582286,0.3062974840764331
-0.537201990792267,-0.2794291694430943,-0.25777282134917273,0.4103113666666667
2.1651726457947125,1.354296421578697,0.8108762242160155,0.4056208709677419
-0.079772755751798,-0.46954509562817115,0.38977233987637316,0.3691574802631578
0.3214975083083865,0.47057072714969317,-0.14907321884130664,0.3496421194968553
-0.8871757267119482,0.08620175833990756,-0.9733774850518557,0.4151807791411043
2.1651726457947125,1.2607577871079465,0.904414858686766,0.1728005125
2.1651726457947125,0.599523790022705,1.5656488557720074,0.3859531132075471
-0.895169881509703,0.20096420888651045,-1.0961340903962133,0.4095118375
-0.344172037030152,-0.110115307262011,-0.23405672976814096,0.4577306518518518
-1.1358239079667534,-0.23907163680613375,-0.8967522711606196,0.4050421041666666
-1.174438671076622,-0.8552590332835184,-0.31917963779310354,0.3062974840764331
-0.8225451257191484,-0.4305825223419746,-0.3919626033771738,0.3336369019607843
0.7413522058207459,1.492491243205769,-0.7511390373850232,0.4270410310559006
-0.8892744649374581,-0.5729548073271375,-0.31631965761032055,0.4577306518518518
-0.5528772702292131,-0.6729072134926354,0.12002994326342231,0.3859531132075471
-0.8563588281663946,-0.656862614253315,-0.1994962139130796,0.2308548911564625
0.2144320432985404,-0.1428299491790319,0.3572619924775723,0.3330391923076923
-0.7273315582217693,-0.2861847451968599,-0.44114681302490943,0.4699289935064935
-0.712860127048933,-0.047041478980530876,-0.6658186480684021,0.4862467272727273
2.1651726457947125,2.244625475754738,-0.07945282996002545,0.2730334219653179
2.1651726457947125,1.484956034837398,0.6802166109573144,0.3425733024691358
-1.19610665908574,-0.6360173690872688,-0.5600892899984713,0.3427241592356688
0.2462761889102427,0.22896356607837653,0.01731262283186616,0.4270410310559006
-0.8818490114856055,-0.8407753298884394,-0.04107368159716607,0.3683428963414634
-0.3546608215674351,0.3436256019112931,-0.6982864234787283,0.5528236513157895
-1.0141883309239503,-0.9776849963204357,-0.036503334603514626,0.3978908843930636
-0.0857073303610703,-0.2813284887325426,0.19562115837147231,0.3794539181286549
0.1002608966543942,-0.3843511533541825,0.4846120500085767,0.3448446496815286
0.9340830627936706,-0.13292185078254998,1.0670049135762205,0.3801381595092024
0.0534026220657663,-0.0843501254306503,0.1377527474964166,0.451932013245033
-0.2907921251024896,-0.2655758673974361,-0.02521625770505348,0.4509778670886076
2.1651726457947125,0.05140458617850352,2.113768059616209,0.4707778461538461
-1.2913418853065666,-0.6379719908074082,-0.6533698944991584,0.3427241592356688
-1.1599452869037736,-0.769004514225961,-0.3909407726778127,0.3924679037433155
0.0103661272820339,0.7451209233602136,-0.7347547960781797,0.3234683624161074
-0.7212396660868214,-0.5506611723392749,-0.17057849374754652,0.4862467272727273
0.4769172128056258,1.680822781445899,-1.203905568640273,0.451932013245033
0.138968707177341,0.7862534474378307,-0.6472847402604897,0.3683428963414634
2.1651726457947125,2.1183447597617806,0.046827886032931865,0.5263955251396648
-0.2134322708125382,-0.34175638981071893,0.12832411899818072,0.1728005125
-0.3142185303946652,-0.27313773171431954,-0.04108079868034564,0.4103113666666667
-0.5419601484831448,-0.36481263439870787,-0.1771475140844369,0.3496421194968553
-0.2907921251024896,-0.4620115273818882,0.17121940227939864,0.3924679037433155
-0.5600928301687661,-0.28130965214015746,-0.27878317802860864,0.3993076298701298
-0.834171818067541,-0.9760720564311163,0.14190023836357524,0.3425733024691358
0.4104081048118828,0.3611980092446415,0.04921009556724126,0.3385222580645161
-0.4645481381488936,0.13003120296866805,-0.5945793411175617,0.3859531132075471
-0.2907921251024896,-0.1883702283485113,-0.10242189675397828,0.3496421194968553
-1.0932558834081347,-0.0687936001078139,-1.0244622833003207,0.5263955251396648
-0.9985413337705662,-1.1663698347686817,0.16782850099811553,0.3794539181286549
1.2731898632443803,1.0240498713024562,0.24913999194192415,0.4581912866666666
-0.6783390167023309,-0.6097747416658901,-0.0685642750364408,0.3496421194968553
2.1651726457947125,2.2306979979004806,-0.06552535210576815,0.3425733024691358
0.7609795394911119,0.7327187263943042,0.028260813096807613,0.4699289935064935
2.0183195956906954,0.23104559558400103,1.7872740001066945,0.4699289935064935
-1.0675293244590307,-0.782925103271995,-0.28460422118703566,0.3801381595092024
-0.682657835487878,-0.9017953845939808,0.21913754910610284,0.3608544807692307
-0.9830981501173568,-0.9873802132949318,0.004282063177574957,0.3794539181286549
0.1664014585105092,0.3470134132560989,-0.18061195474558972,0.38214178
-1.1178119993561066,-1.0500035884567005,-0.06780841089940615,0.3062974840764331
0.0646083820562969,-0.5715093741708038,0.6361177562271008,0.3691574802631578
-0.8238589208262678,-0.4956088101084734,-0.32825011071779436,0.3841937837837837
0.9308862284778846,0.6321514141437437,0.29873481433414095,0.2730334219653179
-0.6257729189278359,-0.458942843054681,-0.1668300758731549,0.3801381595092024
-0.959141697189345,-0.9537961371778872,-0.005345560011457806,0.3794539181286549
-1.1262702170446677,-1.1607946596733998,0.03452444262873211,0.3859531132075471
-0.2018688748651921,-0.15894850044671605,-0.04292037441847604,0.3385222580645161
1.9332143251764329,0.6794308460955722,1.2537834790808606,0.4236190132450331
1.7306705943065908,0.48267619295869474,1.247994401347896,0.3801381595092024
0.6062360803995815,0.5108434262884913,0.09539265411109021,0.4151807791411043
0.3387962538685956,-0.18362150187847673,0.5224177557470723,0.3683428963414634
-0.8278628319941247,-0.4144997413456984,-0.4133630906484263,0.5642011216216216
2.1579703621237427,2.21844248736521,-0.06047212524146728,0.2853974074074074
2.119324964934446,0.6563707055069377,1.4629542594275082,0.3972289517241379
0.3882508440611381,0.17172123254623956,0.21652961151489852,0.38214178
1.301409084939014,1.0629374059534844,0.23847167898552968,0.3978908843930636
-0.540906009261378,-0.22388007830011292,-0.3170259309612651,0.3818871419753086
2.1651726457947125,2.2317226549164917,-0.06655000912177922,0.3581031125827814
-0.6129953972222577,-0.3779339262557363,-0.2350614709665214,0.3336369019607843
1.086584752888816,1.4678106013984706,-0.3812258485096547,0.3062974840764331
-0.2907921251024896,-0.45260423330472105,0.16181210820223146,0.3330391923076923
0.1720371411515168,0.30844819140172275,-0.13641105025020595,0.3683428963414634
-1.0536386830284483,-0.7800379513190249,-0.27360073170942345,0.3859531132075471
-1.1724902841675076,0.4233137727709818,-1.5958040569384893,0.3841937837837837
-1.117647919927053,-1.1157272810476397,-0.0019206388794132945,0.32182454
2.1651726457947125,2.203422663410705,-0.03825001761599234,0.3427241592356688
-0.6937712747240198,-0.4795701078008413,-0.21420116692317848,0.4505385
-1.157542439520881,-0.8409569973925288,-0.31658544212835227,0.3547797567567567
-0.8818531756495372,-0.5806630752378458,-0.3011901004116915,0.3801381595092024
2.1651726457947125,0.8063286974915543,1.358843948303158,0.4095118375
-0.5880112075595003,-0.5304438745420706,-0.05756733301742967,0.4509778670886076
-0.3834762472646466,-0.056790509156667994,-0.3266857381079786,0.2853974074074074
-0.8843113464719002,-1.049934553250977,0.16562320677907671,0.4056208709677419
-1.2347458847471786,-0.21075229512843058,-1.023993589618748,0.3683428963414634
-0.8370485212377672,-1.2260012659088446,0.38895274467107743,0.3425733024691358
-0.862874478157936,0.7828386880080661,-1.645713166166002,0.3801381595092024
-0.1818902435938993,0.11886662218943561,-0.30075686578333494,0.4577306518518518
-0.7170864856275458,-0.0012606106967979133,-0.7158258749307479,0.3999173558282208
-0.5540612746338244,-0.3368331378506276,-0.2172281367831968,0.345568697368421
-0.000377531344516,0.5217753968724955,-0.5221529282170115,0.2560125510204081
-0.9917971994992754,0.4137392779946731,-1.4055364774939485,0.1728005125
2.157134146028449,0.4334592754984203,1.7236748705300287,0.32182454
0.1227077710250743,0.6259445009033965,-0.5032367298783222,0.3683428963414634
0.1529916241012389,-0.16792394741259933,0.3209155715138382,0.4699289935064935
-1.1254263016238002,-0.4829974415453274,-0.6424288600784728,0.4095118375
-1.1221498747677632,-0.8486994063711284,-0.2734504683966348,0.4050421041666666
0.661220133576334,0.13649561430539708,0.5247245192709369,0.4770338545454546
2.0825100178935165,0.6203893499043405,1.462120667989176,0.4103113666666667
-0.2628184139718129,0.9469552013490679,-1.2097736153208807,0.37639671875
0.3674183357427941,0.28368866453109043,0.08372967121170366,0.4095118375
-0.6253548956609977,-1.2227104332687095,0.5973555376077119,0.3608544807692307
-0.4845518269032545,-0.9864290426562263,0.5018772157529718,0.4770338545454546
0.0565841605766577,0.33335372746909586,-0.27676956689243815,0.3978908843930636
2.1651726457947125,1.843330163059522,0.32184248273519045,0.3691574802631578
-0.2907921251024896,-0.14059304675529385,-0.15019907834719573,0.4270410310559006
-0.2907921251024896,0.2207191013641114,-0.511511226466601,0.3683428963414634
1.1258088214886626,-0.23908207866241096,1.3648909001510736,0.4142846265822784
-0.1438707213132329,-0.37813309976911674,0.23426237845588385,0.3754729428571428
-0.4731605732379661,0.13239908572043252,-0.6055596589583987,0.2560125510204081
-1.0780184986314796,0.04322087582694131,-1.1212393744584208,0.3794539181286549
-0.8281474665243166,-0.6984878093387057,-0.1296596571856109,0.3496421194968553
1.4023188345041004,0.2434691237216896,1.1588497107824107,0.3448446496815286
-0.2907921251024896,-1.004028369609894,0.7132362445074043,0.1728005125
1.6180462675766492,2.1081303993237683,-0.4900841317471192,0.3993076298701298
-0.0254743641969408,0.18370370597962166,-0.20917807017656245,0.3683428963414634
0.5466250721914812,1.375790038647691,-0.8291649664562097,0.3999173558282208
-0.1721816393951773,-0.05345649008409625,-0.11872514931108105,0.4135580243902439
-1.0152898221686817,-0.32629224554312397,-0.6889975766255577,0.4050421041666666
1.241760996219874,1.8038652977254257,-0.5621043015055518,0.3924679037433155
0.0518026643930365,0.6453845650979337,-0.5935819007048972,0.4270410310559006
2.1651726457947125,2.1833434559726235,-0.018170810177911,0.3062974840764331
2.1651726457947125,2.064021962649121,0.10115068314559128,0.4236190132450331
-0.4201307482095868,-0.006236470748628899,-0.4138942774609579,0.3234683624161074
-0.448893771443512,-0.2685849699654202,-0.1803088014780918,0.3427241592356688
0.3532233676563992,0.4957466816665893,-0.14252331401019008,0.4505385
-0.7347715412818613,1.026826099356698,-1.7615976406385592,0.4862467272727273
0.2831255791451827,-0.4324988242558108,0.7156244034009935,0.4135580243902439
-0.3791348070576828,0.39722144491572065,-0.7763562519734035,0.3989209285714286
-0.1126483201208493,0.020275430926321274,-0.13292375104717058,0.3859531132075471
0.0369348052892888,-0.04446565008229403,0.08140045537158283,0.4270410310559006
-0.6588270665433827,-0.6913797585061948,0.032552691962812075,0.3841937837837837
0.4195142347937227,0.37952946645605345,0.03998476833766923,0.4108178661971831
-1.215247785118038,-0.9673703637546178,-0.24787742136342028,0.37639671875
1.7588416296004026,0.25319212354119847,1.5056495060592041,0.4095118375
-0.0068118991222102,0.6592029288969048,-0.666014828019115,0.4236190132450331
1.439816059461841,0.6315437577731511,0.8082723016886899,0.2560125510204081
-0.1424430742956626,-0.271728606022886,0.1292855317272234,0.4056208709677419
-0.15990401148571,-0.2524572179483209,0.09255320646261087,0.5528236513157895
-1.1751823212662915,-1.1420289279946267,-0.03315339327166478,0.3924679037433155
1.273451973019124,0.8907508437521967,0.38270112926692734,0.4699289935064935
0.6025697569042883,0.3409914645983709,0.2615782923059174,0.451932013245033
1.626980208131963,-0.05328969058212755,1.6802698987140907,0.4142846265822784
-0.6290743521607525,-0.13678726241945321,-0.49228708974129926,0.3691574802631578
0.1676530042991878,0.29153585407473837,-0.12388284977555056,0.4151807791411043
0.650458922152984,0.8197883849096249,-0.16932946275664096,0.3999173558282208
-0.5228222346134533,-0.047093984709424906,-0.47572824990402846,0.3972289517241379
-1.23207376159072,-0.564193029124483,-0.667880732466237,0.3425733024691358
0.1269397350413689,0.4562651585786583,-0.3293254235372894,0.2308548911564625
-1.1652535642850597,-1.2120704965428102,0.04681693225775052,0.3993076298701298
1.151351570890197,1.5685189056907336,-0.4171673348005367,0.3279570604026846
-0.1736100625137031,-0.5122514339875208,0.33864137147381773,0.4489242193548386
-0.3616459607384838,0.13855966733277444,-0.5002056280712582,0.3978908843930636
0.2733955507568394,1.1593768171417729,-0.8859812663849335,0.3960697315436241
-0.938144547313491,-1.0515692629254816,0.11342471561199063,0.4699289935064935
-1.0646710563606574,-0.9179306903098658,-0.14674036605079155,0.4577306518518518
-0.3655662245456311,-0.17132268649240487,-0.19424353805322622,0.345568697368421
0.2304985322887635,-0.22111519070932148,0.451613722998085,0.2853974074074074
-0.7691981384582055,-0.6887156584905072,-0.0804824799676983,0.4577306518518518
-0.6640695460935901,0.05055097088260216,-0.7146205169761923,0.5528236513157895
-0.879594864887306,-1.0081148796185877,0.12852001473128172,0.3913449937106918
-1.1724558643476457,-1.2344009963264753,0.06194513197882956,0.3427241592356688
-0.8604660178100935,-0.5853637300807437,-0.27510228772934975,0.4577306518518518
0.3144333728359526,1.2345451690597746,-0.9201117962238221,0.4505385
2.1651726457947125,2.217862792169726,-0.05269014637501357,0.4103113666666667
0.2075509186909165,0.15037778157040724,0.057173137120509254,0.3989209285714286
-0.351848276472364,-0.08551584490242906,-0.2663324315699349,0.4103113666666667
-0.2866577006143897,1.2442013414521302,-1.53085904206652,0.3801381595092024
-0.2907921251024896,0.06171735828120727,-0.35250948338369686,0.4142846265822784
0.395584066293475,1.0738661882622718,-0.6782821219687968,0.38214178
-0.7645401936642043,-0.227714812731393,-0.5368253809328114,0.3425733024691358
-1.1592845507208176,-1.1564642650946202,-0.002820285626197405,0.3960697315436241
-0.2907921251024896,-0.3235758640696832,0.03278373896719361,0.345568697368421
0.227979555006398,-0.027295517204273628,0.25527507221067164,0.3801381595092024
0.4839098784524026,0.3811036486256055,0.1028062298267971,0.3993076298701298
-0.3114170135396639,1.7099488334805342,-2.0213658470201983,0.3999173558282208
1.046274039550463,0.31142531810395435,0.7348487214465087,0.3571249225352113
0.3189056139840342,0.3737914878380195,-0.0548858738539853,0.3691574802631578
-0.6045473533099888,0.49467855067464955,-1.0992259039846384,0.4862467272727273
0.5425285209546005,0.7342978207147411,-0.19176929976014068,0.4108178661971831
2.1651726457947125,1.3422900920940875,0.822882553700625,0.5642011216216216
-0.9351702586591176,-0.61224874657609,-0.32292151208302766,0.4151807791411043
0.8009639845833938,0.13676327105255334,0.6642007135308404,0.3062974840764331
-0.2907921251024896,0.2528062756589145,-0.5435984007614041,0.3794539181286549
2.1651726457947125,1.1007813479095234,1.064391297885189,0.2853974074074074
0.3857194317319174,0.687638483261866,-0.30191905152994863,0.4505385
-0.1310209798283945,-0.3745050209482663,0.24348404111987182,0.5642011216216216
-1.0368472868252898,-0.38273013672889306,-0.6541171500963967,0.4862467272727273
1.4180267858500275,0.6299401096377742,0.7880866762122533,0.4095118375
-0.941606709509208,-0.38035045276790613,-0.5612562567413019,0.3547797567567567
-0.6397793352877758,-0.35617362809014946,-0.2836057071976263,0.3427241592356688
0.2657995690276724,0.28797187027993226,-0.022172301252259885,0.3691574802631578
-0.4635447188479129,-0.6280994557530761,0.16455473690516326,0.3691574802631578
-1.1778688143340543,-0.244238459562847,-0.9336303547712073,0.4505385
-0.5308695410357538,-0.4714772693139153,-0.059392271721838474,0.1728005125
0.3824848307351813,-0.24270253270167724,0.6251873634368585,0.4142846265822784
0.0700491821422288,-0.9059437898908659,0.9759929720330947,0.5528236513157895
1.3093973019107756,1.5263600897488463,-0.21696278783807066,0.3859531132075471
0.2627860993582956,0.2909867691043314,-0.0282006697460358,0.3330391923076923
-0.8226371976775188,-0.9412240570972643,0.11858685941974556,0.4236190132450331
-0.5922047722081549,-0.4664658628221483,-0.12573890938600663,0.3427241592356688
-0.2526074129622598,0.0068077675497104605,-0.25941518051197027,0.4505385
1.3357962998449766,0.5417081974396191,0.7940881024053575,0.4095118375
0.6540913705649207,0.666070635266938,-0.011979264702017267,0.32182454
-1.0170689596040932,-0.9265747440525143,-0.09049421555157888,0.4577306518518518
-0.2907921251024896,-0.9970774913609394,0.7062853662584498,0.3448446496815286
-1.095753557729512,-0.9657553707686346,-0.1299981869608775,0.32182454
-0.8774008227322184,-0.8080646291498403,-0.06933619358237808,0.1728005125
0.0868624672447693,-0.32463039835540053,0.41149286560016984,0.4581912866666666
-0.6846983344479698,-0.15481363422010994,-0.5298847002278598,0.3672524791666667
-0.6871045485005507,-0.8169878933857663,0.12988334488521558,0.4056208709677419
-1.1908206306053355,-0.42494201297834283,-0.7658786176269927,0.5528236513157895
-0.6345304052650026,-0.3696376551107705,-0.2648927501542321,0.4236190132450331
-0.6525145291841242,-0.5359844897891314,-0.11653003939499285,0.4509778670886076
-0.8045226832514754,-0.3215126250439223,-0.48301005820755305,0.3999173558282208
-0.8003117959819548,0.4093378692914599,-1.2096496652734148,0.4236190132450331
-1.1455505879093208,-0.8928264758400737,-0.25272411206924716,0.3062974840764331
0.539030826488035,0.42097447802856003,0.11805634845947499,0.3691574802631578
-0.1606612027552348,-0.25006278025569756,0.08940157750046276,0.3999173558282208
1.6476806414200256,2.087402428424092,-0.4397217870040666,0.38214178
-0.2907921251024896,-0.5590046592314611,0.26821253412897156,0.3608544807692307
-0.2907921251024896,0.5213030971264707,-0.8120952222289604,0.3385222580645161
-0.2907921251024896,0.10990517345411693,-0.4006972985566065,0.4577306518518518
-0.2907921251024896,-0.5025696078836783,0.21177748278118874,0.32182454
0.0653330159105498,-0.1878037717106667,0.2531367876212165,0.4505385
-0.2889789841051405,-0.041517736704655146,-0.24746124740048536,0.3547797567567567
-0.7913447132614915,-1.1802062489625527,0.3888615357010612,0.4489242193548386
-0.5678008588487349,-0.5897186397217744,0.021917780873039527,0.4770338545454546
-1.0072728042845875,-0.9938407653009893,-0.013432038983598238,0.5642011216216216
-0.0433629088469425,-0.28013844223820944,0.23677553339126695,0.3794539181286549
-0.6105559839557587,0.04394146859920478,-0.6544974525549635,0.4770338545454546
-0.707132180306133,-0.20661716765295243,-0.5005150126531805,0.2853974074074074
-0.8812111424695602,-0.8034737265530262,-0.07773741591653405,0.3581031125827814
0.308068738065851,-0.17473275270554484,0.48280149077139584,0.3330391923076923
0.0232011176984829,0.6110467262045615,-0.5878456085060786,0.3330391923076923
0.2437644576138266,0.359730398072436,-0.11596594045860942,0.3754729428571428
-0.5386383844953373,-0.06649492233706493,-0.47214346215827235,0.5263955251396648
0.4178573309609952,-0.2171459405858991,0.6350032715468943,0.3330391923076923
-0.8958862865941166,-0.2451193971385544,-0.6507668894555623,0.4770338545454546
1.8014603637793352,0.4208894468731693,1.3805709169061657,0.32182454
-0.3258366044172874,-0.7718519469654033,0.44601534254811587,0.3330391923076923
-0.1022705687302102,0.0022472132950384907,-0.1045177820252487,0.3972289517241379
-0.1220478669738613,-0.2812005754390695,0.1591527084652082,0.3960697315436241
-0.1471612079175125,-0.28614210883500796,0.13898090091749546,0.3385222580645161
-0.2907921251024896,-0.4540744211915303,0.1632822960890407,0.1728005125
-1.2913418853065666,1.0063851506127444,-2.297727035919311,0.4056208709677419
-0.7739702291222846,0.019588429311859824,-0.7935586584341444,0.5642011216216216
-0.5870361006907711,-0.1979547573720394,-0.3890813433187317,0.3924679037433155
0.5590602957393709,-0.38097198969349233,0.9400322854328632,0.4077540532544379
-1.2253132179938837,-1.1708160740692024,-0.0544971439246813,0.3841937837837837
0.2948666130726233,0.09399992501542581,0.20086668805719748,0.4489242193548386
0.2270927988524074,1.0631804523051345,-0.8360876534527271,0.4108178661971831
-0.073754744941494,0.012420458731570803,-0.0861752036730648,0.3993076298701298
0.344860755859717,0.22916932784258295,0.11569142801713403,0.3062974840764331
-0.2907921251024896,-0.5393850623908388,0.24859293728834925,0.32182454
-0.9856938373924736,-0.5479013318145164,-0.43779250557795724,0.3683428963414634
-0.8018912882013126,-0.6311173883905941,-0.17077389981071855,0.2560125510204081
-0.4610503676173034,-0.2412197303806715,-0.2198306372366319,0.3999173558282208
1.0699633529039705,1.0576892792206842,0.012274073683286257,0.3978908843930636
-1.1904735184823945,-1.0786960520015432,-0.1117774664808513,0.4509778670886076
0.981272238859954,0.15906077905540017,0.8222114598045538,0.3571249225352113
-0.6298586285216609,-0.6947020914967799,0.064843462975119,0.3754729428571428
-0.9885368358333044,-0.03439918939422797,-0.9541376464390765,0.5263955251396648
0.1488511259001489,0.15305650041239274,-0.004205374512243842,0.4142846265822784
-1.1997346188688738,-0.3934730737744068,-0.806261545094467,0.2308548911564625
1.1842091015096357,1.1263311228413022,0.05787797866833344,0.3385222580645161
2.1651726457947125,1.0485865890614268,1.1165860567332857,0.4151807791411043
2.1651726457947125,0.4223214274986731,1.7428512182960394,0.4509778670886076
-0.4674979631820323,-0.035681717311876165,-0.4318162458701561,0.4151807791411043
-0.6999381447877182,-0.08428971693695801,-0.6156484278507602,0.4050421041666666
-0.2584221292973315,-0.020278409051079666,-0.23814372024625183,0.4770338545454546
2.1651726457947125,2.0240395094508923,0.1411331363438202,0.3425733024691358
-0.2907921251024896,-0.9303503126982847,0.6395581875957952,0.3913449937106918
-0.6524033989753392,-0.7551312713346261,0.10272787235928693,0.3496421194968553
-1.1103322628917005,-0.6484251087567574,-0.4619071541349431,0.3062974840764331
-0.1956005003838846,0.9347990583879864,-1.130399558771871,0.3841937837837837
1.1380147418692708,1.1863623775750491,-0.04834763570577838,0.4862467272727273
1.2199857320424583,1.3827331630018511,-0.1627474309593928,0.3691574802631578
-0.6111825977251761,0.18021839368619602,-0.7914009914113722,0.3062974840764331
-1.178149884227408,-1.0244164712474664,-0.1537334129799417,0.37639671875
-0.6922525136919842,-0.22486338995818111,-0.46738912373380304,0.32182454
-0.4588994967216416,1.275725994307593,-1.7346254910292345,0.5528236513157895
1.1271665500901429,0.04799378233301111,1.0791727677571317,0.4142846265822784
-0.3841692784781566,-0.34461947657477776,-0.03954980190337881,0.5642011216216216
2.1651726457947125,0.6192017932892662,1.5459708525054463,0.4077540532544379
2.1651726457947125,2.0310004658447305,0.13417217994998198,0.2560125510204081
-0.2907921251024896,-0.14897958413750606,-0.14181254096498352,0.3801381595092024
2.1651726457947125,1.0068470922358013,1.1583255535589112,0.3330391923076923
-1.124532620541652,0.269937452485381,-1.394470073027033,0.3496421194968553
-0.6104202835554702,-0.32741085460404945,-0.2830094289514207,0.3425733024691358
-1.154319989238353,-1.2460526706097317,0.09173268137137858,0.3794539181286549
-0.7704490654262142,-0.12301195091119847,-0.6474371145150157,0.3672524791666667
-0.3654803205891879,-0.1510037093557514,-0.2144766112334365,0.3427241592356688
2.1651726457947125,0.2313618738817096,1.9338107719130029,0.4509778670886076
-0.2907921251024896,-0.01692723203343255,-0.27386489306905704,0.3960697315436241
-0.8212600316890161,-0.243124686312006,-0.5781353453770101,0.3427241592356688
-0.8480873711898942,-0.9645979464562889,0.11651057526639474,0.4509778670886076
-0.2907921251024896,-0.17883597443785032,-0.11195615066463926,0.4770338545454546
0.2831038962552429,0.302138579666007,-0.019034683410764086,0.3924679037433155
-0.4846568097110565,-0.12219631481298336,-0.36246049489807314,0.345568697368421
-1.247993197475714,-1.1179616635001033,-0.13003153397561062,0.4699289935064935
-1.196720922589111,-0.20199170109842213,-0.9947292214906888,0.3608544807692307
2.1651726457947125,0.039072034286973145,2.126100611507739,0.4077540532544379
-0.1415956477211769,0.014040464627260843,-0.15563611234843772,0.3385222580645161
-0.7786487039456945,1.326671968181718,-2.1053206721274127,0.4050421041666666
0.1216715950343036,1.3775009106432379,-1.2558293156089342,0.3972289517241379
-0.2907921251024896,-0.7477102344108928,0.4569181093084032,0.4050421041666666
0.2516111128205039,-0.8227719771727662,1.07438308999327,0.3691574802631578
-0.5734394640506146,0.2117303139637316,-0.7851697780143463,0.37639671875
2.1651726457947125,0.9240909004137166,1.241081745380996,0.3062974840764331
2.1651726457947125,2.3561942631268193,-0.19102161733210687,0.3993076298701298
2.1651726457947125,1.941359321134024,0.22381332466068837,0.4509778670886076
-0.3078191774871826,-0.2756301156456174,-0.032189061841565225,0.3425733024691358
-0.2907921251024896,-0.11929995989583266,-0.17149216520665694,0.3989209285714286
-0.8226928939148447,-0.8511676344759898,0.028474740561145073,0.4270410310559006
0.002003144272184,0.3163441638146935,-0.3143410195425095,0.4862467272727273
2.1651726457947125,2.1153498645053057,0.04982278128940676,0.4581912866666666
-0.0032617827799302,0.4270633079045229,-0.4303250906844531,0.3972289517241379
-0.2907921251024896,-0.5054921796094549,0.21470005450696533,0.5263955251396648
2.1651726457947125,1.1709339743745806,0.9942386714201319,0.2560125510204081
0.8657172190352809,0.003261469745092685,0.8624557492901882,0.4142846265822784
-0.2907921251024896,0.12601922957805,-0.4168113546805396,0.4050421041666666
-0.8775509509245415,-0.8865944729920852,0.009043522067543663,0.3336369019607843
-0.3781087944634976,-0.6622599260191828,0.2841511315556852,0.3496421194968553
-0.5980408786620555,0.5010607301430092,-1.0991016088050647,0.4050421041666666
0.0629542565778319,-0.3251120554677372,0.3880663120455691,0.4108178661971831
0.1598050048809015,0.33016032267320267,-0.17035531779230118,0.1728005125
-0.5233776935139567,0.04790201153706401,-0.5712797050510207,0.3385222580645161
-1.212253936659493,-0.8139556937316172,-0.39829824292787586,0.4505385
-0.4256326918978968,0.5493171935746769,-0.9749498854725738,0.3547797567567567
0.2197713290625634,-0.26129432635603284,0.48106565541859625,0.3691574802631578
-0.6745791867098412,-0.43240896593197264,-0.24217022077786854,0.3801381595092024
1.1192874646394066,0.3312183835353948,0.7880690811040119,0.3978908843930636
-0.7566573830081165,-0.8717638597930217,0.11510647678490527,0.3754729428571428
-0.6849795749726052,-0.7288873713893144,0.043907796416709166,0.4056208709677419
-0.3812366584027987,0.03164911444556251,-0.4128857728483612,0.3999173558282208
0.7010532623564537,0.9395640295011377,-0.238510767144684,0.3913449937106918
-1.155037381385314,0.2614230593790588,-1.4164604407643728,0.3818871419753086
-0.933791371580579,-1.0489104470950057,0.11511907551442668,0.3234683624161074
-0.6831552306271609,-0.21010311307390347,-0.4730521175532574,0.3496421194968553
-0.2907921251024896,-0.20814692511698493,-0.08264519998550465,0.3547797567567567
-0.2455798988375132,-0.6119878732661674,0.36640797442865425,0.3425733024691358
2.1651726457947125,1.6411763572099725,0.52399628858474,0.4270410310559006
-1.14041921717461,-0.6903908763768832,-0.4500283407977267,0.3818871419753086
-0.3688270762955107,0.13539726332436078,-0.5042243396198715,0.3960697315436241
0.3459100265237292,0.10602078091032935,0.23988924561339986,0.3913449937106918
0.8492251945646835,-0.4252650443607827,1.2744902389254662,0.3234683624161074
-0.791989702280789,-0.6222216520055912,-0.1697680502751978,0.4770338545454546
-1.1046639777510463,-0.6431298022707623,-0.46153417548028397,0.3972289517241379
-0.4746484356269096,-0.009044256841935262,-0.46560417878497434,0.5263955251396648
-1.1637476025800366,-0.9590704794669851,-0.20467712311305153,0.3999173558282208
0.6771377585590986,-0.45570447246287626,1.132842231021975,0.32182454
-0.4989978777128396,-0.057287933675923323,-0.44170994403691627,0.3672524791666667
-1.2909457133027695,-0.108384976155184,-1.1825607371475855,0.3448446496815286
-0.6063170469160253,-0.1193349044190567,-0.4869821424969686,0.3581031125827814
0.8876041355761823,0.28861580748528276,0.5989883280908996,0.3581031125827814
-0.6339649501524994,-0.44440297958056607,-0.18956197057193336,0.345568697368421
-0.8117256227356756,-0.7407138933547405,-0.07101172938093514,0.4050421041666666
-1.0685332853271403,-0.8654882325145594,-0.2030450528125809,0.3754729428571428
-1.14041921717461,-0.6684944774226246,-0.47192473975198534,0.4270410310559006
-1.0962260310746383,-0.811416444775038,-0.2848095862996003,0.3989209285714286
-0.3758776377265784,-0.4187311578217828,0.04285352009520438,0.4489242193548386
-0.7596919943964757,-0.4688474327101675,-0.29084456168630823,0.3496421194968553
-1.11909318800186,-1.039369867654303,-0.07972332034755691,0.3859531132075471
1.7743725586175292,0.42093203094576687,1.3534405276717623,0.3691574802631578
-0.0495235007728968,1.3893206993678977,-1.4388442001407946,0.451932013245033
-0.7174595465413293,-0.07231052007598275,-0.6451490264653466,0.3841937837837837
1.2895334072020186,0.7855756247504206,0.503957782451598,0.2730334219653179
-0.0300352345686797,-0.02734317825772665,-0.002692056310953053,0.4095118375
-0.3963313525222443,-0.34111232069327035,-0.05521903182897392,0.4509778670886076
-0.800843213976752,-0.7391305930382988,-0.0617126209384532,0.5642011216216216
-1.1637006421334806,-1.0349136711399862,-0.12878697099349434,0.3794539181286549
2.1651726457947125,0.5643978127564817,1.6007748330382308,0.4135580243902439
-1.0160674413344728,-0.894401387915848,-0.1216660534186248,0.5642011216216216
-0.0930307881420293,0.23852734630977335,-0.33155813445180266,0.5263955251396648
-0.2907921251024896,-1.1999275052494227,0.9091353801469331,0.4142846265822784
-0.4684350902292737,-0.37356320835811785,-0.09487188187115586,0.2853974074074074
-1.1671184604006406,-1.1997265033335238,0.03260804293288322,0.3425733024691358
-0.0830935891315683,-0.11471481392017226,0.03162122478860396,0.3993076298701298
2.1651726457947125,1.8146444370298012,0.3505282087649113,0.4699289935064935
-0.076627263346844,0.15621544800908824,-0.23284271135593224,0.4505385
-0.2907921251024896,-0.7595395275479511,0.4687474024454615,0.4050421041666666
-0.3909509674783754,-0.3936026106270623,0.002651643148686933,0.2308548911564625
1.054782705306581,-0.07425204277092942,1.1290347480775105,0.4581912866666666
-0.4554130194691917,0.3027295887319507,-0.7581426082011424,0.2730334219653179
1.5118132894950254,1.6385166171047207,-0.12670332760969538,0.3062974840764331
-0.7250780042967876,-0.6911707868516953,-0.033907217445092286,0.3691574802631578
-0.5983108223420026,-0.9490674562050833,0.35075663386308065,0.3427241592356688
-1.0691253239772704,-0.9790067767058271,-0.0901185472714433,0.3448446496815286
2.1651726457947125,1.1795102243648972,0.9856624214298153,0.3913449937106918
-0.3419508919559408,-0.05271689298862804,-0.2892339989673128,0.3841937837837837
2.1651726457947125,0.6835166887236278,1.4816559570710846,0.3913449937106918
-1.1606605251427846,-1.1271797519642694,-0.033480773178515166,0.4056208709677419
-0.2907921251024896,-0.193270752305758,-0.09752137279673159,0.3978908843930636
0.7001132091827925,-0.4072906342959991,1.1074038434787916,0.32182454
-0.6918725787977629,-0.2814464200048486,-0.4104261587929143,0.3924679037433155
-0.6183684816084407,0.1866958061395675,-0.8050642877480082,0.4142846265822784
2.1651726457947125,1.5977315876544724,0.56744105814024,0.4707778461538461
-0.0304073355576978,0.323198307698392,-0.3536056432560898,0.4135580243902439
-0.2907921251024896,0.41288966088099965,-0.7036817859834892,0.4862467272727273
-0.0217906911410851,0.03076030749387061,-0.052550998634955715,0.2853974074074074
0.0154989614761263,0.8664734356748782,-0.8509744741987519,0.3841937837837837
-0.2994002288430445,0.31787256250448753,-0.617272791347532,0.451932013245033
-0.6858714643272489,-0.6893074362195419,0.003435971892293055,0.4270410310559006
-0.2907921251024896,1.053431886263999,-1.3442240113664887,0.1728005125
-1.0876633030926242,-0.25982733673493785,-0.8278359663576863,0.3330391923076923
-1.185513554972206,-1.0370849771495803,-0.14842857782262575,0.37639671875
0.6631798288983595,-0.1514665742374332,0.8146464031357927,0.3683428963414634
2.1651726457947125,2.067600460458448,0.09757218533626455,0.3385222580645161
0.6111225336398247,1.5566689420031279,-0.9455464083633032,0.4108178661971831
-0.8682616088225135,-0.7013298050531976,-0.16693180376931582,0.4135580243902439
-0.5583001320429851,-0.4919279245558281,-0.066372207487157,0.4077540532544379
-0.7190934355538402,-0.23265785586468615,-0.4864355796891541,0.3448446496815286
-0.3274369947098453,-0.530691209056435,0.2032542143465897,0.3801381595092024
0.0409525258246821,1.1692084161545584,-1.1282558903298763,0.345568697368421
-0.5727807195431733,-0.4545553865035212,-0.11822533303965216,0.3859531132075471
-0.0176825803974774,1.565545049315921,-1.5832276297133985,0.4862467272727273
2.1651726457947125,0.6718412548407863,1.493331390953926,0.2730334219653179
-0.9865941900904,-0.29743455383666156,-0.6891596362537384,0.4862467272727273
0.0507000190596408,-0.03073078794807694,0.08143080700771774,0.3581031125827814
-0.1024635350013035,-0.16642462946521824,0.06396109446391475,0.2730334219653179
-0.1038791027344783,-0.4529950072337787,0.3491159044993004,0.4077540532544379
-0.5835563290456574,-0.49308581878272734,-0.09047051026293002,0.3448446496815286
0.2485609809977239,0.43351398402323166,-0.18495300302550777,0.3683428963414634
1.3085368896103498,0.3539844256356288,0.9545524639747209,0.3672524791666667
-0.5716826606930656,0.23396304163053144,-0.805645702323597,0.3999173558282208
0.3356164355365444,0.13762362646136334,0.19799280907518108,0.3385222580645161
-0.8893721205440499,-1.0979749817840634,0.20860286124001348,0.3330391923076923
-1.1507953768649897,-1.2172784793496658,0.06648310248467615,0.3385222580645161
0.758116009832356,0.8307090858400578,-0.0725930760077017,0.1728005125
0.667942138075665,1.0557353293240626,-0.3877931912483975,0.4135580243902439
2.1651726457947125,1.232083019403651,0.9330896263910615,0.3859531132075471
-1.1196673503411312,-0.7173721692606448,-0.40229518108048634,0.4056208709677419
-0.7620560882339569,-0.19296539009845978,-0.5690906981354971,0.5263955251396648
-0.3996718966477197,0.08573659569154211,-0.4854084923392618,0.4135580243902439
-0.2553802849966987,0.010688170769453869,-0.26606845576615257,0.3330391923076923
-1.0988933257263316,-0.29670695406734615,-0.8021863716589854,0.5642011216216216
-0.5666313606782145,-0.4924069257646595,-0.07422443491355502,0.345568697368421
0.8674631106273291,0.4628521158811699,0.40461099474615914,0.4489242193548386
0.2734308405704215,-0.19358897916045442,0.4670198197308759,0.4135580243902439
-0.3563759563459688,-0.41067963399697566,0.054303677651006854,0.32182454
0.4143912232882923,0.966446582533683,-0.5520553592453907,0.3794539181286549
2.150646499851168,1.139976468973118,1.01067003087805,0.4270410310559006
-1.016020087291031,-0.9923271521495481,-0.02369293514148285,0.3336369019607843
-0.7866774984387734,-0.8922974743531377,0.10561997591436423,0.3801381595092024
-1.133270912582938,-0.719182471139239,-0.41408844144369905,0.3547797567567567
2.1651726457947125,1.8953026279801093,0.2698700178146032,0.4489242193548386
0.1513844953190684,-0.3739631364580391,0.5253476317771075,0.3972289517241379
0.7408543994549229,1.8527784174506643,-1.1119240179957415,0.4236190132450331
0.4188773752239432,-0.07416409233288013,0.4930414675568233,0.38214178
-0.3820946635621298,-0.5065170138074078,0.12442235024527798,0.38214178
-1.2096097991330004,-0.8991590721141927,-0.3104507270188077,0.4770338545454546
-0.0503762202053532,0.9027687254816203,-0.9531449456869735,0.3754729428571428
-0.3928238714186691,-0.2629542698621755,-0.12986960155649357,0.3581031125827814
0.0053423536941787,-0.37036142642713266,0.37570378012131134,0.3425733024691358
1.0379271934186718,1.0624081409117414,-0.024480947493069616,0.2730334219653179
-1.1212222087041446,-1.1398019997885627,0.018579791084418096,0.37639671875
-0.2907921251024896,-0.29520278218232515,0.004410657079835567,0.3496421194968553
1.4364383219163053,1.3753259933800308,0.06111232853627446,0.3801381595092024
0.3290046639164101,0.3690504444892609,-0.0400457805728508,0.3691574802631578
2.1651726457947125,1.5011554321772334,0.6640172136174791,0.3960697315436241
2.1651726457947125,1.3028610188804488,0.8623116269142637,0.2853974074074074
-0.9744042822690758,-0.10738931363060783,-0.867014968638468,0.4151807791411043
-1.14582078315849,-1.0219546019429784,-0.12386618121551152,0.3385222580645161
-0.4129794477652217,0.2219601844822089,-0.6349396322474306,0.37639671875
-0.1446893319208504,-0.09465691058999144,-0.05003242133085896,0.3993076298701298
-0.608831861222975,0.7420923052645747,-1.3509241664875495,0.4862467272727273
-0.8654621065021514,-0.5546182863797519,-0.31084382012239953,0.3672524791666667
-0.2907921251024896,0.024275671366992407,-0.315067796469482,0.4077540532544379
-1.1094754798041493,-0.9859393281461446,-0.12353615165800469,0.4151807791411043
0.7756424821914438,0.2718776358410454,0.5037648463503984,0.32182454
-1.1429014979158427,-0.9987352858378887,-0.144166212077954,0.345568697368421
2.1651726457947125,2.078684666803529,0.08648797899118366,0.4135580243902439
1.4396914863446233,0.46245233675076863,0.9772391495938546,0.32182454
-1.014917634021823,-0.9831931198302475,-0.031724514191575404,0.4489242193548386
-0.2090657711416461,-0.1333791319821941,-0.07568663915945201,0.4699289935064935
-1.1379849806084503,-1.1493657133553818,0.011380732746931521,0.3993076298701298
-0.7541056030800084,-1.0681195237234655,0.3140139206434571,0.3924679037433155
-0.625539303824465,0.4536735621718369,-1.0792128659963018,0.3754729428571428
-1.1683919530882825,-0.5988859981931692,-0.5695059548951132,0.5528236513157895
2.1651726457947125,1.4223593576662248,0.7428132881284877,0.4505385
-1.1050937520737754,-0.9913192532002515,-0.11377449887352387,0.3062974840764331
1.1457161988480404,0.5082745737512953,0.6374416250967452,0.3691574802631578
0.6004702980419031,1.0276810771750056,-0.42721077913310246,0.4142846265822784
-0.6592033301116449,-0.34893250054945985,-0.31027082956218505,0.4142846265822784
-0.0989762352957737,-0.24368779366089746,0.14471155836512375,0.2730334219653179
-0.8055181715851122,-0.27228968565697137,-0.5332284859281409,0.4770338545454546
0.2278416035567839,-0.3629402165725891,0.5907818201293731,0.3754729428571428
-0.2907921251024896,-1.2524677957777963,0.9616756706753067,0.4142846265822784
-1.0601161166838151,-1.034851908483428,-0.025264208200387106,0.32182454
-1.12708743498884,-1.1394821625625888,0.01239472757374882,0.3672524791666667
-0.7019152455305586,-0.5919622408572877,-0.10995300467327096,0.4077540532544379
0.1138962492036218,-0.25053880565097697,0.36443505485459876,0.4056208709677419
-1.0238073352379884,-0.9025203556090908,-0.12128697962889756,0.3062974840764331
-1.1441721034603896,-1.1211585144446288,-0.023013589015760783,0.4505385
-0.2202215326406096,-0.06339085014979191,-0.15683068249081766,0.4862467272727273
-0.4813902332757222,-0.4949496758663032,0.01355944259058095,0.3794539181286549
-0.1025024680126327,0.22375247302791368,-0.32625494104054636,0.3754729428571428
-0.6949111439827201,-0.13036898533887742,-0.5645421586438427,0.3859531132075471
-0.5114774931260987,-0.5879700089952575,0.07649251586915884,0.3801381595092024
-0.4393972931863311,-0.25799471412928143,-0.18140257905704965,0.3062974840764331
2.1651726457947125,2.073289864753464,0.09188278104124858,0.3801381595092024
-0.8777316192242929,-1.0683265481747122,0.1905949289504193,0.3330391923076923
-0.9168655202645914,-0.9264655186339604,0.009599998369368978,0.3794539181286549
-0.2907921251024896,0.04585039455720426,-0.33664251965969383,0.3234683624161074
-1.0690047771561273,-0.8242646849188406,-0.24474009223728665,0.4095118375
-0.532955478151477,-0.20222847441204359,-0.3307270037394334,0.3989209285714286
-0.1245885140724907,0.9259898441923604,-1.0505783582648511,0.37639671875
-0.9566930632571607,0.35568052768280944,-1.3123735909399703,0.3385222580645161
-0.0335154637924577,-0.07362662037148042,0.04011115657902272,0.3859531132075471
-0.0386043070472487,-0.017355843501033204,-0.0212484635462155,0.3581031125827814
0.6750730233805026,0.24815281923679267,0.4269202041437099,0.4707778461538461
-0.2907921251024896,-0.5523584323059888,0.2615663072034992,0.3427241592356688
-0.4619000488066626,0.10788063449131138,-0.5697806832979739,0.3448446496815286
-0.5517712590184732,-0.19580851253191978,-0.35596274648655346,0.4577306518518518
-1.1399680440172684,-0.574137924041211,-0.5658301199760574,0.4050421041666666
-0.2907921251024896,-0.5865013895859121,0.29570926448342255,0.4699289935064935
1.805402611170973,1.7585548451613235,0.04684776600964935,0.4142846265822784
-0.2907921251024896,-0.39026957729880135,0.09947745219631177,0.4050421041666666
0.1852992196464229,-0.20756836713819085,0.39286758678461375,0.3234683624161074
1.8349884551324005,1.36057399268454,0.47441446244786056,0.2853974074074074
-0.07622575371764,-0.13502236497168563,0.05879661125404563,0.4581912866666666
0.1704063395074314,0.4655097374826268,-0.2951033979751954,0.3547797567567567
0.1857438573523044,-0.4634696221106225,0.6492134794629268,0.4489242193548386
-0.2907921251024896,0.08249332729884216,-0.37328545240133176,0.1728005125
0.2407464295893741,1.013928311418007,-0.773181881828633,0.4509778670886076
0.4594447026390031,0.5071457970392421,-0.04770109440023901,0.4142846265822784
-1.0985488229902935,-1.2967165063258568,0.19816768333556323,0.4707778461538461
1.3452511055614222,0.9602379590710436,0.38501314649037865,0.3672524791666667
-0.9258462554684777,-1.2126341121254698,0.28678785665699214,0.4699289935064935
-0.1232383991045793,0.2518708280187748,-0.3751092271233541,0.3672524791666667
-1.166038796609013,-0.9301906772017052,-0.23584811940730788,0.3330391923076923
-0.9864839446129338,-1.1135728432961582,0.12708889868322448,0.3993076298701298
-0.4692297443158215,-0.44010605703237576,-0.02912368728344572,0.4151807791411043
-0.8034319389250739,-0.35818334952962444,-0.4452485893954495,0.3683428963414634
-0.5956251957024119,-0.30563163789664627,-0.28999355780576563,0.4577306518518518
2.1651726457947125,0.9705567111085973,1.1946159346861152,0.3581031125827814
-0.5800799240702319,0.15583468028778874,-0.7359146043580207,0.3859531132075471
-1.1432986628455326,-1.1650055898886496,0.02170692704311694,0.38214178
-0.5277426077044896,-0.4396020617544604,-0.08814054595002913,0.5263955251396648
1.98804131596228,1.2414009203823377,0.7466403955799423,0.1728005125
-1.1637917533747415,-1.072922399061677,-0.09086935431306453,0.3794539181286549
1.45932077750086,1.1661612475088943,0.2931595299919658,0.3330391923076923
-0.5527161153815086,-0.5205454162649119,-0.032170699116596646,0.3993076298701298
1.0272259319314525,0.7972985905761206,0.22992734135533188,0.451932013245033
-0.3716384613989548,-0.006215955561177277,-0.3654225058377775,0.3279570604026846
-0.1897186182358055,-0.4632934626521219,0.2735748444163164,0.3794539181286549
0.5088590528487763,0.2241584143622483,0.28470063848652805,0.3801381595092024
-1.1987302480419744,-1.1858685946640215,-0.012861653377952864,0.3425733024691358
2.1651726457947125,1.3628081267965766,0.8023645189981359,0.4103113666666667
-0.1362014148810872,0.07036108214079115,-0.20656249702187834,0.3427241592356688
2.1651726457947125,0.2760825812330943,1.8890900645616182,0.4142846265822784
0.3765364170454727,0.5173777073393591,-0.14084129029388637,0.3427241592356688
2.1651726457947125,2.226262079642401,-0.06108943384768839,0.4236190132450331
-1.078261457649646,-0.8662818028608319,-0.2119796547888142,0.4509778670886076
-0.763112547042806,-0.15608216742368186,-0.6070303796191241,0.2730334219653179
-1.1395268837111503,-1.5531488486428102,0.4136219649316599,0.4862467272727273
-0.2538664503635304,-0.09217270937694687,-0.1616937409865835,0.3859531132075471
-0.4314537984873896,1.420676692190854,-1.8521304906782436,0.3841937837837837
0.3262108236863262,0.09879244179809663,0.22741838188822958,0.4095118375
-0.0371377733704735,-0.4636074529638612,0.42646967959338766,0.3427241592356688
-0.2907921251024896,-0.2638224043939937,-0.026969720708495903,0.4151807791411043
-0.7740572197785343,-0.3954436923825668,-0.37861352739596743,0.3801381595092024
-0.6187375808021861,-0.1471652075239101,-0.471572373278276,0.3841937837837837
-0.6147420827430018,-0.5225225610518998,-0.09221952169110204,0.4151807791411043
-1.1109715556310755,-0.9831750714890314,-0.12779648414204414,0.4108178661971831
1.0057835770314074,-0.020560036295710134,1.0263436133271175,0.4095118375
-1.2909457133027695,-1.4281293995711224,0.13718368626835287,0.3425733024691358
1.2754424239661484,-0.3007911534480834,1.5762335774142318,0.4077540532544379
2.1651726457947125,0.29292540422651553,1.872247241568197,0.4707778461538461
-0.524992404632108,-0.7283438164672724,0.20335141183516448,0.4770338545454546
2.1651726457947125,1.913933787887579,0.2512388579071334,0.2560125510204081
-0.3402743324454169,-0.008154117293352952,-0.3321202151520639,0.38214178
-1.190371977735813,-1.2325797509914855,0.04220777325567249,0.3425733024691358
-0.6186380116848158,-0.3281902373199016,-0.2904477743649142,0.3279570604026846
-0.2907921251024896,-0.4407942148083053,0.1500020897058157,0.3571249225352113
-0.3621366158034662,-0.5204044177755521,0.15826780197208595,0.3581031125827814
-0.0351672391785962,0.4463076787173383,-0.4814749178959345,0.5263955251396648
-0.5445420608576894,-0.07133512508513533,-0.47320693577255407,0.3960697315436241
2.1651726457947125,2.109082787799515,0.05608985799519761,0.3924679037433155
-0.2907921251024896,0.4354651388832027,-0.7262572639856923,0.3859531132075471
-0.4515211695143288,-0.1952007513361633,-0.25632041817816553,0.4699289935064935
-0.8566031351598041,0.20360703450556933,-1.0602101696653734,0.4509778670886076
-0.3405290761940943,0.8064744429376628,-1.1470035191317571,0.3999173558282208
-0.2907921251024896,-0.3080268380039728,0.017234712901483207,0.32182454
-0.6026841615263682,-0.7229076887526186,0.1202235272262504,0.3448446496815286
2.1651726457947125,1.1286653801457343,1.0365072656489782,0.3978908843930636
0.4399859627380572,0.8564222742257075,-0.4164363114876503,0.3999173558282208
-0.4382515039293779,-0.18816238350694642,-0.2500891204224315,0.3672524791666667
-0.6351820040180114,-0.5121073160086385,-0.12307468800937293,0.2308548911564625
0.0924566334368112,-0.07609999490138215,0.16855662833819335,0.3691574802631578
0.0590949882047332,0.2607851928183037,-0.2016902046135705,0.3801381595092024
-0.4502574735264656,-0.5877440653153385,0.1374865917888729,0.3913449937106918
-0.6572666468366319,0.05884368115567376,-0.7161103279923057,0.4142846265822784
2.060599562000665,1.159438461495791,0.9011611005048739,0.5528236513157895
-0.2907921251024896,1.2345719977795253,-1.525364122882015,0.3913449937106918
-0.8224147035184664,-0.5848244982242707,-0.2375902052941956,0.4577306518518518
1.1519125413356175,0.07990230722916665,1.0720102341064508,0.4135580243902439
-1.09865110390503,-0.5913021441388253,-0.5073489597662046,0.4151807791411043
-0.5401259034031536,-0.5168881366488429,-0.023237766754310663,0.3496421194968553
-0.2907921251024896,0.045886307122274914,-0.3366784322247645,0.3818871419753086
-0.2907921251024896,-0.47018050035720305,0.17938837525471346,0.4577306518518518
-0.5782112223263826,0.03352928075603456,-0.6117405030824171,0.4142846265822784
2.024400620431407,0.9549331351881463,1.0694674852432609,0.3683428963414634
0.9527553454068274,0.4430286805929365,0.509726664813891,0.2308548911564625
-1.0925249387319471,-0.9654910542907316,-0.12703388444121555,0.3448446496815286
0.8519560581045276,0.7556714450686506,0.09628461303587699,0.4236190132450331
-1.1482131751660305,-1.0814797050816092,-0.06673347008442132,0.5642011216216216
2.1651726457947125,2.239343407785449,-0.07417076199073636,0.3330391923076923
-0.8614081092887144,-1.0262372527927126,0.16482914350399824,0.3448446496815286
2.1651726457947125,2.225743243109245,-0.06057059731453274,0.4135580243902439
-1.047387094354942,-1.0923013863385882,0.04491429198364627,0.4108178661971831
-0.8961790520396629,-0.3071914668111919,-0.588987585228471,0.345568697368421
-0.8485614104048651,0.5598944560284055,-1.4084558664332705,0.4050421041666666
-1.1555577580267482,-1.0653453471175534,-0.09021241090919485,0.4077540532544379
-0.2907921251024896,-0.35727669845855214,0.06648457335606256,0.4077540532544379
-1.1583927514160703,-0.9436642992148854,-0.21472845220118497,0.451932013245033
1.7684068781672069,1.009238752033464,0.7591681261337428,0.3989209285714286
-0.2307958178312364,0.1408513560176322,-0.3716471738488686,0.4505385
-0.2907921251024896,-0.6263980880202547,0.33560596291776507,0.4270410310559006
2.1651726457947125,0.8730798527318476,1.292092793062865,0.4095118375
-0.4673041174090905,0.10165574757517075,-0.5689598649842612,0.4270410310559006
-0.6777126933269924,-0.32702604266899515,-0.3506866506579972,0.3859531132075471
2.1651726457947125,2.270358822447818,-0.1051861766531057,0.2730334219653179
-0.3709210814540915,-0.38853648172659905,0.017615400272507575,0.4489242193548386
0.7001785173452744,0.41560024553789904,0.2845782718073753,0.4699289935064935
-1.0870196753203318,-0.9540251967670246,-0.13299447855330726,0.3427241592356688
-0.3951817200006824,-0.06645301232046541,-0.328728707680217,0.5528236513157895
-0.3549590174614889,-0.27084423144019937,-0.08411478602128952,0.4509778670886076
1.8689371987497208,0.902562570659124,0.9663746280905967,0.3754729428571428
-0.6901579756820583,-0.5065027192707605,-0.18365525641129776,0.3859531132075471
-0.4299423935771204,0.16728468034527308,-0.5972270739223935,0.4050421041666666
-1.1531423490992796,-1.0163369841080196,-0.13680536499125995,0.3683428963414634
-1.059209235388204,0.967843781433989,-2.027053016822193,0.3691574802631578
-0.8325468144007314,-0.01809844018879342,-0.8144483742119379,0.37639671875
-0.973247575700214,-0.2844007937954522,-0.6888467819047619,0.5263955251396648
0.1174392530699174,-0.24893351505182942,0.3663727681217468,0.5263955251396648
-0.5512703308172604,-0.3633577368356972,-0.18791259398156318,0.3999173558282208
-1.1459082654641968,-0.06912041631895345,-1.0767878491452434,0.4770338545454546
-0.2167937728331865,-0.3082207686872276,0.0914269958540411,0.3448446496815286
0.0383839493921291,0.030553986004275297,0.007829963387853803,0.3801381595092024
-0.0214763864971847,0.8701375956655738,-0.8916139821627586,0.4577306518518518
-0.7160548283746506,-0.523219996083977,-0.19283483229067366,0.3234683624161074
2.1651726457947125,1.6058482305913995,0.559324415203313,0.4142846265822784
-1.1756713571762945,-0.8105607768265286,-0.36511058034976585,0.3425733024691358
2.1651726457947125,1.6898488380874055,0.475323807707307,0.4095118375
-0.9631994175084222,-0.5111389511996965,-0.45206046630872565,0.5528236513157895
1.455540796615569,1.5910726858901005,-0.13553188927453164,0.4577306518518518
-0.2907921251024896,-0.3380006424515753,0.04720851734908571,0.4770338545454546
-0.6270934921417681,-0.09758142441833753,-0.5295120677234306,0.3960697315436241
-0.2907921251024896,-0.25496427686305284,-0.035827848239436744,0.38214178
-0.7574239231445868,-0.5532294677131879,-0.2041944554313989,0.3496421194968553
-0.2105238005901877,-0.46767297083286813,0.25714917024268047,0.4056208709677419
-0.7129340705725816,-0.6648459729228462,-0.04808809764973543,0.5528236513157895
0.6814726524198718,0.4344395593524332,0.24703309306743854,0.4489242193548386
-0.2907921251024896,-0.9769600359316284,0.6861679108291387,0.4142846265822784
-0.6321052411169641,-0.022391105803282657,-0.6097141353136815,0.4142846265822784
-0.6162592000573935,-0.4788812999514711,-0.13737790010592243,0.3330391923076923
-0.476300523196587,-0.42161948611319466,-0.054681037083392336,0.3496421194968553
-0.4803947298875493,-0.7505578736418367,0.2701631437542874,0.3960697315436241
-0.5088276998480795,-0.527860881100505,0.01903318125242548,0.4151807791411043
-1.0932558834081347,-0.8141796619785744,-0.27907622142956034,0.37639671875
-0.2907921251024896,-0.3406508948777808,0.04985876977529119,0.3336369019607843
-0.7824657768310128,-0.1167609058338578,-0.665704870997155,0.5263955251396648
-0.2907921251024896,0.028774057955575808,-0.3195661830580654,0.3336369019607843
0.0396568231006323,1.3318176519771598,-1.2921608288765276,0.3972289517241379
1.1418553406366905,0.9850456552718723,0.1568096853648182,0.5263955251396648
-0.9901635612636428,-0.7879468064300464,-0.20221675483359636,0.4095118375
0.4431311009652397,-0.28902218685901904,0.7321532878242587,0.4699289935064935
-0.2907921251024896,-0.46244142516635794,0.17164930006386836,0.4151807791411043
-1.1846801919888317,-0.40684718224851696,-0.7778330097403148,0.4151807791411043
2.1651726457947125,2.149091380771037,0.016081265023675684,0.3794539181286549
-0.8478515533701821,-0.8154123765794189,-0.03243917679076325,0.4103113666666667
0.7642969190433533,0.16031468505412905,0.6039822339892242,0.4135580243902439
2.1651726457947125,1.8614854081156644,0.30368723767904804,0.4103113666666667
2.1651726457947125,1.8855164027016083,0.2796562430931042,0.451932013245033
2.1651726457947125,0.5380740333913718,1.6270986124033406,0.3448446496815286
1.5251724705404062,0.49090610055885503,1.034266369981551,0.38214178
0.2029911116448358,-0.016027457236073968,0.21901856888090976,0.3691574802631578
0.8836568853244803,-0.2866244450185851,1.1702813303430655,0.2730334219653179
-0.2907921251024896,0.06366020570889572,-0.3544523308113853,0.3448446496815286
-0.5302186732200919,-0.5493040588164996,0.01908538559640771,0.2308548911564625
2.1651726457947125,1.9123900716599123,0.2527825741348002,0.3801381595092024
0.3765444759763739,0.6686230272526925,-0.2920785512763186,0.4077540532544379
-0.0930998837088675,-0.5929508743496098,0.4998509906407423,0.4509778670886076
-0.152079514971549,-0.4411164879630695,0.28903697299152054,0.4770338545454546
-0.2126557364449281,0.5674900996709614,-0.7801458361158895,0.3279570604026846
-0.2907921251024896,0.11657129781635477,-0.40736342291884436,0.3425733024691358
0.3201816158666792,0.22906164956386438,0.09111996630281483,0.38214178
-0.4938527867492937,-0.5057928470963199,0.01194006034702616,0.32182454
1.327812720462691,0.18879951701399794,1.139013203448693,0.5528236513157895
-0.8778045473590959,-0.01491625789052837,-0.8628882894685674,0.3913449937106918
-0.1955343539214427,0.10214642286352807,-0.29768077678497074,0.3683428963414634
-0.7875886908781302,-0.5292893969609244,-0.25829929391720585,0.345568697368421
-0.2907921251024896,0.5453524135665675,-0.8361445386690571,0.5263955251396648
-1.0793118031283044,-0.362148014177178,-0.7171637889511264,0.3330391923076923
-0.430157086713246,-0.23086785352363434,-0.19928923318961164,0.37639671875
-0.0807019827331115,0.24350761628429737,-0.32420959901740887,0.2730334219653179
-0.2907921251024896,-0.06143509811017194,-0.22935702699231764,0.4862467272727273
-1.1315771940705854,-1.2635025381250404,0.131925344054455,0.5263955251396648
2.1651726457947125,2.476281539791761,-0.31110889399704833,0.2730334219653179
2.1651726457947125,2.1691505031465015,-0.003977857351789016,0.3754729428571428
1.772008256393574,2.2449048155898557,-0.4728965591962817,0.4505385
0.3260004710106742,-0.31811230894263964,0.6441127799533138,0.4142846265822784
-0.6882331466657431,-0.5778545234508781,-0.11037862321486502,0.5642011216216216
2.1651726457947125,2.160508769183633,0.004663876611079587,0.4270410310559006
-0.7784222587632483,-0.3317192124360284,-0.4467030463272199,0.3496421194968553
-1.0107763877291378,-0.731998940613939,-0.2787774471151988,0.1728005125
-0.1683991709458745,-0.2009660575231299,0.0325668865772554,0.3336369019607843
0.2579848940136575,0.8858269317882687,-0.6278420377746112,0.3841937837837837
-0.3347562035460638,-0.2806257109598354,-0.054130492586228374,0.2560125510204081
-0.8248572909150599,-0.9479254552145564,0.12306816429949652,0.3571249225352113
-0.2907921251024896,0.03414713860349555,-0.32493926370598514,0.5263955251396648
-0.5271522333729475,-0.10895659451125833,-0.41819563886168915,0.3234683624161074
-0.2907921251024896,-0.24081148582573078,-0.049980639276758804,0.3913449937106918
0.1310615727487361,0.2519257757469882,-0.12086420299825212,0.4509778670886076
2.1651726457947125,0.364855942331456,1.8003167034632566,0.3978908843930636
-0.8620119701076097,-1.0262379176064058,0.16422594749879615,0.4236190132450331
0.1385914408977374,0.9266133620780297,-0.7880219211802924,0.4236190132450331
0.0453727163102166,1.1217767061032797,-1.076403989793063,0.3683428963414634
-0.1218636434265477,0.5388041088886524,-0.6606677523152,0.4862467272727273
-0.1530024293481541,1.449357252289704,-1.602359681637858,0.4489242193548386
-0.2907921251024896,-0.0831287106189239,-0.20766341448356568,0.4505385
-0.2198356543739875,-0.07721368467704234,-0.14262196969694516,0.3330391923076923
-1.1504723888042587,-0.5522788236112386,-0.5981935651930201,0.2730334219653179
-0.8488684983795444,1.3387038461285585,-2.187572344508103,0.3818871419753086
-0.2907921251024896,-0.47923041062450134,0.18843828552201175,0.3330391923076923
-0.2030976562143605,0.16441295525142371,-0.36751061146578423,0.4142846265822784
2.1651726457947125,-0.3118962682851037,2.4770689140798163,0.3279570604026846
0.3450065796432184,0.20217319179848997,0.14283338784472843,0.3993076298701298
-0.2907921251024896,0.608894411287893,-0.8996865363903825,0.32182454
-0.6750743236687025,-0.2694744750015367,-0.40559984866716575,0.4509778670886076
0.4682520000783792,0.5788215969733865,-0.11056959689500734,0.4770338545454546
-0.7902362509345641,-0.47565648313997094,-0.3145797677945931,0.3385222580645161
-0.3184930024784512,-0.5831570425673293,0.26466404008887806,0.3913449937106918
-1.0902183225192073,-1.2122086809680377,0.12199035844883044,0.38214178
1.2678801770754486,0.6038212375575839,0.6640589395178648,0.5642011216216216
-0.3708774696513975,-0.18984955248172936,-0.18102791716966815,0.3330391923076923
-0.4343091709645871,-0.4266471607878078,-0.00766201017677931,0.3608544807692307
-0.6970838796112714,0.8408483273713383,-1.5379322069826098,0.3972289517241379
0.4362278362851838,-0.24653430893517192,0.6827621452203557,0.37639671875
-0.2159841838544394,-0.5159906320772831,0.3000064482228437,0.3691574802631578
1.9877481621493187,1.1212594721341147,0.866488690015204,0.4505385
-0.9212049003771354,-0.6131315978500949,-0.30807330252704057,0.3978908843930636
0.2549816471666667,1.3724868131889139,-1.117505166022247,0.2853974074074074
0.2159449156299116,1.2931368112899506,-1.077191895660039,0.345568697368421
-1.214415282620256,-0.9818592560638346,-0.2325560265564215,0.4770338545454546
0.1540422952332845,-0.02955700374075003,0.18359929897403454,0.4707778461538461
-0.4932614505121264,-0.2828136272372898,-0.21044782327483658,0.3754729428571428
-0.5590318387560217,-0.10031879545018707,-0.4587130433058346,0.5642011216216216
0.0986558881847879,-0.06555844495024415,0.16421433313503206,0.4077540532544379
-0.2907921251024896,-0.622461969136913,0.3316698440344234,0.3571249225352113
-0.5059482638833712,-0.015782339354783837,-0.49016592452858737,0.5263955251396648
-0.799625222768279,0.850834984187394,-1.6504602069556729,0.3547797567567567
2.1651726457947125,2.133983833113824,0.031188812680888578,0.4135580243902439
0.8038649073328998,0.42232867242199346,0.3815362349109064,0.4509778670886076
-0.6310552121797367,-0.19956974319983928,-0.4314854689798974,0.37639671875
0.2933461298808872,0.697428311541546,-0.40408218166065885,0.2730334219653179
-0.2907921251024896,-0.16018723887324782,-0.13060488622924177,0.2308548911564625
0.3404873029739863,0.14172636092403695,0.19876094204994937,0.3581031125827814
-0.2780519140838849,-0.09468866972954715,-0.18336324435433776,0.3960697315436241
2.121297656282884,1.5991709068523965,0.5221267494304873,0.38214178
-0.0328736912936591,-0.03234786048296827,-0.0005258308106908319,0.38214178
-0.2907921251024896,-0.8139994306556014,0.5232073055531119,0.345568697368421
-0.1569060400651217,-0.11977084697485461,-0.037135193090267096,0.4135580243902439
-0.0255247826308321,-0.2488115337094171,0.223286751078585,0.3691574802631578
-0.6158280175412773,0.7802152790247945,-1.3960432965660718,0.3999173558282208
2.1651726457947125,1.1853049487857314,0.979867697008981,0.4095118375
-1.0522458908276,-0.5140813490939036,-0.5381645417336964,0.4108178661971831
2.1651726457947125,1.7062755123130027,0.4588971334817098,0.3547797567567567
-0.2907921251024896,-0.03489703718102823,-0.2558950879214614,0.3841937837837837
0.1055468842102305,-0.393305345792089,0.4988522300023195,0.3547797567567567
-1.020053695036886,-0.5607461151838562,-0.4593075798530297,0.4862467272727273
2.1651726457947125,1.1275207531207492,1.0376518926739633,0.4236190132450331
2.1651726457947125,0.3294022933476857,1.8357703524470268,0.32182454
-1.2909290217839058,-0.7724670236858748,-0.518461998098031,0.37639671875
-0.6417521411299228,-0.3309468904483702,-0.3108052506815526,0.3062974840764331
-0.7893882356484808,-0.3658604035901866,-0.4235278320582942,0.32182454
0.5170656822194355,0.2589158886167769,0.2581497936026586,0.2853974074074074
-0.6820148887352601,-0.5459249182612583,-0.13608997047400173,0.3924679037433155
-0.0217099568331193,-0.2608865068291272,0.23917654999600788,0.345568697368421
0.0856086058307284,0.5524956019142997,-0.4668869960835713,0.3496421194968553
1.5958823764912493,1.26584475753615,0.3300376189550993,0.4489242193548386
-0.2907921251024896,-0.5217248297058897,0.23093270460340015,0.3913449937106918
-0.4312140526222597,-0.14810731866246618,-0.2831067339597935,0.3754729428571428
0.1344619447893649,-0.0897239336248117,0.2241858784141766,0.4103113666666667
-0.8522316140087641,-1.1388387192115652,0.2866071052028011,0.4142846265822784
-0.7094300785558437,-0.6763846307230978,-0.03304544783274588,0.4050421041666666
2.1651726457947125,2.246464516186934,-0.08129187039222163,0.4270410310559006
-0.2010076959719387,-0.48568765650284396,0.2846799605309053,0.4077540532544379
-1.13426706890219,-0.8729130251572936,-0.26135404374489646,0.4270410310559006
-0.1216857717049711,-0.38795187511631124,0.26626610341134016,0.3330391923076923
-1.2445585296170607,-0.6830719986146994,-0.5614865310023613,0.3972289517241379
-0.4991655143306982,0.5598652234522742,-1.0590307377829724,0.4707778461538461
0.0173037012499627,-0.0030981174856444882,0.02040181873560719,0.4505385
1.1056988247311468,0.1098882478070813,0.9958105769240655,0.4142846265822784
0.0214552288796383,-0.4346599936023556,0.4561152224819939,0.5263955251396648
-0.2907921251024896,-0.2812554648684882,-0.009536660234001404,0.3683428963414634
1.2339131112952966,0.6310361012425734,0.6028770100527232,0.3801381595092024
0.0767538232149773,-0.23323391478555933,0.30998773800053664,0.3496421194968553
-0.4488739259993258,-0.5129241708874577,0.06405024488813188,0.2560125510204081
-1.0566286604111097,-1.0508673116686,-0.005761348742509664,0.3571249225352113
0.7782452268746359,-0.13508139707863742,0.9133266239532734,0.4489242193548386
-0.0789189424884392,0.635231738216847,-0.7141506807052862,0.4699289935064935
-0.5699540576510909,-0.6354534729606598,0.06549941530956893,0.4862467272727273
0.523255784601781,0.9991960947085816,-0.4759403101068006,0.3818871419753086
0.3427336267598988,1.4954013042711713,-1.1526676775112725,0.3062974840764331
-0.2907921251024896,0.4083809901976826,-0.6991731153001721,0.3427241592356688
2.1651726457947125,0.6855346363583473,1.479638009436365,0.3683428963414634
0.0675904420206966,0.8156629962131152,-0.7480725541924186,0.3279570604026846
-0.2907921251024896,-0.7764860916329653,0.48569396653047575,0.4135580243902439
-0.5083608618516213,-0.47682849902644087,-0.03153236282518046,0.4699289935064935
2.1651726457947125,1.6280181545201886,0.5371544912745239,0.3581031125827814
0.2521435057946023,1.2576724036333318,-1.0055288978387296,0.4270410310559006
-0.2907921251024896,-0.9214187813145156,0.630626656212026,0.3924679037433155
-0.2907921251024896,-0.7343074030480963,0.4435152779456067,0.3608544807692307
-0.0642443432192396,-0.13185597998219648,0.06761163676295688,0.4505385
-0.2907921251024896,-0.3949364636858542,0.10414433858336464,0.451932013245033
-0.376844843340864,-0.24279381911156994,-0.13405102422929405,0.4505385
-0.0313875716653604,0.22916996966040976,-0.26055754132577014,0.4489242193548386
1.1329400094689108,0.6884740821503365,0.44446592731857437,0.4270410310559006
1.398790692634355,0.34566799888978733,1.0531226937445677,0.4707778461538461
-0.9672011549201114,-1.2016942349154187,0.23449307999530733,0.3972289517241379
1.9423814545540417,0.49233454991066283,1.4500469046433788,0.4077540532544379
2.1651726457947125,1.8904674170867943,0.27470522870791814,0.3960697315436241
2.098129702909341,0.4492668672138545,1.6488628356954866,0.4077540532544379
2.1651726457947125,1.0102318121283713,1.1549408336663411,0.2560125510204081
-0.12720847480628,0.05667975409602091,-0.18388822890230092,0.451932013245033
-0.2907921251024896,-0.3602748852497418,0.06948276014725224,0.3448446496815286
-1.0200448641648354,-0.9220323894965747,-0.09801247466826069,0.4077540532544379
1.6486336557569627,0.19041892298942342,1.4582147327675394,0.3989209285714286
-0.4020621746814478,0.9614757012900981,-1.363537875971546,0.38214178
-0.9431052841118136,0.5624522667416494,-1.5055575508534629,0.3496421194968553
-1.0795077047962427,-1.1645457527178282,0.08503804792158554,0.4103113666666667
-1.025489619592436,-1.0149384750779369,-0.010551144514499011,0.3385222580645161
-1.0354295350354754,-1.1283701420564245,0.09294060702094908,0.3989209285714286
0.369491610408932,0.5895126112768411,-0.22002100086790904,0.3062974840764331
-0.3276633602617189,-0.19579245370040135,-0.13187090656131753,0.2853974074074074
1.5331314595264165,0.3984790623892548,1.1346523971371618,0.1728005125
-0.4139144584616187,-0.1323755944737796,-0.28153886398783906,0.3993076298701298
-0.902009578807062,-0.17751669882066498,-0.724492879986397,0.3496421194968553
-0.5013506850061047,-0.32407172467048756,-0.17727896033561713,0.5528236513157895
0.4752074968677601,0.7940755202534042,-0.31886802338564413,0.3754729428571428
-0.2907921251024896,0.26249294788489924,-0.5532850729873888,0.3818871419753086
1.2692820416151842,-0.3867562992185109,1.6560383408336952,0.4142846265822784
-0.603375409965861,1.0239264901547305,-1.6273019001205915,0.4050421041666666
-1.1421342475222038,-0.9155038181155646,-0.22663042940663924,0.3754729428571428
0.7900943080003283,1.0238906292783252,-0.23379632127799688,0.3993076298701298
2.1651726457947125,1.7811335459259825,0.38403909986872997,0.4135580243902439
-1.1724902841675076,-0.7879490565975087,-0.38454122756999887,0.2308548911564625
-0.2726138757129913,-0.5689458562306107,0.2963319805176194,0.3754729428571428
0.0888423883361046,-0.11585897281925134,0.20470136115535592,0.4095118375
-1.152874000487054,-1.3239371927917547,0.1710631923047008,0.4862467272727273
-0.5831662885959632,-0.42923105434631087,-0.15393523424965233,0.3234683624161074
1.2124651786896103,0.9966337214362527,0.21583145725335762,0.3672524791666667
0.5252630875173306,-0.3326679303068169,0.8579310178241475,0.4151807791411043
2.1651726457947125,1.5131748212160094,0.651997824578703,0.32182454
-0.6553284478075325,-0.3759868542926354,-0.2793415935148971,0.5263955251396648
-0.5331579363076094,-0.31818263076258885,-0.2149753055450206,0.4095118375
-1.088126247906801,-1.066783097682389,-0.02134315022441191,0.5263955251396648
0.2200158927754313,0.07224139643263255,0.14777449634279874,0.2730334219653179
1.07763242678315,0.13660048086062232,0.9410319459225278,0.3571249225352113
-0.9311855182149072,-0.17322408568462258,-0.7579614325302847,0.3547797567567567
-0.6693360320825394,-0.3076554350382626,-0.36168059704427685,0.2853974074074074
2.1651726457947125,2.221140319358886,-0.05596767356417365,0.3924679037433155
-1.0173301697910682,-1.0307060251224114,0.013375855331343223,0.3999173558282208
-0.4855683182956724,-0.264229560163674,-0.22133875813199838,0.4505385
-0.8179604679917856,-0.94117193967301,0.12321147168122448,0.3234683624161074
0.2933461298808872,0.30156272807932977,-0.00821659819844256,0.3841937837837837
-0.2750745713395344,-0.21070440058037268,-0.06437017075916171,0.3336369019607843
-0.3782759366586954,1.0214860767948153,-1.3997620134535107,0.3978908843930636
-0.543104502408928,0.8312019509194888,-1.3743064533284168,0.4862467272727273
-1.074145136320494,-0.9220789745654293,-0.1520661617550646,0.345568697368421
1.478784223529039,0.23903381097423848,1.2397504125548005,0.4862467272727273
0.4112684378779081,0.9742037993241062,-0.562935361446198,0.3336369019607843
1.2359667813898267,1.3598648643232962,-0.12389808293346949,0.2560125510204081
2.1651726457947125,1.627059002936052,0.5381136428586604,0.3989209285714286
-0.2242876610369748,-0.5805896336804595,0.3563019726434846,0.4489242193548386
1.6686407377245365,1.013458285933299,0.6551824517912375,0.3801381595092024
1.804207561490896,1.2465150089693111,0.5576925525215848,0.4103113666666667
2.1651726457947125,0.621655446123465,1.5435171996712476,0.3385222580645161
2.1651726457947125,2.40732652008181,-0.24215387428709745,0.4103113666666667
2.1651726457947125,0.8184820899681985,1.3466905558265139,0.3993076298701298
-0.8198959480924229,-0.8098405929734802,-0.010055355118942733,0.4103113666666667
-1.1226616893794683,-1.237062889731029,0.11440120035156065,0.3234683624161074
-0.3285909649186769,0.42281539683288266,-0.7514063617515596,0.3496421194968553
-1.0822417823210848,-1.282091297616704,0.19984951529561923,0.3913449937106918
-0.371200457197105,0.5954460377456713,-0.9666464949427762,0.3989209285714286
0.0955539239902351,-0.2918575879377251,0.3874115119279602,0.4056208709677419
-0.8412368255145554,-0.6615538070347713,-0.17968301847978407,0.4862467272727273
-0.8544880540467934,-0.45534525741106735,-0.39914279663572605,0.3279570604026846
-0.2907921251024896,-0.16171291764229032,-0.12907920746019927,0.3547797567567567
0.195494903061621,0.23713377572665337,-0.041638872665032356,0.345568697368421
-0.6753132534195043,-0.2928745345204782,-0.38243871889902614,0.3427241592356688
1.2724470134013928,1.2706322020845733,0.0018148113168194868,0.38214178
-0.2907921251024896,-0.7652250666508502,0.47443294154836063,0.3496421194968553
2.1651726457947125,0.6099468586670355,1.555225787127677,0.345568697368421
-1.12155388366802,-1.0295253331823646,-0.09202855048565528,0.4707778461538461
0.5451337595405567,0.3663632487260434,0.17877051081451323,0.3672524791666667
2.1651726457947125,1.1183874419232287,1.0467852038714838,0.3754729428571428
2.1651726457947125,0.7100560025382268,1.4551166432564857,0.32182454
-0.2512011212003822,-0.036039110336568606,-0.2151620108638136,0.451932013245033
0.697812295667961,1.0402500133193746,-0.3424377176514136,0.3330391923076923
-0.3971991795778935,-0.11171191057671505,-0.2854872690011785,0.32182454
0.8196989875635038,0.4947380525087395,0.3249609350547643,0.4699289935064935
-0.4847954849669216,1.055038075803249,-1.5398335607701705,0.3818871419753086
-0.2907921251024896,-0.1989280529664902,-0.0918640721359994,0.4770338545454546
0.0993234304839177,0.09254400514893969,0.006779425334978009,0.4050421041666666
1.5100854768161984,0.755603497136088,0.7544819796801104,0.3841937837837837
-0.8542235109836023,-0.8202904196581032,-0.03393309132549904,0.4095118375
-0.3652963973402532,-0.5056334128187514,0.1403370154784982,0.4077540532544379
1.1899459280517286,0.2031454815286164,0.9868004465231122,0.3859531132075471
2.1651726457947125,2.1409340833770396,0.02423856241767286,0.4707778461538461
-0.2907921251024896,-0.40101372286683995,0.11022159776435037,0.3818871419753086
2.1651726457947125,1.4576727091336201,0.7074999366610923,0.5263955251396648
-0.7037609360197394,-0.1897546862582287,-0.5140062497615108,0.37639671875
-0.7307159304598527,-0.6662320989941473,-0.06448383146570547,0.38214178
-1.0910301980046742,-1.1325229245129804,0.041492726508306266,0.4581912866666666
0.5703621579460666,0.4357934660800415,0.1345686918660251,0.3581031125827814
2.1651726457947125,2.0643400661499247,0.10083257964478776,0.451932013245033
0.030350341013032,-0.6148685266537476,0.6452188676667796,0.32182454
-0.2690588377259084,0.0840400169791599,-0.3530988547050683,0.2730334219653179
0.6958908737308782,0.5609488388374745,0.13494203489340373,0.3448446496815286
-0.9969640769121229,-1.3156085807624398,0.31864450385031695,0.3234683624161074
1.5111074425133648,0.7254369041878181,0.7856705383255467,0.2308548911564625
-0.7064055739114733,-0.16105625892957634,-0.545349314981897,0.2730334219653179
-1.0510408338427069,-0.8681578905651175,-0.18288294327758936,0.32182454
1.2306311146570583,0.8279984649960919,0.40263264966096646,0.451932013245033
-0.2907921251024896,0.15422665262753316,-0.44501877773002274,0.38214178
-0.4873362770645042,-0.602705771208158,0.11536949414365383,0.37639671875
-1.176602988129327,0.06177538252971769,-1.2383783706590445,0.3841937837837837
2.1651726457947125,2.21404855154588,-0.048875905751167625,0.4103113666666667
1.838469004066985,0.5530835324179207,1.2853854716490645,0.4699289935064935
-0.2617217385543425,-0.04246016200510175,-0.21926157654924075,0.3993076298701298
-0.9714649181576972,-1.1065092183878054,0.13504430023010816,0.4077540532544379
0.5576334660246443,0.36608817967991936,0.1915452863447249,0.4505385
2.1651726457947125,1.7463298148583597,0.4188428309363528,0.3336369019607843
-0.5989002268444794,-0.3081121581336295,-0.2907880687108499,0.3989209285714286
0.8623676766550833,0.19730623380898382,0.6650614428460995,0.4509778670886076
2.1651726457947125,0.40089988415588157,1.764272761638831,0.4707778461538461
0.2933461298808872,-0.44942203109624956,0.7427681609771368,0.2560125510204081
-1.1308693594939816,-0.6019324595085762,-0.5289368999854054,0.5528236513157895
-0.8087331478054681,1.1737036568069998,-1.982436804612468,0.4577306518518518
1.7116291907102283,0.46039729465159945,1.2512318960586288,0.3691574802631578
-0.3340417853831009,-0.27768748228029516,-0.05635430310280576,0.3425733024691358
-1.0445082708721516,-1.231169771530535,0.18666150065838338,0.4581912866666666
-0.8653134405806947,-0.7864118404352499,-0.07890160014544478,0.4509778670886076
2.1651726457947125,1.925905287461202,0.23926735833351054,0.345568697368421
-1.0188300037056224,-0.9472944108845913,-0.07153559282103106,0.3989209285714286
1.4012043681904551,0.4839565527467696,0.9172478154436856,0.4056208709677419
2.1651726457947125,2.0641493610078796,0.10102328478683287,0.4103113666666667
-0.2907921251024896,-0.08570286711362535,-0.20508925798886424,0.4151807791411043
-0.2907921251024896,-0.5834693538267774,0.29267722872428786,0.4236190132450331
-0.1655531077184222,-0.25166108775041296,0.08610798003199077,0.3448446496815286
-0.5311199320426254,-0.47465974237336883,-0.05646018966925659,0.4699289935064935
-0.3371302619017845,0.43779910992197607,-0.7749293718237606,0.4862467272727273
2.1651726457947125,0.6420839801196877,1.5230886656750249,0.3581031125827814
-0.1789628407076594,0.34097520487628113,-0.5199380455839405,0.4095118375
-0.8183006866426262,0.27368522236443343,-1.0919859090070596,0.3818871419753086
-0.2907921251024896,-0.7793577554418394,0.4885656303393498,0.3571249225352113
-1.021893540800495,-0.6266350384179515,-0.39525850238254345,0.38214178
-0.7341714104223817,-0.591886165740959,-0.14228524468142267,0.4581912866666666
-0.3222735835643278,-0.3321151684917341,0.009841584927406333,0.3672524791666667
-1.1407965238637583,-0.4015762994884776,-0.7392202243752807,0.4050421041666666
2.1651726457947125,1.5275768288243605,0.637595816970352,0.3989209285714286
-0.2907921251024896,-0.40591038277137104,0.11511825766888145,0.345568697368421
2.1651726457947125,1.5381446717038,0.6270279740909124,0.4077540532544379
-0.4774655200608001,-0.027174705261276008,-0.4502908147995241,0.5528236513157895
-0.2907921251024896,-0.36507971321840277,0.07428758811591318,0.4862467272727273
0.280075379180818,-0.33252810281728173,0.6126034819980997,0.345568697368421
0.9962250388260036,0.2676612222004193,0.7285638166255842,0.3913449937106918
-0.8959422814262816,-0.37946273083491483,-0.5164795505913669,0.3496421194968553
-0.2907921251024896,-0.2476704390297478,-0.04312168607274178,0.4699289935064935
-1.101564445458339,-0.4042456663858271,-0.6973187790725119,0.4151807791411043
-1.0733003521340394,-1.2231323244121675,0.14983197227812806,0.3581031125827814
2.1651726457947125,2.2801594334975817,-0.11498678770286919,0.4095118375
-1.0257093157074773,-0.9631822301734586,-0.06252708553401864,0.32182454
-1.021693932705758,-0.4945681568342161,-0.5271257758715417,0.3818871419753086
0.0688183949742051,0.8606077165486181,-0.7917893215744131,0.3581031125827814
0.0477194875268318,-0.2218025644932932,0.26952205202012497,0.3581031125827814
-1.1309759364979273,-0.955731508177853,-0.17524442832007425,0.3999173558282208
-0.952176993362596,0.013774776454463261,-0.9659517698170592,0.3425733024691358
-0.6073261600010444,0.796379186401788,-1.4037053464028324,0.5263955251396648
-0.6794762351741539,-0.1348879649588858,-0.5445882702152681,0.3999173558282208
-0.124730151506428,-0.3754015854170778,0.25067143391064983,0.3913449937106918
-0.2699935413890024,-0.3136660539134226,0.043672512524420226,0.3913449937106918
-0.8731647329806764,-0.2108402765225059,-0.6623244564581705,0.4770338545454546
0.2146670873943289,0.8033797403268865,-0.5887126529325576,0.3062974840764331
0.3326127354687816,0.9176807256937235,-0.5850679902249418,0.3859531132075471
-0.3812851973967038,-0.4668916798629504,0.08560648246624658,0.3794539181286549
-0.430450500811214,0.2005185541364806,-0.6309690549476946,0.3960697315436241
-0.5952965032798497,-0.4825679925247054,-0.11272851075514434,0.3818871419753086
-1.126738312768386,-0.2930214915532381,-0.833716821215148,0.5528236513157895
-1.1792177332983036,-0.9185535748982537,-0.26066415840004986,0.4509778670886076
0.1560672662316875,0.7082692017347455,-0.552201935503058,0.5528236513157895
2.1651726457947125,0.6551070583872796,1.510065587407433,0.4135580243902439
-0.5463540525600553,-0.19674605670534034,-0.34960799585471497,0.3924679037433155
-0.2907921251024896,-0.6115129947992738,0.3207208696967842,0.3924679037433155
-1.1427773838827426,-0.5441147973904663,-0.5986625864922763,0.2730334219653179
2.1651726457947125,1.8323421268511302,0.3328305189435823,0.3672524791666667
0.8376773856086546,1.115713830082189,-0.27803644447353437,0.3496421194968553
2.1651726457947125,1.907200174478089,0.2579724713166234,0.4095118375
1.4923931359549052,0.8571193442653234,0.6352737916895818,0.3547797567567567
2.1651726457947125,1.0263189295070076,1.1388537162877048,0.4577306518518518
0.6154822452996037,1.052680615893692,-0.4371983705940884,0.4489242193548386
-0.1028258739159762,0.4897007663672095,-0.5925266402831857,0.3999173558282208
-1.1922988843573503,-0.6049821215916532,-0.5873167627656971,0.3385222580645161
1.0005779430622417,0.4409772231698988,0.559600719892343,0.3794539181286549
0.1020517731813017,-0.2380888779852261,0.3401406511665278,0.3794539181286549
-0.970678840283836,1.463698653363594,-2.43437749364743,0.3818871419753086
-0.6226808447711859,-0.6850655485025168,0.06238470373133087,0.5528236513157895
0.0079679915727824,-0.3448254440329365,0.3527934356057189,0.4108178661971831
-0.2228540088441709,-0.1300124624274784,-0.09284154641669248,0.3062974840764331
0.9371256360507902,0.07506317143858839,0.8620624646122018,0.3801381595092024
-0.4024723989062194,-0.0387509251910727,-0.3637214737151467,0.3859531132075471
0.0476514750942521,0.7822489644975004,-0.7345974894032483,0.3999173558282208
2.1651726457947125,1.4290731896679603,0.7360994561267522,0.38214178
2.1651726457947125,1.837666945926787,0.32750569986792555,0.3683428963414634
-0.2907921251024896,-0.4632214817561759,0.1724293566536863,0.3754729428571428
1.5671419390232604,1.1522205289466967,0.4149214100765637,0.3924679037433155
0.4902008620737944,0.0143053569866705,0.47589550508712386,0.4505385
2.1651726457947125,0.713853909269289,1.4513187365254234,0.3330391923076923
-1.0403340421904863,-1.0220304577103136,-0.018303584480172663,0.3978908843930636
0.9670908753201696,-0.13484397086766853,1.101934846187838,0.4151807791411043
-1.0793772463458224,-1.2219655622044927,0.14258831585867027,0.4135580243902439
-0.3788108651336182,0.22204256630685654,-0.6008534314404748,0.3385222580645161
-0.5565487641653282,-0.5095580566428264,-0.046990707522501785,0.3062974840764331
-0.0497258226458599,0.7205171413629712,-0.7702429640088311,0.5263955251396648
0.5644161743754291,0.04385119057557576,0.5205649837998534,0.4056208709677419
1.551774847730648,0.5587231226784141,0.993051725052234,0.2308548911564625
2.1651726457947125,1.574572398323561,0.5906002474711514,0.38214178
-0.8464091659808664,0.09546109050505097,-0.9418702564859174,0.3841937837837837
-0.6257946085526997,-0.6013148463100638,-0.024479762242635927,0.3924679037433155
-0.4900025772452339,-0.21975563051160898,-0.2702469467336249,0.4056208709677419
-1.1471674835199008,-1.2910499139104994,0.14388243039059856,0.3972289517241379
1.266373381626444,1.0849585520772813,0.18141482954916266,0.3841937837837837
-0.8359000542542403,-0.2185149627224304,-0.6173850915318099,0.3924679037433155
1.4102128667321956,0.9027649835855877,0.5074478831466079,0.3913449937106918
0.8173251197665168,1.1330580683158473,-0.31573294854933054,0.3924679037433155
-0.6436867833267722,0.3471389757958735,-0.9908257591226457,0.3279570604026846
-1.1283775149624915,-1.225982062916096,0.09760454795360451,0.4108178661971831
-0.2907921251024896,-0.4616219627041274,0.17082983760163784,0.2308548911564625
-0.7617087321482959,-0.17268074385298057,-0.5890279882953153,0.3913449937106918
-1.1821246203777098,-1.0417476138610928,-0.140377006516617,0.4577306518518518
0.6192574273534127,0.23656712543772562,0.3826903019156871,0.4142846265822784
0.1690312466870247,0.22781524507910555,-0.058783998392080844,0.3841937837837837
1.8056034953357347,0.7879604564605978,1.017643038875137,0.4077540532544379
2.1651726457947125,0.9822716379319676,1.1829010078627449,0.4142846265822784
-0.6345750197790382,-0.425736742500556,-0.2088382772784822,0.4056208709677419
-0.2907921251024896,-0.1914508810058117,-0.09934124409667788,0.3425733024691358
-0.0451604723611021,0.5056336008941363,-0.5507940732552384,0.3960697315436241
1.6443695895270287,-0.0790029857356415,1.7233725752626703,0.32182454
-0.3848742550699249,-0.23762299499103423,-0.14725126007889067,0.4581912866666666
1.7397898704640329,0.3615143283234755,1.3782755421405573,0.3978908843930636
2.1651726457947125,1.1399989912115223,1.0251736545831902,0.3989209285714286
1.1870129545909431,0.5576606245483435,0.6293523300425996,0.4707778461538461
-0.0983457639995554,-0.07107186571934299,-0.027273898280212414,0.3993076298701298
0.7535236386360795,0.5420701477252509,0.21145349091082866,0.4270410310559006
2.1651726457947125,0.9589803690427564,1.2061922767519562,0.3859531132075471
-0.4883065791591714,-0.5739070265218752,0.08560044736270378,0.4108178661971831
-0.0703042916093494,0.34857768769525665,-0.418881979304606,0.4095118375
-0.5961257396167811,-0.4007117693974936,-0.19541397021928747,0.3234683624161074
-1.100126311371656,-0.8852830052351921,-0.21484330613646385,0.3571249225352113
-0.3325899033355423,-0.6190579066920034,0.28646800335646116,0.2308548911564625
-0.895169881509703,-0.3248875095415604,-0.5702823719681426,0.3581031125827814
-0.1977571252817296,-0.2779171409331947,0.0801600156514651,0.4699289935064935
-0.013577928235463,0.20518149562586904,-0.21875942386133204,0.4505385
-0.9765911829880056,-1.1815997594484995,0.20500857646049386,0.4862467272727273
-1.1584060925082982,-0.8231146558075433,-0.3352914367007549,0.4699289935064935
-1.1472793384857496,-1.1846288974045331,0.037349558918783554,0.3794539181286549
-0.3227459881736113,-0.15050523321308715,-0.17224075496052413,0.4862467272727273
1.7545789396720095,0.8985610942512294,0.8560178454207801,0.4236190132450331
-1.0099925631231654,2.0116149964565575,-3.021607559579723,0.3279570604026846
-0.2907921251024896,-0.5993687846595201,0.30857665955703056,0.4577306518518518
0.3869657254683418,-0.08095970457537603,0.46792543004371784,0.4095118375
-0.5100026556841241,-0.41254621721160256,-0.0974564384725215,0.3859531132075471
-0.1412857544525389,0.03725221168366098,-0.17853796613619988,0.38214178
0.1328960622668537,1.486750905844506,-1.3538548435776523,0.4270410310559006
-0.2907921251024896,0.04454741144842057,-0.33533953655091014,0.3960697315436241
-0.2907921251024896,0.12001730973909709,-0.41080943484158666,0.3427241592356688
-0.7867119067696472,-0.6397780529657331,-0.1469338538039141,0.4050421041666666
0.1697658664528051,0.3086954943321971,-0.13892962787939203,0.4581912866666666
-0.0602373835078134,0.15726323866022118,-0.2175006221680346,0.1728005125
0.4517703794807737,0.47905778599673493,-0.027287406515961232,0.4699289935064935
1.6442251467991325,1.3036163808518753,0.3406087659472572,0.3279570604026846
0.6895181336777506,-0.14193528421561735,0.8314534178933679,0.3978908843930636
-0.412702985867296,-0.4661286383133812,0.053425652446085214,0.3818871419753086
-0.2907921251024896,-0.06093693602593818,-0.2298551890765514,0.2730334219653179
-0.9643047997168714,-0.7580463554035174,-0.20625844431335405,0.4270410310559006
-0.2907921251024896,-0.463011549688566,0.17221942458607642,0.3691574802631578
0.2097045528863046,-0.08031369083838924,0.29001824372469387,0.2853974074074074
0.0233022128704117,-0.6455612691762663,0.668863482046678,0.3608544807692307
-0.5712279677455558,-0.1754482369218342,-0.39577973082372164,0.2308548911564625
-1.1128070197323223,-0.6452596946407083,-0.467547325091614,0.5642011216216216
2.1651726457947125,0.7214086304025338,1.4437640153921787,0.4103113666666667
1.3878339758735392,1.303399179201549,0.08443479667199028,0.4577306518518518
-0.2290958354433319,-0.1471884900312953,-0.08190734541203659,0.3972289517241379
-0.532915920376898,-0.7328067771547355,0.19989085677783758,0.4270410310559006
2.1651726457947125,2.2250780589524566,-0.059905413157744114,0.451932013245033
-1.1602320278805098,-0.8844139221178514,-0.2758181057626584,0.4699289935064935
-0.1501561577342278,-0.5403741609321893,0.39021800319796146,0.2560125510204081
-1.2755439846918657,-0.5374559921367981,-0.7380879925550676,0.5642011216216216
0.6194213494625639,1.131444949438407,-0.512023599975843,0.1728005125
0.5946696965229827,0.35070175805860054,0.2439679384643822,0.2308548911564625
-0.1626436898526387,-0.08034974329461333,-0.08229394655802535,0.451932013245033
2.1651726457947125,2.5019894111433785,-0.336816765348666,0.3062974840764331
-0.2907921251024896,0.3207269012437813,-0.6115190263462709,0.3279570604026846
-0.6203604281047793,0.029204751249749084,-0.6495651793545284,0.37639671875
-0.8759695812460578,1.2250247588210106,-2.1009943400670683,0.3425733024691358
-0.7975837725992059,-0.5300776889686414,-0.2675060836305645,0.4577306518518518
-1.0860567982813596,-1.1616828164705133,0.07562601818915371,0.3978908843930636
-0.5060723778372368,-0.3886686523337189,-0.11740372550351791,0.345568697368421
-0.7177191667712014,-0.2756506406549109,-0.4420685261162905,0.3683428963414634
-0.7717359113289471,-0.38752704491626916,-0.384208866412678,0.3818871419753086
-0.8280595674456622,0.16593767353405375,-0.993997240979716,0.3234683624161074
2.1651726457947125,0.3620444399708696,1.803128205823843,0.4707778461538461
1.8120054776368064,1.5646726200509578,0.24733285758584866,0.1728005125
0.6946560982992923,0.9565586171902096,-0.2619025188909173,0.4270410310559006
-1.0733227008306487,-1.0497494155314404,-0.023573285299208324,0.3841937837837837
0.3171841416419557,0.42751484622920666,-0.11033070458725097,0.3924679037433155
1.9572685458277133,2.352969532911329,-0.3957009870836159,0.3841937837837837
-0.5131468779616338,0.6408443838835052,-1.153991261845139,0.3841937837837837
-1.257417457538323,-0.04762747008582111,-1.209789987452502,0.345568697368421
0.0803525233185989,-0.07754846146785063,0.15790098478644954,0.38214178
-0.848062627871225,0.3262451844101146,-1.1743078122813395,0.3496421194968553
-0.0310100748136505,0.4544192511565579,-0.4854293259702084,0.3924679037433155
-0.3168360483318791,-0.2203257452104937,-0.09651030312138542,0.4151807791411043
1.901015488750591,0.024176864717238,1.876838624033353,0.3978908843930636
0.0271037875069415,1.5592684507454413,-1.5321646632384998,0.451932013245033
-1.1182939540480965,-1.1088206653629067,-0.009473288685189818,0.3062974840764331
-0.5365834268417948,-0.45054017128446233,-0.0860432555573325,0.4270410310559006
2.1651726457947125,0.10138779265849023,2.063784853136222,0.3683428963414634
2.1651726457947125,1.8859351782127833,0.27923746758192913,0.3691574802631578
-0.8537518991144981,-0.18436864167080663,-0.6693832574436915,0.4862467272727273
2.1651726457947125,1.6619900542895507,0.5031825915051618,0.345568697368421
-0.5972719603050463,1.8366822031315106,-2.4339541634365567,0.3496421194968553
2.1651726457947125,0.24054211633794925,1.9246305294567632,0.4135580243902439
0.7662754630408034,0.1381081637265908,0.6281672993142127,0.3062974840764331
-0.5260567385480484,-0.6132577050531711,0.08720096650512277,0.3496421194968553
-0.5135630249578622,-0.43390038971024225,-0.07966263524761996,0.3683428963414634
2.1651726457947125,1.688395358133516,0.4767772876611964,0.4509778670886076
-0.1218168087646029,0.31229740350646196,-0.43411421227106484,0.451932013245033
0.2270458279072933,1.100008808419341,-0.8729629805120476,0.2308548911564625
-0.1034839671166433,-0.0731966728776541,-0.030287294238989196,0.451932013245033
0.097688434170656,-0.20512578035144866,0.30281421452210466,0.3913449937106918
-0.7740144957973009,-0.14581783227001932,-0.6281966635272815,0.2560125510204081
-1.1262121168356227,-1.220556535931365,0.09434441909574232,0.4236190132450331
-1.0671892000971268,-1.1277949732761188,0.06060577317899196,0.3691574802631578
-1.1407965238637583,-0.7490259251848408,-0.3917705986789175,0.5642011216216216
0.2537289295012008,0.43354830434582464,-0.17981937484462385,0.3672524791666667
-1.129271520113339,-1.0154879347435546,-0.11378358536978439,0.4103113666666667
0.4628532037329781,-0.3414514419190775,0.8043046456520556,0.3978908843930636
2.1651726457947125,2.260274677788648,-0.09510203199393574,0.3448446496815286
2.1651726457947125,1.9158824006678536,0.24929024512685882,0.3972289517241379
2.1651726457947125,1.1758495754030036,0.9893230703917089,0.3672524791666667
1.0667279262847786,-0.3951799443564529,1.4619078706412316,0.3801381595092024
0.9364968873104442,0.252879320497925,0.6836175668125193,0.3794539181286549
-0.177961943437655,-0.19611197973146008,0.018150036293805072,0.4489242193548386
-0.5909759635231182,-0.04342934483047571,-0.5475466186926425,0.3841937837837837
0.3034900427271451,-0.16041362594608843,0.4639036686732335,0.4581912866666666
-0.560482844471108,-0.4346297257132017,-0.12585311875790628,0.4489242193548386
-1.1766027381447928,-0.974521285970534,-0.20208145217425877,0.3818871419753086
0.3826022731525031,1.2518300245249256,-0.8692277513724225,0.3913449937106918
-0.5337715960448467,-0.5820136613922726,0.04824206534742592,0.4770338545454546
-0.0558628419414163,0.61186297065873,-0.6677258126001463,0.5642011216216216
-0.8327584106603032,-0.4748418561904422,-0.357916554469861,0.3818871419753086
0.2079725019593808,0.5696588984756823,-0.3616863965163015,0.3691574802631578
0.3833852215448546,0.45500666334269624,-0.07162144179784163,0.3924679037433155
-1.1531601773544742,-1.2181379218036203,0.06497774444914617,0.3993076298701298
0.3065138996302894,0.6724646026707369,-0.3659507030404475,0.3818871419753086
2.1651726457947125,1.404502553295867,0.7606700924988454,0.4151807791411043
2.1651726457947125,1.6568365182049742,0.5083361275897382,0.3608544807692307
-0.5342755474346205,-0.2258444750502213,-0.30843107238439915,0.3581031125827814
0.8202790229942627,0.5157513702643164,0.3045276527299463,0.3978908843930636
-0.0626270534175157,-0.29895021931368887,0.23632316589617317,0.3385222580645161
-0.0727592486844174,-0.2704902342780596,0.19773098559364222,0.4270410310559006
-0.7059368853955855,0.38853105283029776,-1.0944679382258833,0.4509778670886076
0.2309923349403161,1.7305293314206531,-1.4995369964803371,0.3801381595092024
0.6788979170973479,0.3247664019213681,0.35413151517597985,0.4108178661971831
2.1651726457947125,0.3406079267223688,1.8245647190723437,0.3801381595092024
-0.642684878591362,-0.4569487029948775,-0.18573617559648453,0.3683428963414634
-0.7777855842057945,-0.9902660842967939,0.2124805000909994,0.3818871419753086
1.0262643369050843,1.0336381744195715,-0.007373837514487169,0.3978908843930636
2.1651726457947125,0.11957273792392971,2.0455999078707827,0.4509778670886076
2.1651726457947125,2.212111302278512,-0.04693865648379969,0.3978908843930636
-0.8731603255671343,-0.1598811550244387,-0.7132791705426956,0.345568697368421
-0.5006849326120881,-0.2783945654565301,-0.22229036715555806,0.4577306518518518
-0.3933520099016187,-0.37866811484582885,-0.014683895055789875,0.4142846265822784
-0.895172606380745,-0.6298117081200355,-0.2653608982607095,0.5642011216216216
0.8293734239077585,0.416070389520946,0.4133030343868125,0.3385222580645161
-0.4776983075608552,-0.4726641110094208,-0.005034196551434389,0.3448446496815286
-0.5499903137313569,-0.40226249287311544,-0.14772782085824143,0.3581031125827814
-0.2907921251024896,-0.48680122205998166,0.19600909695749208,0.3448446496815286
-0.4222264509652037,-0.27391075597880754,-0.14831569498639618,0.3672524791666667
2.1651726457947125,2.3212837762138103,-0.15611113041909785,0.4505385
-1.152236732107384,-1.105975058121627,-0.04626167398575709,0.3062974840764331
-0.0757082179860279,0.6800889490089774,-0.7557971669950053,0.4236190132450331
-0.8236388250925263,-0.49463649720383884,-0.32900232788868744,0.3547797567567567
0.3209860371778086,0.620962192173801,-0.2999761549959924,0.3385222580645161
-0.2907921251024896,-0.6372458717052186,0.34645374660272904,0.3448446496815286
-1.1077728244437357,-1.0496226386898373,-0.05815018575389841,0.5263955251396648
-0.2907921251024896,-0.22649860627958388,-0.06429351882290571,0.3547797567567567
-0.5799720297943739,-0.6758667909477247,0.09589476115335083,0.4077540532544379
-0.7235289729504578,-0.5551130603514229,-0.16841591259903488,0.3818871419753086
-0.2942842283935654,-0.2505514840536777,-0.043732744339887664,0.4581912866666666
-0.5012124182035754,-0.8793213965209303,0.3781089783173549,0.4770338545454546
1.1420865901970267,0.15885647242151382,0.983230117775513,0.2730334219653179
-0.9613238510149424,-1.0165413137689328,0.05521746275399031,0.4577306518518518
-0.149568940497384,-0.1899029792301881,0.040334038732804084,0.3683428963414634
0.2885868993562233,0.3901418782620125,-0.10155497890578924,0.3683428963414634
-0.058978253402294,-0.33103133076885594,0.2720530773665619,0.4699289935064935
0.5968945866111458,0.4012626002146164,0.1956319863965294,0.345568697368421
2.1651726457947125,2.041817788495112,0.1233548572996006,0.3234683624161074
-1.117537393325933,-1.1569297869585626,0.039392393632629696,0.4056208709677419
-0.7041267426279613,-0.4254659748137406,-0.27866076781422067,0.3427241592356688
0.2370935517757174,-0.06757096973812461,0.304664521513842,0.4699289935064935
0.0582101689356693,0.23730943411893235,-0.17909926518326305,0.3571249225352113
-0.2907921251024896,-0.16195595079259514,-0.12883617430989444,0.3960697315436241
-0.190025637672728,-0.5094054627687502,0.3193798250960222,0.3691574802631578
-0.7300536857727579,-0.38774211887627824,-0.3423115668964796,0.3234683624161074
-0.0462298733169711,-0.21080693643184462,0.16457706311487352,0.3859531132075471
0.139054792580562,-0.5624516268990817,0.7015064194796437,0.4056208709677419
-1.1115212149696154,-1.1495828329554982,0.03806161798588281,0.3754729428571428
-0.570633542951447,-0.08941606154738711,-0.48121748140405984,0.4135580243902439
0.1728487090094228,-0.20790138732477115,0.380750096334194,0.3754729428571428
0.1692950449468489,-0.2210753419955102,0.39037038694235915,0.3062974840764331
0.4199244158357456,0.7589762220052774,-0.3390518061695318,0.4505385
2.1651726457947125,0.51430190251973,1.6508707432749825,0.3496421194968553
2.1651726457947125,-0.09490605493430929,2.260078700729022,0.4509778670886076
-0.7877120620094886,0.30767000553820195,-1.0953820675476906,0.4577306518518518
-0.2907921251024896,-0.171229054338613,-0.1195630707638766,0.38214178
0.7641593079054902,0.5046282354704597,0.2595310724350306,0.4707778461538461
1.9525343022675008,0.387336892852503,1.5651974094149979,0.3978908843930636
-0.1214217028596684,-0.5404933597756554,0.41907165691598697,0.4056208709677419
2.1651726457947125,2.2798807338283185,-0.11470808803360599,0.3978908843930636
-0.4637825884424326,-0.31899016795203555,-0.14479242049039703,0.4509778670886076
-0.3285881623979221,-0.1995587829600785,-0.1290293794378436,0.32182454
0.9819886723499,0.45818643117844454,0.5238022411714554,0.3336369019607843
-0.2907921251024896,-0.2091216798471633,-0.0816704452553263,0.3754729428571428
-0.98723355592351,-0.8251816336586281,-0.16205192226488196,0.3691574802631578
0.5736470902188527,0.6290089809289561,-0.055361890710103334,0.4151807791411043
-0.6134407761659583,-0.08028731983794511,-0.5331534563280131,0.3841937837837837
1.3591961410119535,1.2573130710566007,0.10188306995535279,0.3978908843930636
-0.2907921251024896,0.09472458957304364,-0.3855167146755332,0.3999173558282208
-0.2388252184674811,-0.3821194874422489,0.1432942689747678,0.3547797567567567
0.3532902664494763,-0.5405448452821174,0.8938351117315937,0.3581031125827814
2.1651726457947125,2.3311113686526412,-0.16593872285792877,0.3924679037433155
0.3697735806823986,0.9215528300783492,-0.5517792493959506,0.3330391923076923
-0.6079783193374386,-0.5923730248778886,-0.015605294459550056,0.3448446496815286
-0.9026992156188433,-0.9570082231124879,0.054309007493644645,0.2730334219653179
-0.2907921251024896,-0.38337051537174494,0.09257839026925535,0.3496421194968553
2.1651726457947125,1.7286257600696664,0.4365468857250461,0.2853974074074074
2.1651726457947125,2.2119833785668543,-0.04681073277214187,0.4135580243902439
-0.4862837443202129,-0.02032638424317568,-0.4659573600770372,0.4581912866666666
0.0571379163337169,1.145196700163671,-1.088058783829954,0.4489242193548386
2.1651726457947125,2.096737873593919,0.06843477220079341,0.4103113666666667
-0.4377883641985753,-0.4613818475984609,0.023593483399885595,0.3989209285714286
-0.839794995539249,-0.8212044726754582,-0.018590522863790815,0.3999173558282208
-1.1923568019311015,-0.9425253706555987,-0.24983143127550278,0.4236190132450331
-0.7886698688391561,-0.45638260531904895,-0.3322872635201072,0.3841937837837837
0.8547835709740741,1.0777783402010013,-0.22299476922692718,0.2853974074074074
-0.2907921251024896,-0.5323644358194938,0.2415723107170042,0.3794539181286549
-0.2907921251024896,-0.9146817521836903,0.6238896270812007,0.2730334219653179
-0.8609415169188986,-0.6026921638667202,-0.25824935305217844,0.4862467272727273
-0.2907921251024896,-0.2641661521859506,-0.02662597291653901,0.3336369019607843
-0.8264283601214448,-0.8754400272985601,0.04901166717711525,0.3801381595092024
0.3818778663048083,-0.33950832255041963,0.721386188855228,0.3672524791666667
-1.054357595287388,-1.0621499491574284,0.007792353870040403,0.4103113666666667
-0.2907921251024896,-0.0998595949716261,-0.19093253013086348,0.3062974840764331
-1.1501212232078435,-1.2403942781236486,0.09027305491580506,0.4505385
-0.7518967183407987,0.21960109143084333,-0.971497809771642,0.4577306518518518
-0.2907921251024896,-0.35826657055135747,0.06747444544886788,0.345568697368421
-0.1802581726147138,0.0935899721888736,-0.27384814480358743,0.1728005125
0.784615399337007,0.6962142347718737,0.08840116456513325,0.3993076298701298
-0.8892124077624395,-0.4698869351213143,-0.4193254726411252,0.3841937837837837
0.4573743548916294,0.8682420195512429,-0.4108676646596135,0.345568697368421
-1.1003458706885043,-1.1958365956762091,0.09549072498770483,0.4077540532544379
-0.8271809134053213,-0.41827934203031786,-0.40890157137500344,0.3794539181286549
-0.6202750217403727,0.3471999981816224,-0.9674750199219951,0.3608544807692307
0.1465128937749037,-0.07083671585151426,0.21734960962641797,0.4270410310559006
-0.2907921251024896,-0.6217743462373239,0.3309822211348343,0.3794539181286549
-0.4356036475362852,0.43412382430816115,-0.8697274718444463,0.3801381595092024
-1.1390691295425672,0.003349697975501052,-1.1424188275180682,0.2560125510204081
-0.0062466290220326,0.04194285568508534,-0.04818948470711794,0.4056208709677419
-0.5111465746130472,-0.5653141471825918,0.05416757256954452,0.3427241592356688
1.009971591310289,0.37405585134787317,0.6359157399624158,0.3385222580645161
-0.0734797995899991,0.5640880102921957,-0.6375678098821947,0.3581031125827814
2.1651726457947125,0.531753268280527,1.6334193775141854,0.2730334219653179
0.9789155482887076,1.5072466986770385,-0.5283311503883309,0.4151807791411043
-0.5174073572502458,-0.21642894729383527,-0.3009784099564105,0.3385222580645161
2.1651726457947125,2.2098639625646186,-0.04469131676990612,0.3801381595092024
1.675739677303676,2.1590721249545397,-0.4833324476508638,0.3924679037433155
-0.1769299898481009,-0.05304714818411848,-0.12388284166398242,0.5642011216216216
-0.4086428594767883,-0.4910145669705858,0.08237170749379752,0.4151807791411043
2.1651726457947125,1.1350671071682013,1.0301055386265112,0.4095118375
0.9605831887820766,1.0058933473811205,-0.04531015859904386,0.4103113666666667
-0.9260404272513616,0.16071210069870998,-1.0867525279500716,0.4577306518518518
-1.166175801286773,-1.0218010977755543,-0.14437470351121862,0.4505385
1.4874640993744896,1.4676497941779911,0.019814305196498516,0.3234683624161074
-0.7666088200442217,-0.6434803097062374,-0.12312851033798433,0.4489242193548386
-0.0153956418500797,0.8018158988702393,-0.817211540720319,0.4236190132450331
2.1651726457947125,1.4300697975407446,0.7351028482539679,0.4135580243902439
-1.2909457133027695,-0.9628557723073269,-0.32808994099544264,0.3448446496815286
-1.1046143257118963,-0.9667782574535899,-0.1378360682583064,0.3496421194968553
-0.6640695460935901,-0.35535903552042336,-0.3087105105731668,0.3234683624161074
-0.5904650735768698,-0.17189045474803144,-0.4185746188288384,0.4142846265822784
-1.1737984698752248,-1.0385635981998032,-0.1352348716754217,0.3794539181286549
0.935144776031806,2.4615103651711125,-1.5263655891393064,0.4505385
0.0310003324962215,0.6690176863358902,-0.6380173538396687,0.3279570604026846
-0.640785752818481,-0.4422299865086899,-0.19855576630979116,0.3972289517241379
-0.7373840123839188,-0.40662279851926003,-0.3307612138646588,0.4581912866666666
-0.2907921251024896,0.27923217360447106,-0.5700242987069606,0.3801381595092024
2.1651726457947125,2.1861498772037513,-0.020977231409038843,0.3234683624161074
-0.3981148467800331,1.2579186175723438,-1.6560334643523769,0.3683428963414634
-0.638143906750858,-0.38590138764717996,-0.252242519103678,0.3062974840764331
-1.130369347519762,-1.231071206319499,0.10070185879973703,0.4770338545454546
-0.2887306611161286,-0.33412632672940623,0.045395665613277625,0.4699289935064935
-0.6241048264053771,-0.15188371235379472,-0.4722211140515824,0.3818871419753086
-0.2619202643071652,-0.5826272903366292,0.320707026029464,0.2730334219653179
-0.838573880910698,-0.8758449896412684,0.03727110873057049,0.3672524791666667
1.5706219891772928,0.06934245904195184,1.501279530135341,0.3978908843930636
-1.1408418146434045,-1.0150019039603742,-0.12583991068303035,0.4077540532544379
2.1651726457947125,1.773645249784591,0.39152739601012154,0.4103113666666667
-0.4066169618320683,-0.010841977666558197,-0.3957749841655101,0.3062974840764331
0.7850503625225556,0.7151907350706769,0.06985962745187868,0.3993076298701298
-0.2907921251024896,-0.0977004846795936,-0.193091640422896,0.3960697315436241
2.1651726457947125,1.3422979543659723,0.8228746914287401,0.2853974074074074
-0.2730149170668869,-0.1599153338787587,-0.11309958318812821,0.4505385
0.6895181336777506,2.2603691077214156,-1.570850974043665,0.345568697368421
-0.4069713222387565,-0.25405499343648946,-0.15291632880226702,0.3683428963414634
2.1651726457947125,0.14466544850932855,2.020507197285384,0.4077540532544379
-0.2980104828087333,0.526780963003658,-0.8247914458123913,0.3425733024691358
1.1156868122001504,0.8544681941845409,0.2612186180156095,0.4581912866666666
-1.1427773838827426,-1.1035666172837693,-0.03921076659897338,0.3581031125827814
-0.7533421950794,-0.43578615262099285,-0.3175560424584072,0.3336369019607843
-0.3200360607394797,-0.7290281475129143,0.4089920867734346,0.3571249225352113
0.356567284394143,-0.06203874067398061,0.4186060250681236,0.4095118375
-0.2907921251024896,-0.10736878651786273,-0.18342333858462684,0.2730334219653179
2.1651726457947125,1.1426465345221644,1.022526111272548,0.4077540532544379
-1.1337250665780536,-1.1838350382753053,0.05010997169725173,0.4095118375
1.2211725195553964,0.9402666859509465,0.2809058336044499,0.38214178
-0.3943423420566259,-0.5865316037189898,0.19218926166236394,0.3496421194968553
-0.5982140224669389,-0.32409004764275867,-0.2741239748241802,0.4103113666666667
-1.1832949751909538,-0.847802477462558,-0.33549249772839584,0.4505385
-0.3887106286629244,0.1751387320807608,-0.5638493607436852,0.3859531132075471
1.829064329559728,-0.026791112052857682,1.8558554416125856,0.3581031125827814
-0.2907921251024896,-0.19843502397660495,-0.09235710112588463,0.4095118375
1.2130899098496657,-0.01002433531649281,1.2231142451661585,0.4142846265822784
-0.2907921251024896,-0.2502283301323766,-0.040563794970112976,0.3547797567567567
-0.797689073136955,-0.9021460019292126,0.10445692879225754,0.3608544807692307
-0.5874811369456883,0.45422598781300105,-1.0417071247586893,0.2560125510204081
-1.1453056704148534,-0.6971124930179453,-0.4481931773969081,0.4236190132450331
-0.7404417598211278,-0.42060620883191674,-0.31983555098921107,0.4077540532544379
-0.4340695094840942,-0.13999208487092255,-0.29407742461317166,0.4270410310559006
-1.1410697459462713,-1.1459798382951558,0.004910092348884509,0.3385222580645161
2.1651726457947125,2.2931944975367418,-0.1280218517420293,0.3234683624161074
-0.0822005469163936,0.7975186466135886,-0.8797191935299822,0.4050421041666666
2.1651726457947125,0.7912089270447097,1.373963718750003,0.3913449937106918
-1.1076894262752162,-0.9893936609935029,-0.11829576528171326,0.4077540532544379
0.5476457269554872,0.5703711599134985,-0.022725432958011327,0.4050421041666666
-0.1135816748182704,0.34834916839548274,-0.46193084321375316,0.3581031125827814
-0.5929164365795194,-0.5296218019877413,-0.06329463459177809,0.4095118375
-1.0782745891272667,-1.1438177100864262,0.06554312095915948,0.3691574802631578
0.373009705752833,0.40527169348739955,-0.032261987734566566,0.3978908843930636
-0.3321119586569576,-0.2806728908228436,-0.051439067834114005,0.4142846265822784
0.2273174624493526,-0.0008163165349495682,0.22813377898430218,0.4581912866666666
0.6529484103722468,-0.16934794244035756,0.8222963528126044,0.4151807791411043
2.1651726457947125,1.264355143529982,0.9008175022647305,0.4509778670886076
2.1651726457947125,-0.18066740026539221,2.3458400460601045,0.3913449937106918
-0.1386997167389186,-0.29313364316014606,0.15443392642122747,0.3234683624161074
-0.1555276542630195,1.6111768679297145,-1.766704522192734,0.4862467272727273
-1.1200037916107672,0.39759104690775926,-1.5175948385185265,0.5642011216216216
0.2742803973617715,-0.04426036818603473,0.31854076554780625,0.3754729428571428
0.9765281920235076,0.8825639924145491,0.09396419960895852,0.3385222580645161
-0.9104283765492838,-0.8541375610308579,-0.05629081551842585,0.2730334219653179
-0.2907921251024896,-0.30297131848833997,0.012179193385850384,0.2560125510204081
-0.73297903094161,-0.37317148724890176,-0.35980754369270823,0.345568697368421
1.224607593490354,0.009110978897508266,1.2154966145928456,0.3960697315436241
-1.110466064716895,0.35527320643432764,-1.4657392711512225,0.3818871419753086
-0.3009118758144079,0.1372842004831606,-0.4381960762975685,0.3683428963414634
-1.12155388366802,-1.2565239722914485,0.13497008862342863,0.4095118375
-0.2907921251024896,-0.06599615396316927,-0.22479597113932032,0.3683428963414634
-0.2907921251024896,-0.23985262583589878,-0.050939499266590804,0.3841937837837837
0.4108502739700082,-0.2438180326048653,0.6546683065748735,0.3794539181286549
-1.10238989557943,-1.0749597733298257,-0.027430122249604283,0.451932013245033
2.1651726457947125,2.0288251750087465,0.13634747078596599,0.3425733024691358
-0.8621555479920219,-0.4299701525397522,-0.4321853954522697,0.4505385
-0.2907921251024896,-0.5862825908277794,0.29549046572528986,0.3794539181286549
-1.0040202329257597,-0.9101577443111856,-0.09386248861457414,0.4077540532544379
-0.3438387303922616,0.2901691988761256,-0.6340079292683871,0.3425733024691358
-0.5631974958602128,-0.458156020415833,-0.10504147544437986,0.5528236513157895
-1.1765969451989016,-1.4336717276848854,0.2570747824859838,0.3608544807692307
0.3820577232442961,0.22027343607293862,0.16178428717135748,0.4142846265822784
-0.2907921251024896,-0.054383168229616585,-0.236408956872873,0.4135580243902439
-0.1812423019046575,-0.20838297961763647,0.027140677712978956,0.38214178
0.7883503612166464,1.0533395913480066,-0.2649892301313602,0.4236190132450331
0.2471444660172881,0.662785053650867,-0.4156405876335789,0.38214178
-0.193760761586717,0.08531340941169362,-0.27907417099841064,0.3427241592356688
-0.3949343371278355,-0.478562837671314,0.08362850054347853,0.4108178661971831
1.252085456929594,0.6739978571702699,0.5780875997593241,0.4707778461538461
0.9655841860452612,-0.1384944558000937,1.104078641845355,0.2853974074074074
1.174635749640666,2.014438751672375,-0.8398030020317091,0.3336369019607843
-0.607949447114146,0.669035855805435,-1.276985302919581,0.3330391923076923
-0.2907921251024896,-0.13025648995058975,-0.16053563515189984,0.4509778670886076
-0.4848027895863276,0.9110641661651753,-1.3958669557515029,0.5263955251396648
-0.2907921251024896,-0.6270443387545319,0.33625221365204233,0.4489242193548386
-0.1088685357368724,-0.6775097687940961,0.5686412330572237,0.3608544807692307
-0.6202240114255079,0.1726769509687009,-0.7929009623942087,0.4505385
-0.6014561546934671,-0.3773020990275572,-0.22415405566590996,0.5528236513157895
-0.4006519414043043,-0.6630553925645464,0.26240345116024205,0.3496421194968553
-1.104356730713308,-1.2119589586324906,0.10760222791918261,0.4577306518518518
-0.6792110031678479,-1.0230745173068567,0.34386351413900884,0.3062974840764331
-0.6295390702408182,-0.2151183867664558,-0.41442068347436245,0.3062974840764331
2.1651726457947125,2.1132025198615376,0.05197012593317485,0.3683428963414634
-0.9022443815944832,0.6655930604654092,-1.5678374420598924,0.4862467272727273
-0.5744170137159192,-0.49660093197109606,-0.07781608174482318,0.4489242193548386
0.3213937053008118,0.48027515881957367,-0.15888145351876187,0.38214178
-0.4608126244016528,-0.39657624759973636,-0.06423637680191646,0.3336369019607843
-0.5559615639638805,-0.5182097256900896,-0.037751838273790916,0.4707778461538461
-0.2467218622614254,-0.47759741734202593,0.23087555508060054,0.3754729428571428
-0.6737292781177517,-0.5907658487006383,-0.08296342941711343,0.3330391923076923
-0.3071175632072105,1.3931679388770604,-1.7002855020842709,0.3330391923076923
-0.9985394804779324,-0.9915066763227104,-0.0070328041552220055,0.4056208709677419
0.0073206025434859,-0.33344437645064967,0.34076497899413555,0.3794539181286549
-0.3847991091642447,0.44122833705528713,-0.8260274462195318,0.4236190132450331
0.5347051784894864,0.30210426199374896,0.23260091649573744,0.38214178
-0.3176027473333231,-0.24284512551363602,-0.07475762181968709,0.3062974840764331
-0.6326981889818428,-0.32199620730906364,-0.3107019816727792,0.3427241592356688
-0.2907921251024896,-0.16614597125480424,-0.12464615384768535,0.451932013245033
-1.1472195118383468,-0.8597443526916312,-0.2874751591467156,0.3547797567567567
0.746326499902359,-0.37619126934072405,1.122517769243083,0.3691574802631578
0.1692430319206424,1.2012209440201527,-1.0319779120995103,0.3999173558282208
-0.3652456100702264,-0.38153426391470435,0.016288653844477974,0.3913449937106918
0.5285732571352748,0.06396305367612672,0.4646102034591481,0.451932013245033
2.1651726457947125,1.1927028427340496,0.9724698030606629,0.3960697315436241
2.1651726457947125,2.073487813108741,0.0916848326859716,0.4489242193548386
0.2588963903169411,1.1372993866152106,-0.8784029962982695,0.2730334219653179
-0.2907921251024896,-0.0051469347102507945,-0.2856451903922388,0.3496421194968553
-0.2907921251024896,0.01104012431921397,-0.30183224942170356,0.4050421041666666
0.6015572319859721,0.526032562902588,0.07552466908338407,0.3336369019607843
1.8334694746210745,1.2322200816682798,0.6012493929527947,0.3691574802631578
-1.1312963156471616,-1.041331698241354,-0.08996461740580752,0.3999173558282208
-0.4069004423132132,0.2796536852236954,-0.6865541275369086,0.3999173558282208
-0.1286853691732984,-0.2214885667327319,0.0928031975594335,0.3972289517241379
0.8638338153483707,-0.2830226668619635,1.1468564822103342,0.3794539181286549
1.3505467018730386,1.2309296712611622,0.11961703061187645,0.3330391923076923
-0.2907921251024896,-0.26161379337639484,-0.02917833172609474,0.4077540532544379
-1.1328730837878211,-1.0789484082741068,-0.05392467551371438,0.3978908843930636
0.7986784302609774,0.6586963579253117,0.13998207233566573,0.3581031125827814
-0.6254357511975965,-0.1613763591033911,-0.46405939209420544,0.4505385
-1.1430458149779792,-1.1792901734276546,0.03624435844967544,0.3385222580645161
-0.2907921251024896,0.1696188845856588,-0.4604110096881484,0.5528236513157895
0.4914321317793189,-0.023517261932271258,0.5149493937115901,0.345568697368421
0.6790696414179416,0.3124103624075498,0.36665927901039175,0.4108178661971831
-0.6299870282642634,-0.07760283172448931,-0.5523841965397741,0.4862467272727273
0.0412366730633093,-0.16408090996419325,0.20531758302750255,0.4862467272727273
-0.940072488260896,0.24316134406170836,-1.1832338323226044,0.3818871419753086
-0.2907921251024896,0.041959202684893115,-0.3327513277873827,0.3547797567567567
-0.8568689717245879,-0.9194009036404096,0.06253193191582174,0.451932013245033
-0.2907921251024896,-0.3513496982549353,0.0605575731524457,0.3336369019607843
-0.4762666972385588,-0.7300511712186226,0.2537844739800638,0.3496421194968553
-0.2907921251024896,-0.6322543190635432,0.34146219396105365,0.4236190132450331
-1.0248027752386406,-0.8909228974860954,-0.13387987775254517,0.3330391923076923
2.1651726457947125,2.3472009698298093,-0.18202832403509683,0.2730334219653179
-0.2907921251024896,-0.8356682525424709,0.5448761274399814,0.4577306518518518
2.1651726457947125,2.241978692121951,-0.07680604632723842,0.38214178
-0.2502387124367186,0.10286045451027018,-0.35309916694698873,0.3571249225352113
-0.4800378541848092,-0.1486098948105799,-0.3314279593742293,0.2730334219653179
2.1651726457947125,1.2362343682790176,0.9289382775156949,0.4151807791411043
-0.1106157727290456,0.24463382677139303,-0.35524959950043866,0.3062974840764331
0.6953931057937396,0.5597036403061219,0.13568946548761773,0.4270410310559006
-0.7443879994380482,1.957134322653647,-2.7015223220916953,0.3993076298701298
1.4224363407019478,-0.3586479294921907,1.7810842701941385,0.4108178661971831
-1.138256312712802,0.09129137434049728,-1.2295476870532993,0.2560125510204081
-1.177647116084558,-1.1580726093831974,-0.019574506701360628,0.3960697315436241
1.234254638898438,0.24913147977944308,0.9851231591189948,0.4103113666666667
0.2541268066293021,1.1393604650735418,-0.8852336584442397,0.3581031125827814
-0.4066169618320683,-0.21210451230351987,-0.19451244952854843,0.4103113666666667
0.2784896797385048,-0.3175181124195419,0.5960077921580467,0.4862467272727273
-1.2481186528679844,0.22748220985450238,-1.4756008627224868,0.345568697368421
-0.8580643165528078,1.0579675263170716,-1.9160318428698795,0.3496421194968553
-1.0362132789015936,-0.9367884755207259,-0.09942480338086779,0.451932013245033
-1.10924013105209,-0.8270176456110531,-0.282222485441037,0.3818871419753086
2.1651726457947125,0.5497827467868575,1.615389899007855,0.2308548911564625
-1.1442266626840645,-0.8887664824662118,-0.25546018021785266,0.3818871419753086
-0.3380870026325898,-0.3112749932476741,-0.02681200938491568,0.2308548911564625
-0.2907921251024896,0.3283232439242497,-0.6191153690267392,0.32182454
-0.6305072246870529,-0.30964500096946346,-0.32086222371758943,0.4770338545454546
-1.0157983861890958,-0.9043782988254956,-0.1114200873636002,0.38214178
-0.596509184198784,-0.17626407024178395,-0.42024511395700004,0.3496421194968553
0.8787290990629089,0.020580333459000354,0.8581487656039085,0.3978908843930636
2.1651726457947125,1.8267572688739562,0.3384153769207563,0.4699289935064935
-0.8374749294850657,-0.4710999125855703,-0.3663750168994954,0.5642011216216216
-0.6013388033957063,0.222842881306921,-0.8241816847026273,0.3801381595092024
-0.2907921251024896,-0.47363072375530607,0.1828385986528165,0.3279570604026846
-1.0792859845591998,-1.0117024186333103,-0.06758356592588943,0.3581031125827814
-1.1472793384857496,-1.0423760754416653,-0.10490326304408426,0.3581031125827814
0.0617899205285211,-0.05584530492454354,0.11763522545306464,0.3754729428571428
0.5034144459460601,-0.6417004853058308,1.145114931251891,0.3913449937106918
0.4533943546850615,0.46759672955741405,-0.014202374872352541,0.3581031125827814
-0.7369113142111806,-0.11221042606501369,-0.6247008881461669,0.3425733024691358
-1.0580888562074022,-0.8464036327163041,-0.21168522349109808,0.4135580243902439
-0.8764890411850922,-0.8845991535555777,0.008110112370485534,0.37639671875
-1.0964437456165508,-1.0148109329009276,-0.08163281271562317,0.3978908843930636
-0.9067088719146306,-1.0196717020615433,0.11296283014691277,0.3794539181286549
-0.9672084396516828,0.3849714523542005,-1.3521798920058834,0.3547797567567567
2.1651726457947125,1.2978498015398425,0.8673228442548699,0.3989209285714286
0.3565323681707602,0.5984168134186463,-0.24188444524788605,0.3385222580645161
-0.8095045846279053,-0.9388651250712516,0.12936054044334633,0.3972289517241379
-1.066388067013629,-0.004829189479170812,-1.0615588775344582,0.5263955251396648
0.0138195709204632,-0.34994757465709925,0.36376714557756246,0.3571249225352113
0.6252250771747658,-0.08977691705494402,0.7150019942297099,0.3794539181286549
2.1651726457947125,1.397264044263205,0.7679086015315075,0.3801381595092024
-0.7007344750780142,-0.27242306845142766,-0.42831140662658657,0.2730334219653179
2.1651726457947125,2.230066558158027,-0.06489391236331432,0.4505385
2.1651726457947125,2.2821199929232265,-0.11694734712851407,0.3754729428571428
-1.1608943860312666,-0.7944152906354273,-0.36647909539583934,0.3683428963414634
-0.6143583077535477,-0.03867878516366705,-0.5756795225898806,0.3859531132075471
-0.6236601427435433,0.21483928260989932,-0.8384994253534426,0.3336369019607843
-0.2798388970323391,-0.15481380872640207,-0.12502508830593703,0.3547797567567567
-0.2907921251024896,-0.5209405196441357,0.2301483945416461,0.4862467272727273
0.1072653400986718,-0.22223427112884706,0.32949961122751886,0.2560125510204081
-1.1870457438185211,-1.2187940882214356,0.03174834440291452,0.3336369019607843
-1.10849326818479,0.0241899108108709,-1.132683178995661,0.4707778461538461
-0.9099603828794736,-0.404656956301757,-0.5053034265777165,0.451932013245033
-0.9585574021172012,-0.6658697732392437,-0.2926876288779575,0.3913449937106918
-0.2907921251024896,0.41753883230933875,-0.7083309574118284,0.4699289935064935
0.9723067602399338,0.41832050465503706,0.5539862555848967,0.4770338545454546
-0.8552942248534917,-0.46852073108289655,-0.38677349377059517,0.2560125510204081
-0.0326866624523866,-0.19271725807376722,0.1600305956213806,0.3330391923076923
2.1651726457947125,0.577774246668986,1.5873983991257266,0.2853974074074074
-0.1080906183327968,-0.49122545095419384,0.383134832621397,0.3794539181286549
-0.1911093289489459,-0.08527807397337636,-0.10583125497556953,0.3989209285714286
-0.2886014464477142,-0.19916470724474078,-0.0894367392029734,0.3993076298701298
1.0575747049215354,0.6565189677876547,0.40105573713388065,0.3794539181286549
-0.7381495256425554,-0.12964055156038234,-0.6085089740821731,0.4862467272727273
0.8888409477280397,0.9747777978189892,-0.08593685009094953,0.2853974074074074
-0.0032532314072283,0.29365224900646864,-0.2969054804136969,0.3608544807692307
0.2567407633763738,1.2676759208068957,-1.0109351574305219,0.3279570604026846
0.9183234842930688,1.132248157686001,-0.2139246733929323,0.4707778461538461
-0.9848065639170802,-0.24806065540722816,-0.736745908509852,0.37639671875
-0.3668869938647053,-0.48915386629979074,0.12226687243508544,0.4077540532544379
0.2299801931203279,-0.6831583400173499,0.9131385331376778,0.4056208709677419
-1.1377302634825317,-1.1703932508977632,0.03266298741523155,0.4270410310559006
1.8780341450683409,0.5396160507910064,1.3384180942773345,0.451932013245033
0.4573585397052379,-0.1429299530243373,0.6002884927295752,0.4707778461538461
0.4217326514313436,0.37693890220833925,0.04479374922300433,0.2853974074074074
0.0331203546664635,-0.6023100591833831,0.6354304138498466,0.4056208709677419
-0.0034849702399893,0.1358464392371157,-0.139331409477105,0.3062974840764331
0.6559702099541754,1.0877254876682323,-0.43175527771405686,0.4103113666666667
-1.200036618806508,-1.0026901370869898,-0.19734648171951807,0.4699289935064935
-1.006978548321111,-0.6700652100364456,-0.3369133382846655,0.4505385
-0.2465198696073976,-0.03464794215873668,-0.21187192744866093,0.4135580243902439
-0.3970565426019904,0.24165980524539393,-0.6387163478473843,0.4581912866666666
-0.8459025788587513,-0.2764273654685853,-0.5694752133901659,0.4103113666666667
0.5373164598870165,0.04928936056181909,0.4880270993251974,0.3999173558282208
0.1069122458577079,1.4600327362815206,-1.3531204904238128,0.4577306518518518
-0.6553277858041141,0.028670259406613812,-0.6839980452107279,0.4505385
-0.900749768870384,-0.3418967608602749,-0.5588530080101092,0.451932013245033
-1.0352794926143916,-0.6368578224757515,-0.39842167013864005,0.3571249225352113
0.8834773437379075,-0.3629138783488228,1.2463912220867304,0.4056208709677419
0.2541963506628485,-0.3963469978735772,0.6505433485364257,0.4236190132450331
-0.8641651158229171,-0.538863341445399,-0.32530177437751806,0.3841937837837837
-0.2770330575446042,0.0678623725789947,-0.3448954301235989,0.3062974840764331
-0.2907921251024896,-0.5438371017225779,0.25304497662008835,0.4077540532544379
-0.9334450599231716,-0.6228186974732541,-0.3106263624499175,0.3425733024691358
-1.0531739651464689,-1.0819437541232284,0.028769788976759525,0.2730334219653179
-0.3648609001148433,-0.2390444225470655,-0.12581647756777778,0.3924679037433155
0.2794801097479969,0.6186819109943276,-0.33920180124633065,0.4505385
0.0653216639979529,-0.07334593471982981,0.13866759871778273,0.3683428963414634
-0.070494685931794,-0.5180888822276618,0.44759419629586783,0.3385222580645161
-0.722022597443777,-0.23498133330178433,-0.4870412641419926,0.4135580243902439
-0.9007723336392044,1.0815167917501731,-1.9822891253893775,0.3989209285714286
-0.8283993190097101,-0.47556375917714705,-0.35283555983256304,0.3960697315436241
-0.5450301047529948,-0.4312839985524995,-0.11374610620049536,0.3683428963414634
2.1651726457947125,-0.24994531556609478,2.4151179613608074,0.4050421041666666
0.9642995274081616,-0.2524938927396255,1.2167934201477872,0.3608544807692307
1.4712421457550529,0.34393491369446016,1.1273072320605926,0.4056208709677419
1.1268676668376625,0.10395594852871837,1.022911718308944,0.4151807791411043
1.0903276025530508,1.1547829928410422,-0.06445539028799141,0.2308548911564625
-0.6403993737904461,-0.5438797804379862,-0.09651959335245985,0.3801381595092024
-0.4303565783334139,-0.4013330078526409,-0.029023570480772976,0.3993076298701298
-0.5067205287052966,-0.29332982769745597,-0.21339070100784063,0.4103113666666667
0.1552311194664941,1.7003856595495834,-1.5451545400830893,0.4050421041666666
-0.5627913569611445,-0.1844611346091237,-0.37833022235202074,0.4699289935064935
-1.0102829152077162,-0.051884122866996694,-0.9583987923407195,0.4707778461538461
-0.2907921251024896,0.7329651770095122,-1.0237573021120019,0.4862467272727273
-0.209282148801132,-0.37259021611970033,0.16330806731856834,0.4581912866666666
-0.3447942822108835,-0.18745522523090286,-0.15733905697998063,0.3330391923076923
2.1651726457947125,2.2024747715750723,-0.03730212578035985,0.38214178
2.1651726457947125,0.35725845228201614,1.8079141935126963,0.345568697368421
-0.2907921251024896,-0.6722351730571107,0.3814430479546211,0.3336369019607843
-1.189916381199197,-1.2653891643912358,0.07547278319203876,0.3427241592356688
-0.6552054316462894,0.1768934995700408,-0.8320989312163303,0.451932013245033
0.6929284226959784,0.5962249502566853,0.09670347243929311,0.3993076298701298
-0.2907921251024896,-0.5752682923706993,0.28447616726820973,0.3336369019607843
-0.9235910875387524,-0.6897978689965724,-0.23379321854218005,0.1728005125
-0.6542544738382237,-0.11796036046738108,-0.5362941133708425,0.3062974840764331
-1.1427773838827426,-1.0504612902663546,-0.09231609361638804,0.37639671875
-1.0932558834081347,-0.8798941292170108,-0.2133617541911239,0.3496421194968553
-1.161158363202368,-1.1639558053544041,0.0027974421520360337,0.4505385
-1.1140695866299748,-0.9796371789041204,-0.1344324077258544,0.3672524791666667
-0.3204187359554513,-0.2532991091777061,-0.06711962677774519,0.4108178661971831
0.5117212640471034,0.11872161191709311,0.39299965213001026,0.3801381595092024
-0.4140192043585625,-0.3501275939218253,-0.06389161043673719,0.3425733024691358
-0.9942128824589188,-0.6769226800954191,-0.3172902023634997,0.4142846265822784
1.401057209307301,0.6313193082306607,0.7697379010766403,0.3336369019607843
-1.2158805512405884,0.235427750819524,-1.4513083020601123,0.3385222580645161
2.1651726457947125,1.1161712602506169,1.0490013855440956,0.4236190132450331
2.1651726457947125,2.07134388013188,0.09382876566283249,0.3427241592356688
-0.2907921251024896,-0.004661055117182927,-0.2861310699853067,0.4707778461538461
-1.1102044183445436,-1.1569285800543638,0.04672416170982019,0.3841937837837837
-0.6886186660005298,-0.2628193613946942,-0.4257993046058356,0.3924679037433155
0.8998723017096828,1.899010038058588,-0.9991377363489051,0.3385222580645161
-0.6381659917553817,-0.27096213864266666,-0.36720385311271503,0.5263955251396648
0.4359744858734438,0.7238272219750803,-0.28785273610163653,0.3978908843930636
0.5669433702460132,0.7386137333545557,-0.17167036310854256,0.4489242193548386
-0.0557704288789506,-0.21925689816784666,0.16348646928889607,0.3691574802631578
-0.2907921251024896,-0.8652287734444624,0.5744366483419727,0.5263955251396648
1.86017491714662,0.09677715350013714,1.7633977636464828,0.3978908843930636
-0.2907921251024896,-0.22812446078259763,-0.06266766431989196,0.3818871419753086
0.9877741468331994,1.454755235141843,-0.4669810883086435,0.3581031125827814
1.6392883848646431,1.4017011173788936,0.23758726748574954,0.5263955251396648
2.1651726457947125,0.8648268599933387,1.3003457858013738,0.4581912866666666
0.1788412649761387,-0.4742506761603563,0.653091941136495,0.1728005125
0.9820479547362042,1.1725551250352413,-0.19050717029903708,0.1728005125
-0.2907921251024896,-0.3102171937898669,0.01942506868737731,0.2560125510204081
-0.6525249318685999,-0.5627381242074239,-0.08978680766117608,0.3913449937106918
-0.99909849106045,-0.7153475230343137,-0.2837509680261363,0.3683428963414634
-0.784565252728794,-0.7427038914377626,-0.04186136129103135,0.3960697315436241
-0.293616923797638,-0.2398685726334715,-0.053748351164166486,0.4270410310559006
-1.1180356938767133,-1.265035796207378,0.14700010233066463,0.3913449937106918
-0.1872800159333982,0.37679023020166447,-0.5640702461350626,0.3960697315436241
-0.2907921251024896,-0.3035899396470732,0.012797814544583619,0.3691574802631578
-1.0372489878055715,0.009265161124216648,-1.0465141489297882,0.3841937837837837
-0.1394865666331636,0.22313411765405,-0.3626206842872136,0.4103113666666667
1.3803920246309325,0.5033354805792934,0.877056544051639,0.3794539181286549
2.1651726457947125,1.4838057619951732,0.6813668837995392,0.1728005125
-0.4815984315680175,-0.46206685697536376,-0.019531574592653755,0.3581031125827814
-0.3583755564892488,0.5382831621088535,-0.8966587185981023,0.3234683624161074
-1.0094425872431945,-0.44931989090871327,-0.5601226963344812,0.3425733024691358
-1.0969352556207177,-1.2141227873668783,0.11718753174616059,0.3859531132075471
-0.2907921251024896,-0.41012580875290416,0.11933368365041458,0.3571249225352113
1.1422388284014418,1.2922793041386775,-0.15004047573723578,0.3924679037433155
0.3354975138129608,2.0643444339785257,-1.728846920165565,0.37639671875
-1.1136604681212656,-0.39199173109837304,-0.7216687370228926,0.3672524791666667
-0.8316261514696238,0.7801118879402176,-1.6117380394098415,0.4142846265822784
0.2552304558625552,0.5467580882636156,-0.2915276324010604,0.4103113666666667
-0.5511882015876692,-0.45628674739228925,-0.09490145419537999,0.3336369019607843
-0.4615117657759774,-0.37279792110984006,-0.08871384466613735,0.3330391923076923
2.1651726457947125,2.328643238399746,-0.16347059260503372,0.3279570604026846
0.9345803462124485,-0.14921211134077064,1.0837924575532192,0.3336369019607843
-1.1752484954607738,-0.9964422906602364,-0.17880620480053744,0.37639671875
-0.0856795634576681,0.30615205763479864,-0.3918316210924667,0.3818871419753086
2.1651726457947125,2.235723388624577,-0.07055074282986462,0.3989209285714286
-1.027227216095452,-0.14442811545969633,-0.8827991006357557,0.4050421041666666
0.9216253267716652,2.0577348892019227,-1.1361095624302575,0.3794539181286549
1.2526386695348362,0.8152965441333152,0.43734212540152095,0.3448446496815286
-0.2467460307345171,0.036269542765797844,-0.2830155735003149,0.4581912866666666
-0.2183966954571926,0.1882829329512849,-0.4066796284084775,0.3683428963414634
-1.0157439696269592,-0.22886320035556762,-0.7868807692713916,0.3448446496815286
2.1651726457947125,-0.017742489135812084,2.1829151349305245,0.3913449937106918
2.1651726457947125,2.3802058810496924,-0.21503323525497997,0.345568697368421
0.0539922107882249,0.3188288646806731,-0.2648366538924482,0.3993076298701298
0.9290963661513068,0.43008259539829563,0.4990137707530111,0.4581912866666666
2.1651726457947125,1.5674891447829562,0.5976835010117563,0.3385222580645161
0.5664708352961406,0.5597377591281715,0.006733076167969143,0.3978908843930636
0.8507866716545123,0.29390257963621363,0.5568840920182987,0.4509778670886076
-0.6721239812349268,-0.317778191880044,-0.35434578935488276,0.345568697368421
-0.6804447105197116,-0.221098756936186,-0.4593459535835256,0.4142846265822784
-0.393832218703205,-0.1750357409827522,-0.2187964777204528,0.3972289517241379
1.114775952941449,0.6650918425228259,0.449684110418623,0.3978908843930636
-0.8522047163067383,-1.109796795068569,0.25759207876183066,0.3608544807692307
2.1651726457947125,1.9993719568421642,0.1658006889525483,0.4077540532544379
-0.1608204108137127,0.32935331260942624,-0.4901737234231389,0.3972289517241379
0.0071048330080261,0.42848327143074544,-0.4213784384227193,0.3859531132075471
-0.7442548903988365,1.1896157012959898,-1.9338705916948262,0.451932013245033
-0.451457237257216,0.17449496449129914,-0.6259522017485151,0.4142846265822784
-0.2907921251024896,0.38180780963094996,-0.6725999347334395,0.4770338545454546
-0.8503504225463229,1.8254445252662785,-2.6757949478126015,0.3841937837837837
2.1651726457947125,0.19814225169080746,1.967030394103905,0.4509778670886076
-0.1263236028463395,-0.24347178377769674,0.11714818093135723,0.4095118375
2.1651726457947125,1.3658753715701395,0.799297274224573,0.2853974074074074
0.5774810289387167,0.6366915140809761,-0.05921048514225946,0.3794539181286549
-1.1162891394492855,-0.8124319680646088,-0.3038571713846767,0.4270410310559006
-1.144468361954493,-1.2756522665806005,0.1311839046261074,0.3234683624161074
-0.3681617668217945,-0.2401923967090793,-0.12796937011271522,0.4270410310559006
-1.0474027964342263,-1.1470828089587644,0.09968001252453806,0.4707778461538461
-0.4873876423494846,-0.38590509564977454,-0.10148254669971007,0.3818871419753086
-0.2907921251024896,-0.2169821916633462,-0.07380993343914338,0.3818871419753086
-0.4483593508610983,0.0716930554609876,-0.5200524063220859,0.37639671875
2.1651726457947125,2.3044069317418048,-0.1392342859470923,0.2853974074074074
2.1651726457947125,0.9578018110098359,1.2073708347848766,0.3972289517241379
-0.1715980720910044,-0.08536122888188379,-0.0862368432091206,0.3425733024691358
1.4564762022954536,1.3298006121627952,0.1266755901326584,0.3608544807692307
0.5184600824824475,-0.378160497629109,0.8966205801115565,0.4135580243902439
-0.1008201323142934,0.04889299772573408,-0.14971313004002748,0.3972289517241379
-0.8068271349784731,-0.01950062823814265,-0.7873265067403304,0.3683428963414634
-0.5211650043349947,-0.04273765545721376,-0.47842734887778093,0.3989209285714286
-0.2183760418221186,-0.5409385135969912,0.32256247177487263,0.4707778461538461
1.2022641299169647,1.1586334629369386,0.043630666980026156,0.3608544807692307
-0.3364348817844639,-0.339627297673959,0.0031924158894950927,0.3972289517241379
0.1653973419468018,0.16427625723195852,0.00112108471484329,0.4095118375
-0.3611370564063186,-0.36504447973016935,0.003907423323850745,0.3841937837837837
-0.8457218321169431,-0.8606921233111279,0.014970291194184804,0.3841937837837837
-0.1268036563485003,-0.1618900873601745,0.03508643101167419,0.3581031125827814
2.1651726457947125,0.6293902566816844,1.5357823891130282,0.345568697368421
1.339920269750068,0.27711289344005813,1.0628073763100099,0.3978908843930636
-1.0919605122800522,-1.030182054461996,-0.06177845781805624,0.3496421194968553
-0.2775158913818877,-0.5206434992260758,0.24312760784418808,0.4270410310559006
-0.6217965801429272,-0.29786839182054414,-0.323928188322383,0.3989209285714286
-0.4865200193224173,0.05728407061344978,-0.543804089935867,0.3330391923076923
-0.8228772624611116,0.18973389488436515,-1.0126111573454768,0.2560125510204081
-0.3997446572017651,0.001974309105617465,-0.4017189663073826,0.2730334219653179
-0.2907921251024896,0.10655631800283216,-0.39734844310532175,0.3571249225352113
0.7457772022688586,-0.17326788158466713,0.9190450838535257,0.4151807791411043
1.723967254658875,1.0992540717209955,0.6247131829378794,0.3993076298701298
-0.5853430580478571,-0.691387498718189,0.10604444067033192,0.345568697368421
-0.9832081045668688,-0.10793245797403556,-0.8752756465928333,0.5263955251396648
-0.2907921251024896,-0.2999772832579668,0.009185158155477213,0.3547797567567567
2.1651726457947125,1.826177956744574,0.3389946890501385,0.4135580243902439
0.3185407154020448,0.2998330695058332,0.0187076458962116,0.5642011216216216
-0.5178632113778987,-0.3452562611573477,-0.172606950220551,0.3691574802631578
-1.0962897206763986,-1.146462427203973,0.05017270652757433,0.38214178
2.1651726457947125,1.6087208348823376,0.5564518109123748,0.3972289517241379
2.1437493306735624,1.534701708838427,0.6090476218351355,0.4103113666666667
-0.9567741364506586,-0.42323838653360396,-0.5335357499170545,0.37639671875
-0.2817134458787925,-0.27789066921857375,-0.0038227766602187407,0.4135580243902439
-0.2907921251024896,0.356526578599692,-0.6473187037021816,0.4707778461538461
-0.1243801826664019,0.10706551281912119,-0.23144569548552307,0.3924679037433155
0.9846618801856878,-0.1812648414822815,1.1659267216679692,0.3336369019607843
2.1651726457947125,1.2262480422105462,0.9389246035841663,0.3672524791666667
-1.105252116285885,-1.1245569047327535,0.01930478844686845,0.3972289517241379
-0.963209036683526,-0.12512753841796914,-0.8380814982655569,0.4581912866666666
-0.2907921251024896,-0.40984441950761014,0.11905229440512055,0.3330391923076923
2.1651726457947125,1.5568621542677348,0.6083104915269777,0.4581912866666666
-0.907252972326082,-0.5123794895132994,-0.3948734828127827,0.3999173558282208
0.0522712510927194,-0.009366244103343906,0.061637495196063305,0.2308548911564625
-0.7939118614939707,-0.5972909159675541,-0.19662094552641662,0.4142846265822784
-0.26373340649303,-0.18032993776846126,-0.08340346872456875,0.4236190132450331
0.8941632745570962,0.3286504759800435,0.5655127985770527,0.3978908843930636
-1.1434655112791896,-1.0068532822008307,-0.1366122290783589,0.3794539181286549
-0.2907921251024896,-0.6150569014814196,0.32426477637893,0.4108178661971831
0.6359108701260974,1.0942091124004332,-0.4582982422743358,0.2730334219653179
0.2879924539611702,0.47809860887705485,-0.19010615491588467,0.3978908843930636
-0.3169571335507756,-0.08139897715435193,-0.23555815639642366,0.345568697368421
-0.2907921251024896,-0.549743027806027,0.25895090270353743,0.3571249225352113
-1.0688998743750695,-0.9125128043445293,-0.1563870700305402,0.4103113666666667
0.4130737869642862,1.0087563776409072,-0.595682590676621,0.3913449937106918
1.5101227597711318,1.1654543112993274,0.34466844847180433,0.37639671875
-0.5336315068511001,-0.16247758978705085,-0.3711539170640492,0.3336369019607843
-1.0838433160848977,-1.1187460480635798,0.0349027319786821,0.4707778461538461
-0.6205804434156039,-0.30191333090673506,-0.31866711250886887,0.3062974840764331
-0.2333467388584399,-0.162772817767556,-0.0705739210908839,0.4056208709677419
-0.7896822051795982,-0.21116260507347173,-0.5785196001061265,0.3683428963414634
-1.1464009083222082,-1.183017102963247,0.036616194641038824,0.3818871419753086
-0.7848435005701127,-0.030182318019610202,-0.7546611825505024,0.3279570604026846
1.2820385428304129,0.37977264173173364,0.9022659010986792,0.4056208709677419
-1.0229768053994648,-0.8569552936098438,-0.166021511789621,0.4577306518518518
-0.3973534901580605,-0.3778144486411951,-0.019539041516865363,0.37639671875
2.1651726457947125,1.1276344750933904,1.037538170701322,0.5642011216216216
-1.2347458847471786,-1.0728952974678827,-0.1618505872792959,0.3972289517241379
1.6091271339499775,0.9933904187008844,0.6157367152490931,0.3330391923076923
-0.8901485637920994,-0.8453143301501165,-0.04483423364198291,0.3972289517241379
-0.6045203272482337,-0.2491186019826386,-0.3554017252655951,0.3581031125827814
-0.3567645060004126,-0.3989013900955761,0.04213688409516353,0.3978908843930636
-0.1259019803568467,-0.3543339265511459,0.22843194619429918,0.3801381595092024
0.1665187888111537,0.3860120793093498,-0.21949329049819608,0.5263955251396648
2.1651726457947125,1.1062143979395491,1.0589582478551633,0.4770338545454546
-1.0769787656103729,-0.04958962656192677,-1.0273891390484462,0.3818871419753086
-0.7346156166969509,-0.09111999728226713,-0.6434956194146837,0.3859531132075471
2.1651726457947125,2.262278959420245,-0.09710631362553235,0.4135580243902439
2.1651726457947125,1.8092442859713591,0.35592835982335336,0.4135580243902439
2.1651726457947125,2.316894516350475,-0.15172187055576236,0.3336369019607843
-0.2907921251024896,-1.0024045614605872,0.7116124363580976,0.4142846265822784
